step,place,pop,mass,hard,muscle,sensor,digestive,bite,shell,biters,cover,plant_intake,meat_intake,lineages,movers,foot,shell_front,shell_back,dead,carrion,soil,barren,regrowth,cells
10000,0,549,8.23,0.00,0.09,0.04,8.11,0.00,1.00,0.000,0.052,349284.5,23470.7,1,0,3.45,1.00,1.00,3.6269,8.99,138114.5,7.2948,29.9364,5462
10000,1,3,8.00,0.00,0.00,0.00,8.00,0.00,1.00,0.000,0.000,115701.7,19893.7,1,0,3.00,1.00,1.00,3.1940,0.02,1.4,42.8511,7.1575,5461
10000,2,0,-0.00,-0.00,-0.00,-0.00,-0.00,-0.00,-0.00,-0.000,0.000,71235.3,17954.0,0,0,-0.00,-0.00,-0.00,2.9594,0.00,0.0,49.3319,2.8056,5461
20000,0,556,8.63,0.10,0.05,0.04,8.44,0.00,1.03,0.000,0.055,284501.9,5395.3,1,0,3.45,1.03,1.03,0.6216,7.87,138119.2,9.8239,27.6890,5462
20000,1,0,-0.00,-0.00,-0.00,-0.00,-0.00,-0.00,-0.00,-0.000,0.000,281.8,1.7,0,0,-0.00,-0.00,-0.00,0.0014,0.00,0.0,54.5611,0.0285,5461
20000,2,0,-0.00,-0.00,-0.00,-0.00,-0.00,-0.00,-0.00,-0.000,0.000,0.0,0.0,0,0,-0.00,-0.00,-0.00,0.0000,0.00,0.0,54.6100,0.0000,5461
30000,0,538,8.11,0.00,0.01,0.01,8.10,0.00,1.00,0.000,0.050,282912.1,5303.8,1,0,3.46,1.00,1.00,0.6094,4.44,138166.1,10.0358,27.5436,5462
30000,1,0,-0.00,-0.00,-0.00,-0.00,-0.00,-0.00,-0.00,-0.000,0.000,17.3,0.8,0,0,-0.00,-0.00,-0.00,0.0006,0.10,0.0,54.6062,0.0018,5461
30000,2,0,-0.00,-0.00,-0.00,-0.00,-0.00,-0.00,-0.00,-0.000,0.000,0.0,0.0,0,0,-0.00,-0.00,-0.00,0.0000,0.00,0.0,54.6100,0.0000,5461
40000,0,549,8.60,0.04,0.00,0.05,8.52,0.00,1.01,0.000,0.054,283294.9,5372.8,1,0,3.44,1.01,1.00,0.6201,7.24,138162.7,10.0003,27.5837,5462
40000,1,0,-0.00,-0.00,-0.00,-0.00,-0.00,-0.00,-0.00,-0.000,0.000,9.9,0.4,0,0,-0.00,-0.00,-0.00,0.0004,0.00,0.0,54.6080,0.0009,5461
40000,2,0,-0.00,-0.00,-0.00,-0.00,-0.00,-0.00,-0.00,-0.000,0.000,0.0,0.0,0,0,-0.00,-0.00,-0.00,0.0000,0.00,0.0,54.6100,0.0000,5461
50000,0,552,8.29,0.00,0.03,0.00,8.25,0.00,1.00,0.000,0.052,283151.5,5365.2,1,0,3.39,1.00,1.00,0.6190,7.48,138152.7,10.0127,27.5591,5462
50000,1,1,8.00,0.00,0.00,0.00,8.00,0.00,1.00,0.000,0.000,41.3,2.4,1,0,5.00,1.00,1.00,0.0006,0.00,0.2,54.6026,0.0038,5461
50000,2,0,-0.00,-0.00,-0.00,-0.00,-0.00,-0.00,-0.00,-0.000,0.000,0.0,0.0,0,0,-0.00,-0.00,-0.00,0.0000,0.00,0.0,54.6100,0.0000,5461
60000,0,538,8.09,0.00,0.00,0.00,8.09,0.00,1.00,0.000,0.050,283075.7,5389.2,1,0,3.44,1.00,1.00,0.6213,8.38,138189.7,10.0133,27.5642,5462
60000,1,0,-0.00,-0.00,-0.00,-0.00,-0.00,-0.00,-0.00,-0.000,0.000,15.0,1.2,0,0,-0.00,-0.00,-0.00,0.0006,0.00,0.0,54.6070,0.0014,5461
60000,2,0,-0.00,-0.00,-0.00,-0.00,-0.00,-0.00,-0.00,-0.000,0.000,0.0,0.0,0,0,-0.00,-0.00,-0.00,0.0000,0.00,0.0,54.6100,0.0000,5461
70000,0,547,8.21,0.02,0.07,0.00,8.12,0.00,1.01,0.000,0.051,282961.3,5341.6,1,0,3.44,1.00,1.01,0.6140,5.30,138224.4,10.0405,27.5397,5462
70000,1,0,-0.00,-0.00,-0.00,-0.00,-0.00,-0.00,-0.00,-0.000,0.000,7.6,0.4,0,0,-0.00,-0.00,-0.00,0.0004,0.04,0.0,54.6085,0.0007,5461
70000,2,0,-0.00,-0.00,-0.00,-0.00,-0.00,-0.00,-0.00,-0.000,0.000,0.0,0.0,0,0,-0.00,-0.00,-0.00,0.0000,0.00,0.0,54.6100,0.0000,5461
80000,0,533,8.46,0.03,0.05,0.00,8.38,0.00,1.00,0.000,0.052,283065.8,5379.4,1,0,3.45,1.01,1.00,0.6210,11.57,138166.5,10.0298,27.5619,5462
80000,1,0,-0.00,-0.00,-0.00,-0.00,-0.00,-0.00,-0.00,-0.000,0.000,8.5,0.6,0,0,-0.00,-0.00,-0.00,0.0005,0.00,0.0,54.6081,0.0011,5461
80000,2,0,-0.00,-0.00,-0.00,-0.00,-0.00,-0.00,-0.00,-0.000,0.000,0.0,0.0,0,0,-0.00,-0.00,-0.00,0.0000,0.00,0.0,54.6100,0.0000,5461
90000,0,536,8.39,0.01,0.07,0.21,8.10,0.00,1.00,0.000,0.051,283031.8,5320.8,1,0,3.53,1.00,1.00,0.6135,5.57,138191.6,10.0166,27.5570,5462
90000,1,0,-0.00,-0.00,-0.00,-0.00,-0.00,-0.00,-0.00,-0.000,0.000,20.2,0.4,0,0,-0.00,-0.00,-0.00,0.0002,0.01,0.0,54.6065,0.0018,5461
90000,2,0,-0.00,-0.00,-0.00,-0.00,-0.00,-0.00,-0.00,-0.000,0.000,12.7,0.0,0,0,-0.00,-0.00,-0.00,0.0000,0.00,0.0,54.6080,0.0013,5461
100000,0,551,8.34,0.03,0.04,0.09,8.19,0.00,1.01,0.000,0.053,282857.9,5406.2,1,0,3.43,1.01,1.00,0.6240,7.80,138178.7,10.0348,27.5383,5462
100000,1,0,-0.00,-0.00,-0.00,-0.00,-0.00,-0.00,-0.00,-0.000,0.000,8.5,0.7,0,0,-0.00,-0.00,-0.00,0.0005,0.13,0.0,54.6081,0.0011,5461
100000,2,0,-0.00,-0.00,-0.00,-0.00,-0.00,-0.00,-0.00,-0.000,0.000,0.0,0.0,0,0,-0.00,-0.00,-0.00,0.0000,0.00,0.0,54.6100,0.0000,5461
110000,0,545,8.24,0.00,0.01,0.19,8.04,0.00,1.00,0.000,0.051,283074.1,5353.7,1,0,3.47,1.00,1.00,0.6162,4.31,138208.7,10.0260,27.5535,5462
110000,1,0,-0.00,-0.00,-0.00,-0.00,-0.00,-0.00,-0.00,-0.000,0.000,22.7,0.9,0,0,-0.00,-0.00,-0.00,0.0003,0.00,0.0,54.6059,0.0021,5461
110000,2,0,-0.00,-0.00,-0.00,-0.00,-0.00,-0.00,-0.00,-0.000,0.000,0.0,0.0,0,0,-0.00,-0.00,-0.00,0.0000,0.00,0.0,54.6100,0.0000,5461
120000,0,534,8.35,0.00,0.00,0.20,8.15,0.00,1.00,0.000,0.051,282821.5,5277.6,1,0,3.48,1.00,1.00,0.6089,9.95,138228.9,10.0307,27.5404,5462
120000,1,0,-0.00,-0.00,-0.00,-0.00,-0.00,-0.00,-0.00,-0.000,0.000,14.6,1.7,0,0,-0.00,-0.00,-0.00,0.0007,0.00,0.0,54.6070,0.0015,5461
120000,2,0,-0.00,-0.00,-0.00,-0.00,-0.00,-0.00,-0.00,-0.000,0.000,0.0,0.0,0,0,-0.00,-0.00,-0.00,0.0000,0.00,0.0,54.6100,0.0000,5461
130000,0,554,8.07,0.00,0.00,0.00,8.07,0.00,1.00,0.000,0.051,283287.7,5272.3,1,0,3.43,1.00,1.00,0.6067,9.23,138218.3,10.0279,27.5716,5462
130000,1,0,-0.00,-0.00,-0.00,-0.00,-0.00,-0.00,-0.00,-0.000,0.000,14.7,1.9,0,0,-0.00,-0.00,-0.00,0.0005,0.00,0.0,54.6074,0.0011,5461
130000,2,0,-0.00,-0.00,-0.00,-0.00,-0.00,-0.00,-0.00,-0.000,0.000,0.0,0.0,0,0,-0.00,-0.00,-0.00,0.0000,0.00,0.0,54.6100,0.0000,5461
140000,0,531,8.36,0.05,0.01,0.17,8.13,0.00,1.02,0.000,0.051,283045.8,5275.6,1,0,3.50,1.02,1.01,0.6085,9.06,138271.0,10.0217,27.5589,5462
140000,1,0,-0.00,-0.00,-0.00,-0.00,-0.00,-0.00,-0.00,-0.000,0.000,4.4,0.1,0,0,-0.00,-0.00,-0.00,0.0002,0.02,0.0,54.6087,0.0006,5461
140000,2,0,-0.00,-0.00,-0.00,-0.00,-0.00,-0.00,-0.00,-0.000,0.000,0.0,0.0,0,0,-0.00,-0.00,-0.00,0.0000,0.00,0.0,54.6100,0.0000,5461
150000,0,547,8.33,0.01,0.07,0.03,8.22,0.00,1.00,0.000,0.052,282494.9,5201.8,1,0,3.51,1.00,1.00,0.5999,8.90,138245.6,10.0359,27.5174,5462
150000,1,0,-0.00,-0.00,-0.00,-0.00,-0.00,-0.00,-0.00,-0.000,0.000,8.4,0.8,0,0,-0.00,-0.00,-0.00,0.0004,0.01,0.0,54.6078,0.0012,5461
150000,2,0,-0.00,-0.00,-0.00,-0.00,-0.00,-0.00,-0.00,-0.000,0.000,0.0,0.0,0,0,-0.00,-0.00,-0.00,0.0000,0.00,0.0,54.6100,0.0000,5461
160000,0,538,8.22,0.00,0.00,0.00,8.22,0.00,1.00,0.000,0.051,283206.3,5459.3,1,0,3.47,1.00,1.00,0.6313,7.33,138287.7,10.0081,27.5766,5462
160000,1,0,-0.00,-0.00,-0.00,-0.00,-0.00,-0.00,-0.00,-0.000,0.000,34.2,0.3,0,0,-0.00,-0.00,-0.00,0.0005,0.00,0.0,54.6036,0.0035,5461
160000,2,0,-0.00,-0.00,-0.00,-0.00,-0.00,-0.00,-0.00,-0.000,0.000,0.0,0.0,0,0,-0.00,-0.00,-0.00,0.0000,0.00,0.0,54.6100,0.0000,5461
170000,0,548,8.45,0.07,0.00,0.17,8.21,0.00,1.02,0.000,0.053,282790.9,5306.1,1,0,3.44,1.02,1.00,0.6109,6.88,138259.1,10.0223,27.5325,5462
170000,1,0,-0.00,-0.00,-0.00,-0.00,-0.00,-0.00,-0.00,-0.000,0.000,4.5,0.8,0,0,-0.00,-0.00,-0.00,0.0004,0.03,0.0,54.6087,0.0006,5461
170000,2,0,-0.00,-0.00,-0.00,-0.00,-0.00,-0.00,-0.00,-0.000,0.000,0.0,0.0,0,0,-0.00,-0.00,-0.00,0.0000,0.00,0.0,54.6100,0.0000,5461
180000,0,543,8.14,0.02,0.00,0.00,8.11,0.00,1.00,0.000,0.051,283025.5,5323.9,1,0,3.40,1.01,1.00,0.6135,9.46,138269.4,10.0055,27.5578,5462
180000,1,0,-0.00,-0.00,-0.00,-0.00,-0.00,-0.00,-0.00,-0.000,0.000,11.1,0.4,0,0,-0.00,-0.00,-0.00,0.0004,0.01,0.0,54.6079,0.0010,5461
180000,2,0,-0.00,-0.00,-0.00,-0.00,-0.00,-0.00,-0.00,-0.000,0.000,0.0,0.0,0,0,-0.00,-0.00,-0.00,0.0000,0.00,0.0,54.6100,0.0000,5461
190000,0,542,8.11,0.06,0.00,0.02,8.03,0.00,1.02,0.000,0.050,283262.6,5357.5,1,0,3.44,1.02,1.02,0.6182,11.18,138277.9,10.0101,27.5771,5462
190000,1,0,-0.00,-0.00,-0.00,-0.00,-0.00,-0.00,-0.00,-0.000,0.000,16.0,0.2,0,0,-0.00,-0.00,-0.00,0.0003,0.00,0.0,54.6072,0.0015,5461
190000,2,0,-0.00,-0.00,-0.00,-0.00,-0.00,-0.00,-0.00,-0.000,0.000,0.2,0.0,0,0,-0.00,-0.00,-0.00,0.0000,0.00,0.0,54.6099,0.0001,5461
200000,0,544,8.23,0.01,0.04,0.08,8.10,0.00,1.00,0.000,0.051,283127.0,5291.2,1,0,3.41,1.00,1.00,0.6097,5.35,138230.2,10.0087,27.5698,5462
200000,1,0,-0.00,-0.00,-0.00,-0.00,-0.00,-0.00,-0.00,-0.000,0.000,13.5,0.4,0,0,-0.00,-0.00,-0.00,0.0004,0.00,0.0,54.6075,0.0012,5461
200000,2,0,-0.00,-0.00,-0.00,-0.00,-0.00,-0.00,-0.00,-0.000,0.000,0.0,0.0,0,0,-0.00,-0.00,-0.00,0.0000,0.00,0.0,54.6100,0.0000,5461
210000,0,536,8.27,0.05,0.00,0.02,8.20,0.00,1.01,0.000,0.051,283171.1,5428.8,1,0,3.51,1.02,1.02,0.6259,9.56,138258.8,10.0135,27.5729,5462
210000,1,0,-0.00,-0.00,-0.00,-0.00,-0.00,-0.00,-0.00,-0.000,0.000,4.6,0.1,0,0,-0.00,-0.00,-0.00,0.0003,0.00,0.0,54.6088,0.0006,5461
210000,2,0,-0.00,-0.00,-0.00,-0.00,-0.00,-0.00,-0.00,-0.000,0.000,0.0,0.0,0,0,-0.00,-0.00,-0.00,0.0000,0.00,0.0,54.6100,0.0000,5461
220000,0,548,8.09,0.00,0.02,0.00,8.07,0.00,1.00,0.000,0.051,283242.9,5456.5,1,0,3.43,1.00,1.00,0.6295,6.51,138274.4,10.0122,27.5779,5462
220000,1,0,-0.00,-0.00,-0.00,-0.00,-0.00,-0.00,-0.00,-0.000,0.000,16.8,1.1,0,0,-0.00,-0.00,-0.00,0.0004,0.01,0.0,54.6067,0.0016,5461
220000,2,0,-0.00,-0.00,-0.00,-0.00,-0.00,-0.00,-0.00,-0.000,0.000,0.0,0.0,0,0,-0.00,-0.00,-0.00,0.0000,0.00,0.0,54.6100,0.0000,5461
230000,0,543,8.17,0.00,0.00,0.00,8.17,0.00,1.00,0.000,0.051,283149.3,5415.6,1,0,3.43,1.00,1.00,0.6259,10.39,138252.8,10.0148,27.5688,5462
230000,1,0,-0.00,-0.00,-0.00,-0.00,-0.00,-0.00,-0.00,-0.000,0.000,2.4,1.3,0,0,-0.00,-0.00,-0.00,0.0005,0.00,0.0,54.6089,0.0006,5461
230000,2,0,-0.00,-0.00,-0.00,-0.00,-0.00,-0.00,-0.00,-0.000,0.000,0.0,0.0,0,0,-0.00,-0.00,-0.00,0.0000,0.00,0.0,54.6100,0.0000,5461
240000,0,547,8.36,0.14,0.00,0.11,8.11,0.00,1.04,0.000,0.052,283264.0,5474.3,1,0,3.46,1.04,1.03,0.6311,7.38,138322.6,9.9952,27.5884,5462
240000,1,0,-0.00,-0.00,-0.00,-0.00,-0.00,-0.00,-0.00,-0.000,0.000,19.6,1.0,0,0,-0.00,-0.00,-0.00,0.0005,0.10,0.0,54.6062,0.0019,5461
240000,2,0,-0.00,-0.00,-0.00,-0.00,-0.00,-0.00,-0.00,-0.000,0.000,0.0,0.0,0,0,-0.00,-0.00,-0.00,0.0000,0.00,0.0,54.6100,0.0000,5461
250000,0,541,8.26,0.09,0.04,0.00,8.13,0.00,1.02,0.000,0.051,283177.9,5338.0,1,0,3.48,1.03,1.02,0.6159,6.88,138275.1,9.9974,27.5671,5462
250000,1,0,-0.00,-0.00,-0.00,-0.00,-0.00,-0.00,-0.00,-0.000,0.000,5.6,0.4,0,0,-0.00,-0.00,-0.00,0.0004,0.00,0.0,54.6088,0.0006,5461
250000,2,0,-0.00,-0.00,-0.00,-0.00,-0.00,-0.00,-0.00,-0.000,0.000,0.0,0.0,0,0,-0.00,-0.00,-0.00,0.0000,0.00,0.0,54.6100,0.0000,5461
260000,0,531,8.25,0.12,0.00,0.08,8.05,0.00,1.04,0.000,0.050,282883.1,5398.4,1,0,3.48,1.04,1.04,0.6221,8.72,138286.4,10.0134,27.5549,5462
260000,1,0,-0.00,-0.00,-0.00,-0.00,-0.00,-0.00,-0.00,-0.000,0.000,6.3,0.6,0,0,-0.00,-0.00,-0.00,0.0003,0.00,0.0,54.6084,0.0007,5461
260000,2,0,-0.00,-0.00,-0.00,-0.00,-0.00,-0.00,-0.00,-0.000,0.000,0.0,0.0,0,0,-0.00,-0.00,-0.00,0.0000,0.00,0.0,54.6100,0.0000,5461
270000,0,540,8.17,0.05,0.00,0.00,8.12,0.00,1.01,0.000,0.050,283340.7,5390.3,1,0,3.44,1.02,1.01,0.6214,11.07,138295.6,10.0038,27.6010,5462
270000,1,0,-0.00,-0.00,-0.00,-0.00,-0.00,-0.00,-0.00,-0.000,0.000,17.4,1.2,0,0,-0.00,-0.00,-0.00,0.0004,0.03,0.0,54.6068,0.0016,5461
270000,2,0,-0.00,-0.00,-0.00,-0.00,-0.00,-0.00,-0.00,-0.000,0.000,0.0,0.0,0,0,-0.00,-0.00,-0.00,0.0000,0.00,0.0,54.6100,0.0000,5461
280000,0,553,8.45,0.13,0.02,0.10,8.20,0.00,1.03,0.000,0.053,283030.7,5290.7,1,0,3.43,1.01,1.04,0.6087,9.45,138313.6,10.0005,27.5567,5462
280000,1,0,-0.00,-0.00,-0.00,-0.00,-0.00,-0.00,-0.00,-0.000,0.000,3.4,0.2,0,0,-0.00,-0.00,-0.00,0.0002,0.00,0.0,54.6092,0.0004,5461
280000,2,0,-0.00,-0.00,-0.00,-0.00,-0.00,-0.00,-0.00,-0.000,0.000,0.0,0.0,0,0,-0.00,-0.00,-0.00,0.0000,0.00,0.0,54.6100,0.0000,5461
290000,0,545,8.37,0.00,0.05,0.03,8.28,0.00,1.00,0.000,0.052,283241.5,5470.5,1,0,3.48,1.00,1.00,0.6317,4.73,138330.1,9.9991,27.5732,5462
290000,1,0,-0.00,-0.00,-0.00,-0.00,-0.00,-0.00,-0.00,-0.000,0.000,3.1,0.1,0,0,-0.00,-0.00,-0.00,0.0003,0.00,0.0,54.6092,0.0004,5461
290000,2,0,-0.00,-0.00,-0.00,-0.00,-0.00,-0.00,-0.00,-0.000,0.000,0.0,0.0,0,0,-0.00,-0.00,-0.00,0.0000,0.00,0.0,54.6100,0.0000,5461
300000,0,553,8.10,0.08,0.00,0.06,7.97,0.00,1.03,0.000,0.051,283160.8,5334.9,1,0,3.46,1.03,1.02,0.6159,9.26,138326.1,9.9867,27.5672,5462
300000,1,0,-0.00,-0.00,-0.00,-0.00,-0.00,-0.00,-0.00,-0.000,0.000,9.1,1.1,0,0,-0.00,-0.00,-0.00,0.0004,0.00,0.0,54.6083,0.0008,5461
300000,2,0,-0.00,-0.00,-0.00,-0.00,-0.00,-0.00,-0.00,-0.000,0.000,0.0,0.0,0,0,-0.00,-0.00,-0.00,0.0000,0.00,0.0,54.6100,0.0000,5461
310000,0,552,8.23,0.00,0.00,0.01,8.22,0.00,1.00,0.000,0.052,282805.1,5265.8,1,0,3.44,1.00,1.00,0.6052,5.33,138280.0,10.0170,27.5410,5462
310000,1,1,8.00,0.00,0.00,0.00,8.00,0.00,1.00,0.000,0.000,6.3,0.7,1,1,5.00,1.00,1.00,0.0005,0.00,0.5,54.6084,0.0008,5461
310000,2,0,-0.00,-0.00,-0.00,-0.00,-0.00,-0.00,-0.00,-0.000,0.000,0.0,0.0,0,0,-0.00,-0.00,-0.00,0.0000,0.00,0.0,54.6100,0.0000,5461
320000,0,539,8.48,0.00,0.07,0.12,8.29,0.00,1.00,0.000,0.052,283069.5,5189.7,1,0,3.47,1.00,1.00,0.5976,7.42,138347.1,9.9968,27.5545,5462
320000,1,0,-0.00,-0.00,-0.00,-0.00,-0.00,-0.00,-0.00,-0.000,0.000,18.3,0.6,0,0,-0.00,-0.00,-0.00,0.0004,0.00,0.0,54.6067,0.0017,5461
320000,2,0,-0.00,-0.00,-0.00,-0.00,-0.00,-0.00,-0.00,-0.000,0.000,0.0,0.0,0,0,-0.00,-0.00,-0.00,0.0000,0.00,0.0,54.6100,0.0000,5461
330000,0,558,8.29,0.09,0.04,0.00,8.16,0.00,1.02,0.000,0.053,282996.5,5223.2,1,0,3.44,1.03,1.02,0.6004,6.69,138341.8,10.0158,27.5507,5462
330000,1,0,-0.00,-0.00,-0.00,-0.00,-0.00,-0.00,-0.00,-0.000,0.000,6.9,0.9,0,0,-0.00,-0.00,-0.00,0.0002,0.00,0.0,54.6086,0.0006,5461
330000,2,0,-0.00,-0.00,-0.00,-0.00,-0.00,-0.00,-0.00,-0.000,0.000,0.0,0.0,0,0,-0.00,-0.00,-0.00,0.0000,0.00,0.0,54.6100,0.0000,5461
340000,0,547,8.27,0.04,0.00,0.16,8.07,0.00,1.01,0.000,0.052,284789.8,5360.7,1,0,3.45,1.01,1.00,0.6185,8.08,138355.8,9.9552,27.6969,5462
340000,1,0,-0.00,-0.00,-0.00,-0.00,-0.00,-0.00,-0.00,-0.000,0.000,46.6,0.7,0,0,-0.00,-0.00,-0.00,0.0003,0.05,0.0,54.6028,0.0040,5461
340000,2,0,-0.00,-0.00,-0.00,-0.00,-0.00,-0.00,-0.00,-0.000,0.000,0.0,0.0,0,0,-0.00,-0.00,-0.00,0.0000,0.00,0.0,54.6100,0.0000,5461
350000,0,541,8.20,0.07,0.00,0.05,8.08,0.00,1.03,0.000,0.051,285715.4,5441.0,1,0,3.43,1.03,1.03,0.6264,7.99,138375.0,9.9330,27.8007,5462
350000,1,0,-0.00,-0.00,-0.00,-0.00,-0.00,-0.00,-0.00,-0.000,0.000,32.2,1.1,0,0,-0.00,-0.00,-0.00,0.0004,0.00,0.0,54.6045,0.0031,5461
350000,2,0,-0.00,-0.00,-0.00,-0.00,-0.00,-0.00,-0.00,-0.000,0.000,0.0,0.0,0,0,-0.00,-0.00,-0.00,0.0000,0.00,0.0,54.6100,0.0000,5461
360000,0,545,8.61,0.08,0.00,0.05,8.48,0.00,1.02,0.000,0.054,285557.7,5310.5,1,0,3.52,1.03,1.01,0.6119,8.08,138405.1,9.9303,27.8002,5462
360000,1,0,-0.00,-0.00,-0.00,-0.00,-0.00,-0.00,-0.00,-0.000,0.000,59.2,1.7,0,0,-0.00,-0.00,-0.00,0.0007,0.00,0.0,54.6005,0.0053,5461
360000,2,0,-0.00,-0.00,-0.00,-0.00,-0.00,-0.00,-0.00,-0.000,0.000,0.0,0.0,0,0,-0.00,-0.00,-0.00,0.0000,0.00,0.0,54.6100,0.0000,5461
370000,0,540,8.28,0.00,0.00,0.12,8.16,0.00,1.00,0.000,0.051,285704.1,5262.1,1,0,3.42,1.00,1.00,0.6050,10.39,138367.6,9.9196,27.8175,5462
370000,1,1,8.00,0.00,0.00,0.00,8.00,0.00,1.00,0.000,0.000,49.9,1.7,1,0,3.00,1.00,1.00,0.0005,0.06,0.4,54.6022,0.0041,5461
370000,2,0,-0.00,-0.00,-0.00,-0.00,-0.00,-0.00,-0.00,-0.000,0.000,0.0,0.0,0,0,-0.00,-0.00,-0.00,0.0000,0.00,0.0,54.6100,0.0000,5461
380000,0,546,8.15,0.00,0.03,0.00,8.11,0.00,1.00,0.000,0.051,286673.2,5351.8,1,0,3.38,1.00,1.00,0.6161,9.49,138414.9,9.9032,27.8941,5462
380000,1,0,-0.00,-0.00,-0.00,-0.00,-0.00,-0.00,-0.00,-0.000,0.000,40.5,1.3,0,0,-0.00,-0.00,-0.00,0.0007,0.30,0.0,54.6026,0.0041,5461
380000,2,0,-0.00,-0.00,-0.00,-0.00,-0.00,-0.00,-0.00,-0.000,0.000,0.0,0.0,0,0,-0.00,-0.00,-0.00,0.0000,0.00,0.0,54.6100,0.0000,5461
390000,0,548,8.09,0.00,0.04,0.00,8.04,0.00,1.00,0.000,0.051,284556.9,5255.1,1,0,3.41,1.00,1.00,0.6041,9.59,138452.0,9.9488,27.7023,5462
390000,1,0,-0.00,-0.00,-0.00,-0.00,-0.00,-0.00,-0.00,-0.000,0.000,11.1,0.5,0,0,-0.00,-0.00,-0.00,0.0005,0.00,0.0,54.6076,0.0012,5461
390000,2,0,-0.00,-0.00,-0.00,-0.00,-0.00,-0.00,-0.00,-0.000,0.000,0.0,0.0,0,0,-0.00,-0.00,-0.00,0.0000,0.00,0.0,54.6100,0.0000,5461
400000,0,547,8.37,0.02,0.00,0.20,8.15,0.00,1.01,0.000,0.052,285026.9,5294.4,1,0,3.48,1.01,1.01,0.6090,6.38,138456.0,9.9498,27.7409,5462
400000,1,0,-0.00,-0.00,-0.00,-0.00,-0.00,-0.00,-0.00,-0.000,0.000,7.6,0.4,0,0,-0.00,-0.00,-0.00,0.0004,0.01,0.0,54.6084,0.0007,5461
400000,2,0,-0.00,-0.00,-0.00,-0.00,-0.00,-0.00,-0.00,-0.000,0.000,0.0,0.0,0,0,-0.00,-0.00,-0.00,0.0000,0.00,0.0,54.6100,0.0000,5461
410000,0,554,8.05,0.00,0.00,0.06,7.99,0.00,1.00,0.000,0.051,285043.6,5252.5,1,0,3.45,1.00,1.00,0.6036,7.95,138400.5,9.9357,27.7431,5462
410000,1,0,-0.00,-0.00,-0.00,-0.00,-0.00,-0.00,-0.00,-0.000,0.000,45.8,1.7,0,0,-0.00,-0.00,-0.00,0.0008,0.00,0.0,54.6025,0.0042,5461
410000,2,0,-0.00,-0.00,-0.00,-0.00,-0.00,-0.00,-0.00,-0.000,0.000,0.0,0.0,0,0,-0.00,-0.00,-0.00,0.0000,0.00,0.0,54.6100,0.0000,5461
420000,0,545,8.06,0.00,0.00,0.00,8.06,0.00,1.00,0.000,0.050,285550.7,5262.4,1,0,3.35,1.00,1.00,0.6047,7.64,138418.5,9.9471,27.7942,5462
420000,1,0,-0.00,-0.00,-0.00,-0.00,-0.00,-0.00,-0.00,-0.000,0.000,3.5,0.1,0,0,-0.00,-0.00,-0.00,0.0001,0.02,0.0,54.6091,0.0003,5461
420000,2,0,-0.00,-0.00,-0.00,-0.00,-0.00,-0.00,-0.00,-0.000,0.000,0.0,0.0,0,0,-0.00,-0.00,-0.00,0.0000,0.00,0.0,54.6100,0.0000,5461
430000,0,564,8.44,0.03,0.04,0.17,8.20,0.00,1.01,0.000,0.054,284914.8,5382.6,1,0,3.45,1.01,1.00,0.6203,7.07,138443.0,9.9211,27.7495,5462
430000,1,0,-0.00,-0.00,-0.00,-0.00,-0.00,-0.00,-0.00,-0.000,0.000,208.2,1.1,0,0,-0.00,-0.00,-0.00,0.0006,0.21,0.0,54.5750,0.0214,5461
430000,2,0,-0.00,-0.00,-0.00,-0.00,-0.00,-0.00,-0.00,-0.000,0.000,191.4,1.7,0,0,-0.00,-0.00,-0.00,0.0005,0.00,0.0,54.5813,0.0172,5461
440000,0,543,8.36,0.08,0.03,0.05,8.20,0.00,1.01,0.000,0.052,284265.6,5487.7,1,0,3.42,1.03,1.00,0.6332,6.15,138480.9,9.9432,27.6798,5462
440000,1,0,-0.00,-0.00,-0.00,-0.00,-0.00,-0.00,-0.00,-0.000,0.000,26.8,1.2,0,0,-0.00,-0.00,-0.00,0.0007,0.05,0.0,54.6048,0.0028,5461
440000,2,0,-0.00,-0.00,-0.00,-0.00,-0.00,-0.00,-0.00,-0.000,0.000,0.0,0.0,0,0,-0.00,-0.00,-0.00,0.0000,0.00,0.0,54.6100,0.0000,5461
450000,0,554,8.29,0.04,0.00,0.01,8.24,0.00,1.01,0.000,0.053,284250.9,5415.0,1,0,3.48,1.01,1.01,0.6245,9.01,138436.6,9.9341,27.6728,5462
450000,1,0,-0.00,-0.00,-0.00,-0.00,-0.00,-0.00,-0.00,-0.000,0.000,51.7,2.1,0,0,-0.00,-0.00,-0.00,0.0007,0.00,0.0,54.6012,0.0049,5461
450000,2,0,-0.00,-0.00,-0.00,-0.00,-0.00,-0.00,-0.00,-0.000,0.000,6.9,0.2,0,0,-0.00,-0.00,-0.00,0.0000,0.00,0.0,54.6093,0.0004,5461
460000,0,546,8.24,0.00,0.03,0.01,8.19,0.00,1.00,0.000,0.051,285362.1,5320.0,1,0,3.43,1.00,1.00,0.6124,8.59,138485.4,9.9193,27.7655,5462
460000,1,0,-0.00,-0.00,-0.00,-0.00,-0.00,-0.00,-0.00,-0.000,0.000,15.8,1.8,0,0,-0.00,-0.00,-0.00,0.0006,0.01,0.0,54.6068,0.0017,5461
460000,2,0,-0.00,-0.00,-0.00,-0.00,-0.00,-0.00,-0.00,-0.000,0.000,0.0,0.0,0,0,-0.00,-0.00,-0.00,0.0000,0.00,0.0,54.6100,0.0000,5461
470000,0,548,8.43,0.00,0.00,0.10,8.33,0.00,1.00,0.000,0.053,284450.1,5434.9,1,0,3.42,1.00,1.00,0.6271,10.27,138491.0,9.9466,27.6830,5462
470000,1,0,-0.00,-0.00,-0.00,-0.00,-0.00,-0.00,-0.00,-0.000,0.000,11.9,0.4,0,0,-0.00,-0.00,-0.00,0.0001,0.02,0.0,54.6079,0.0010,5461
470000,2,0,-0.00,-0.00,-0.00,-0.00,-0.00,-0.00,-0.00,-0.000,0.000,0.0,0.0,0,0,-0.00,-0.00,-0.00,0.0000,0.00,0.0,54.6100,0.0000,5461
480000,0,533,8.13,0.00,0.00,0.02,8.12,0.00,1.00,0.000,0.050,284633.0,5463.8,1,0,3.40,1.00,1.00,0.6293,8.04,138511.0,9.9235,27.7021,5462
480000,1,0,-0.00,-0.00,-0.00,-0.00,-0.00,-0.00,-0.00,-0.000,0.000,102.5,2.6,0,0,-0.00,-0.00,-0.00,0.0008,0.00,0.0,54.5945,0.0089,5461
480000,2,0,-0.00,-0.00,-0.00,-0.00,-0.00,-0.00,-0.00,-0.000,0.000,0.0,0.0,0,0,-0.00,-0.00,-0.00,0.0000,0.00,0.0,54.6100,0.0000,5461
490000,0,549,8.27,0.01,0.00,0.08,8.18,0.00,1.01,0.000,0.052,284274.9,5354.1,1,0,3.42,1.01,1.01,0.6179,8.44,138519.3,9.9359,27.6787,5462
490000,1,0,-0.00,-0.00,-0.00,-0.00,-0.00,-0.00,-0.00,-0.000,0.000,3.3,0.6,0,0,-0.00,-0.00,-0.00,0.0004,0.13,0.0,54.6088,0.0005,5461
490000,2,0,-0.00,-0.00,-0.00,-0.00,-0.00,-0.00,-0.00,-0.000,0.000,0.0,0.0,0,0,-0.00,-0.00,-0.00,0.0000,0.00,0.0,54.6100,0.0000,5461
500000,0,540,8.19,0.04,0.00,0.05,8.10,0.00,1.01,0.000,0.051,284494.3,5447.9,1,0,3.41,1.01,1.00,0.6288,9.13,138510.4,9.9134,27.7077,5462
500000,1,0,-0.00,-0.00,-0.00,-0.00,-0.00,-0.00,-0.00,-0.000,0.000,7.7,0.4,0,0,-0.00,-0.00,-0.00,0.0004,0.05,0.0,54.6082,0.0009,5461
500000,2,0,-0.00,-0.00,-0.00,-0.00,-0.00,-0.00,-0.00,-0.000,0.000,0.0,0.0,0,0,-0.00,-0.00,-0.00,0.0000,0.00,0.0,54.6100,0.0000,5461
510000,0,553,8.21,0.00,0.00,0.00,8.21,0.00,1.00,0.000,0.052,285348.1,5414.0,1,0,3.46,1.00,1.00,0.6223,4.72,138546.7,9.9094,27.7744,5462
510000,1,0,-0.00,-0.00,-0.00,-0.00,-0.00,-0.00,-0.00,-0.000,0.000,54.5,1.5,0,0,-0.00,-0.00,-0.00,0.0005,0.01,0.0,54.6008,0.0051,5461
510000,2,0,-0.00,-0.00,-0.00,-0.00,-0.00,-0.00,-0.00,-0.000,0.000,0.0,0.0,0,0,-0.00,-0.00,-0.00,0.0000,0.00,0.0,54.6100,0.0000,5461
520000,0,552,8.25,0.15,0.04,0.00,8.06,0.00,1.05,0.000,0.052,286081.2,5143.9,1,0,3.46,1.05,1.04,0.5899,4.92,138580.9,9.8785,27.8674,5462
520000,1,0,-0.00,-0.00,-0.00,-0.00,-0.00,-0.00,-0.00,-0.000,0.000,18.5,1.4,0,0,-0.00,-0.00,-0.00,0.0004,0.00,0.0,54.6065,0.0017,5461
520000,2,0,-0.00,-0.00,-0.00,-0.00,-0.00,-0.00,-0.00,-0.000,0.000,0.0,0.0,0,0,-0.00,-0.00,-0.00,0.0000,0.00,0.0,54.6100,0.0000,5461
530000,0,552,8.07,0.00,0.01,0.00,8.06,0.00,1.00,0.000,0.051,284276.5,5269.8,1,0,3.41,1.00,1.00,0.6084,6.70,138541.8,9.9310,27.6750,5462
530000,1,0,-0.00,-0.00,-0.00,-0.00,-0.00,-0.00,-0.00,-0.000,0.000,4.3,0.1,0,0,-0.00,-0.00,-0.00,0.0002,0.00,0.0,54.6088,0.0005,5461
530000,2,0,-0.00,-0.00,-0.00,-0.00,-0.00,-0.00,-0.00,-0.000,0.000,0.0,0.0,0,0,-0.00,-0.00,-0.00,0.0000,0.00,0.0,54.6100,0.0000,5461
540000,0,519,8.32,0.00,0.00,0.21,8.10,0.00,1.00,0.000,0.049,283413.2,5246.8,1,0,3.51,1.00,1.00,0.6038,8.21,138563.2,9.9550,27.5949,5462
540000,1,0,-0.00,-0.00,-0.00,-0.00,-0.00,-0.00,-0.00,-0.000,0.000,4.4,0.6,0,0,-0.00,-0.00,-0.00,0.0004,0.03,0.0,54.6087,0.0006,5461
540000,2,0,-0.00,-0.00,-0.00,-0.00,-0.00,-0.00,-0.00,-0.000,0.000,0.0,0.0,0,0,-0.00,-0.00,-0.00,0.0000,0.00,0.0,54.6100,0.0000,5461
550000,0,527,8.25,0.00,0.00,0.00,8.25,0.00,1.00,0.000,0.050,283291.1,5245.6,1,0,3.46,1.00,1.00,0.6044,12.25,138530.6,9.9523,27.5874,5462
550000,1,0,-0.00,-0.00,-0.00,-0.00,-0.00,-0.00,-0.00,-0.000,0.000,6.8,0.3,0,0,-0.00,-0.00,-0.00,0.0002,0.00,0.0,54.6085,0.0006,5461
550000,2,0,-0.00,-0.00,-0.00,-0.00,-0.00,-0.00,-0.00,-0.000,0.000,0.0,0.0,0,0,-0.00,-0.00,-0.00,0.0000,0.00,0.0,54.6100,0.0000,5461
560000,0,565,8.38,0.02,0.00,0.07,8.28,0.00,1.00,0.000,0.054,283464.4,5286.6,1,0,3.48,1.01,1.00,0.6081,8.60,138549.2,9.9395,27.5989,5462
560000,1,0,-0.00,-0.00,-0.00,-0.00,-0.00,-0.00,-0.00,-0.000,0.000,6.8,0.6,0,0,-0.00,-0.00,-0.00,0.0005,0.00,0.0,54.6081,0.0010,5461
560000,2,0,-0.00,-0.00,-0.00,-0.00,-0.00,-0.00,-0.00,-0.000,0.000,0.0,0.0,0,0,-0.00,-0.00,-0.00,0.0000,0.00,0.0,54.6100,0.0000,5461
570000,0,521,8.34,0.00,0.05,0.13,8.15,0.00,1.00,0.000,0.050,283538.8,5309.9,1,0,3.45,1.00,1.00,0.6119,9.55,138575.9,9.9377,27.6085,5462
570000,1,0,-0.00,-0.00,-0.00,-0.00,-0.00,-0.00,-0.00,-0.000,0.000,9.5,1.2,0,0,-0.00,-0.00,-0.00,0.0006,0.00,0.0,54.6075,0.0011,5461
570000,2,0,-0.00,-0.00,-0.00,-0.00,-0.00,-0.00,-0.00,-0.000,0.000,0.0,0.0,0,0,-0.00,-0.00,-0.00,0.0000,0.00,0.0,54.6100,0.0000,5461
580000,0,542,8.40,0.06,0.00,0.23,8.11,0.00,1.01,0.000,0.052,283635.8,5352.8,1,0,3.48,1.00,1.02,0.6161,6.24,138571.1,9.9484,27.6044,5462
580000,1,0,-0.00,-0.00,-0.00,-0.00,-0.00,-0.00,-0.00,-0.000,0.000,4.9,0.5,0,0,-0.00,-0.00,-0.00,0.0005,0.00,0.0,54.6086,0.0009,5461
580000,2,0,-0.00,-0.00,-0.00,-0.00,-0.00,-0.00,-0.00,-0.000,0.000,0.0,0.0,0,0,-0.00,-0.00,-0.00,0.0000,0.00,0.0,54.6100,0.0000,5461
590000,0,540,8.28,0.01,0.00,0.03,8.24,0.00,1.00,0.000,0.051,283274.9,5200.9,1,0,3.43,1.00,1.00,0.5990,6.76,138587.9,9.9474,27.5774,5462
590000,1,0,-0.00,-0.00,-0.00,-0.00,-0.00,-0.00,-0.00,-0.000,0.000,12.5,1.2,0,0,-0.00,-0.00,-0.00,0.0005,0.01,0.0,54.6076,0.0012,5461
590000,2,0,-0.00,-0.00,-0.00,-0.00,-0.00,-0.00,-0.00,-0.000,0.000,0.0,0.0,0,0,-0.00,-0.00,-0.00,0.0000,0.00,0.0,54.6100,0.0000,5461
600000,0,532,8.23,0.00,0.03,0.00,8.20,0.00,1.00,0.000,0.050,283463.7,5356.1,1,0,3.44,1.00,1.00,0.6174,6.87,138596.5,9.9421,27.6044,5462
600000,1,0,-0.00,-0.00,-0.00,-0.00,-0.00,-0.00,-0.00,-0.000,0.000,16.8,0.3,0,0,-0.00,-0.00,-0.00,0.0003,0.00,0.0,54.6067,0.0018,5461
600000,2,0,-0.00,-0.00,-0.00,-0.00,-0.00,-0.00,-0.00,-0.000,0.000,0.0,0.0,0,0,-0.00,-0.00,-0.00,0.0000,0.00,0.0,54.6100,0.0000,5461
610000,0,534,8.34,0.00,0.01,0.17,8.17,0.00,1.00,0.000,0.051,283599.8,5446.9,1,0,3.53,1.00,1.00,0.6293,10.31,138593.9,9.9452,27.6075,5462
610000,1,0,-0.00,-0.00,-0.00,-0.00,-0.00,-0.00,-0.00,-0.000,0.000,7.7,1.2,0,0,-0.00,-0.00,-0.00,0.0005,0.00,0.0,54.6082,0.0009,5461
610000,2,0,-0.00,-0.00,-0.00,-0.00,-0.00,-0.00,-0.00,-0.000,0.000,0.0,0.0,0,0,-0.00,-0.00,-0.00,0.0000,0.00,0.0,54.6100,0.0000,5461
620000,0,542,8.27,0.00,0.10,0.07,8.11,0.00,1.00,0.000,0.051,283531.6,5407.6,1,0,3.51,1.00,1.00,0.6233,7.90,138580.7,9.9290,27.6141,5462
620000,1,0,-0.00,-0.00,-0.00,-0.00,-0.00,-0.00,-0.00,-0.000,0.000,7.5,0.7,0,0,-0.00,-0.00,-0.00,0.0005,0.00,0.0,54.6084,0.0009,5461
620000,2,0,-0.00,-0.00,-0.00,-0.00,-0.00,-0.00,-0.00,-0.000,0.000,0.0,0.0,0,0,-0.00,-0.00,-0.00,0.0000,0.00,0.0,54.6100,0.0000,5461
630000,0,534,8.39,0.09,0.00,0.12,8.18,0.00,1.02,0.000,0.051,283692.5,5412.8,1,0,3.44,1.03,1.02,0.6243,7.56,138569.9,9.9240,27.6165,5462
630000,1,0,-0.00,-0.00,-0.00,-0.00,-0.00,-0.00,-0.00,-0.000,0.000,17.5,1.1,0,0,-0.00,-0.00,-0.00,0.0005,0.01,0.0,54.6070,0.0015,5461
630000,2,0,-0.00,-0.00,-0.00,-0.00,-0.00,-0.00,-0.00,-0.000,0.000,0.0,0.0,0,0,-0.00,-0.00,-0.00,0.0000,0.00,0.0,54.6100,0.0000,5461
640000,0,545,8.10,0.00,0.01,0.00,8.09,0.00,1.00,0.000,0.051,283480.6,5368.2,1,0,3.44,1.00,1.00,0.6182,10.36,138594.7,9.9503,27.6047,5462
640000,1,0,-0.00,-0.00,-0.00,-0.00,-0.00,-0.00,-0.00,-0.000,0.000,6.3,1.3,0,0,-0.00,-0.00,-0.00,0.0006,0.00,0.0,54.6081,0.0010,5461
640000,2,0,-0.00,-0.00,-0.00,-0.00,-0.00,-0.00,-0.00,-0.000,0.000,0.0,0.0,0,0,-0.00,-0.00,-0.00,0.0000,0.00,0.0,54.6100,0.0000,5461
650000,0,562,8.18,0.00,0.00,0.06,8.12,0.00,1.00,0.000,0.053,283569.0,5378.6,1,0,3.50,1.00,1.00,0.6193,5.62,138622.5,9.9433,27.5921,5462
650000,1,0,-0.00,-0.00,-0.00,-0.00,-0.00,-0.00,-0.00,-0.000,0.000,2.8,0.2,0,0,-0.00,-0.00,-0.00,0.0002,0.00,0.0,54.6092,0.0004,5461
650000,2,0,-0.00,-0.00,-0.00,-0.00,-0.00,-0.00,-0.00,-0.000,0.000,0.0,0.0,0,0,-0.00,-0.00,-0.00,0.0000,0.00,0.0,54.6100,0.0000,5461
660000,0,547,8.36,0.15,0.05,0.05,8.12,0.00,1.04,0.000,0.052,283526.2,5390.4,1,0,3.44,1.05,1.04,0.6203,8.51,138587.8,9.9396,27.6069,5462
660000,1,0,-0.00,-0.00,-0.00,-0.00,-0.00,-0.00,-0.00,-0.000,0.000,4.2,0.6,0,0,-0.00,-0.00,-0.00,0.0004,0.00,0.0,54.6087,0.0007,5461
660000,2,0,-0.00,-0.00,-0.00,-0.00,-0.00,-0.00,-0.00,-0.000,0.000,0.0,0.0,0,0,-0.00,-0.00,-0.00,0.0000,0.00,0.0,54.6100,0.0000,5461
670000,0,539,8.32,0.00,0.02,0.14,8.17,0.00,1.00,0.000,0.051,283748.4,5420.8,1,0,3.47,1.00,1.00,0.6261,11.09,138584.7,9.9260,27.6266,5462
670000,1,0,-0.00,-0.00,-0.00,-0.00,-0.00,-0.00,-0.00,-0.000,0.000,6.1,0.3,0,0,-0.00,-0.00,-0.00,0.0002,0.01,0.0,54.6085,0.0006,5461
670000,2,0,-0.00,-0.00,-0.00,-0.00,-0.00,-0.00,-0.00,-0.000,0.000,0.0,0.0,0,0,-0.00,-0.00,-0.00,0.0000,0.00,0.0,54.6100,0.0000,5461
680000,0,543,8.10,0.05,0.03,0.00,8.02,0.00,1.01,0.000,0.050,283403.8,5296.3,1,0,3.44,1.02,1.01,0.6099,8.57,138592.0,9.9326,27.6001,5462
680000,1,0,-0.00,-0.00,-0.00,-0.00,-0.00,-0.00,-0.00,-0.000,0.000,9.5,0.4,0,0,-0.00,-0.00,-0.00,0.0003,0.06,0.0,54.6082,0.0008,5461
680000,2,0,-0.00,-0.00,-0.00,-0.00,-0.00,-0.00,-0.00,-0.000,0.000,0.0,0.0,0,0,-0.00,-0.00,-0.00,0.0000,0.00,0.0,54.6100,0.0000,5461
690000,0,542,8.35,0.00,0.00,0.00,8.35,0.00,1.00,0.000,0.052,283848.5,5423.0,1,0,3.45,1.00,1.00,0.6246,8.65,138643.3,9.9150,27.6311,5462
690000,1,0,-0.00,-0.00,-0.00,-0.00,-0.00,-0.00,-0.00,-0.000,0.000,19.7,1.6,0,0,-0.00,-0.00,-0.00,0.0007,0.02,0.0,54.6060,0.0019,5461
690000,2,0,-0.00,-0.00,-0.00,-0.00,-0.00,-0.00,-0.00,-0.000,0.000,0.0,0.0,0,0,-0.00,-0.00,-0.00,0.0000,0.00,0.0,54.6100,0.0000,5461
700000,0,543,8.17,0.00,0.00,0.04,8.13,0.00,1.00,0.000,0.051,283404.6,5348.5,1,0,3.42,1.00,1.00,0.6169,6.83,138636.7,9.9376,27.5919,5462
700000,1,0,-0.00,-0.00,-0.00,-0.00,-0.00,-0.00,-0.00,-0.000,0.000,2.9,0.0,0,0,-0.00,-0.00,-0.00,0.0003,0.00,0.0,54.6091,0.0005,5461
700000,2,0,-0.00,-0.00,-0.00,-0.00,-0.00,-0.00,-0.00,-0.000,0.000,0.0,0.0,0,0,-0.00,-0.00,-0.00,0.0000,0.00,0.0,54.6100,0.0000,5461
710000,0,531,8.13,0.12,0.00,0.00,8.01,0.00,1.04,0.000,0.049,283282.8,5296.5,1,0,3.39,1.04,1.04,0.6103,6.33,138627.3,9.9502,27.5868,5462
710000,1,0,-0.00,-0.00,-0.00,-0.00,-0.00,-0.00,-0.00,-0.000,0.000,3.5,1.1,0,0,-0.00,-0.00,-0.00,0.0005,0.00,0.0,54.6088,0.0006,5461
710000,2,0,-0.00,-0.00,-0.00,-0.00,-0.00,-0.00,-0.00,-0.000,0.000,0.0,0.0,0,0,-0.00,-0.00,-0.00,0.0000,0.00,0.0,54.6100,0.0000,5461
720000,0,545,8.36,0.00,0.00,0.12,8.24,0.00,1.00,0.000,0.052,283838.0,5389.0,1,0,3.54,1.00,1.00,0.6220,5.80,138660.7,9.9178,27.6295,5462
720000,1,0,-0.00,-0.00,-0.00,-0.00,-0.00,-0.00,-0.00,-0.000,0.000,5.1,0.4,0,0,-0.00,-0.00,-0.00,0.0001,0.00,0.0,54.6089,0.0004,5461
720000,2,0,-0.00,-0.00,-0.00,-0.00,-0.00,-0.00,-0.00,-0.000,0.000,0.0,0.0,0,0,-0.00,-0.00,-0.00,0.0000,0.00,0.0,54.6100,0.0000,5461
730000,0,533,8.26,0.09,0.00,0.04,8.12,0.00,1.02,0.000,0.050,283511.2,5304.2,1,0,3.37,1.03,1.02,0.6122,7.96,138615.5,9.9290,27.5986,5462
730000,1,0,-0.00,-0.00,-0.00,-0.00,-0.00,-0.00,-0.00,-0.000,0.000,16.2,1.2,0,0,-0.00,-0.00,-0.00,0.0006,0.11,0.0,54.6063,0.0020,5461
730000,2,0,-0.00,-0.00,-0.00,-0.00,-0.00,-0.00,-0.00,-0.000,0.000,0.0,0.0,0,0,-0.00,-0.00,-0.00,0.0000,0.00,0.0,54.6100,0.0000,5461
740000,0,543,8.51,0.00,0.01,0.09,8.41,0.00,1.00,0.000,0.053,283750.0,5378.0,1,0,3.54,1.00,1.00,0.6200,8.23,138650.1,9.9278,27.6278,5462
740000,1,0,-0.00,-0.00,-0.00,-0.00,-0.00,-0.00,-0.00,-0.000,0.000,16.8,0.9,0,0,-0.00,-0.00,-0.00,0.0005,0.00,0.0,54.6065,0.0017,5461
740000,2,0,-0.00,-0.00,-0.00,-0.00,-0.00,-0.00,-0.00,-0.000,0.000,0.0,0.0,0,0,-0.00,-0.00,-0.00,0.0000,0.00,0.0,54.6100,0.0000,5461
750000,0,536,8.50,0.02,0.01,0.23,8.24,0.00,1.00,0.000,0.052,283694.7,5309.0,1,0,3.46,1.01,1.00,0.6110,8.97,138690.5,9.9182,27.6250,5462
750000,1,0,-0.00,-0.00,-0.00,-0.00,-0.00,-0.00,-0.00,-0.000,0.000,11.0,0.6,0,0,-0.00,-0.00,-0.00,0.0003,0.00,0.0,54.6080,0.0011,5461
750000,2,0,-0.00,-0.00,-0.00,-0.00,-0.00,-0.00,-0.00,-0.000,0.000,0.0,0.0,0,0,-0.00,-0.00,-0.00,0.0000,0.00,0.0,54.6100,0.0000,5461
760000,0,541,8.11,0.00,0.00,0.00,8.11,0.00,1.00,0.000,0.050,283626.9,5448.2,1,0,3.36,1.00,1.00,0.6296,6.43,138696.9,9.9211,27.6263,5462
760000,1,0,-0.00,-0.00,-0.00,-0.00,-0.00,-0.00,-0.00,-0.000,0.000,12.2,0.9,0,0,-0.00,-0.00,-0.00,0.0004,0.00,0.0,54.6074,0.0013,5461
760000,2,0,-0.00,-0.00,-0.00,-0.00,-0.00,-0.00,-0.00,-0.000,0.000,0.0,0.0,0,0,-0.00,-0.00,-0.00,0.0000,0.00,0.0,54.6100,0.0000,5461
770000,0,527,8.15,0.00,0.00,0.00,8.15,0.00,1.00,0.000,0.049,283553.8,5332.5,1,0,3.38,1.00,1.00,0.6151,7.44,138704.8,9.9159,27.6216,5462
770000,1,0,-0.00,-0.00,-0.00,-0.00,-0.00,-0.00,-0.00,-0.000,0.000,7.9,1.3,0,0,-0.00,-0.00,-0.00,0.0005,0.00,0.0,54.6081,0.0008,5461
770000,2,0,-0.00,-0.00,-0.00,-0.00,-0.00,-0.00,-0.00,-0.000,0.000,0.0,0.0,0,0,-0.00,-0.00,-0.00,0.0000,0.00,0.0,54.6100,0.0000,5461
780000,0,551,8.32,0.03,0.04,0.11,8.13,0.00,1.01,0.000,0.053,283635.4,5424.1,1,0,3.44,1.01,1.00,0.6263,6.66,138676.2,9.9324,27.6162,5462
780000,1,1,12.00,0.00,0.00,0.00,12.00,0.00,1.00,0.000,0.000,15.9,0.8,1,1,3.00,1.00,1.00,0.0004,0.19,0.2,54.6073,0.0013,5461
780000,2,0,-0.00,-0.00,-0.00,-0.00,-0.00,-0.00,-0.00,-0.000,0.000,0.0,0.0,0,0,-0.00,-0.00,-0.00,0.0000,0.00,0.0,54.6100,0.0000,5461
790000,0,550,8.26,0.01,0.00,0.18,8.07,0.00,1.00,0.000,0.052,283855.9,5439.1,1,0,3.42,1.00,1.00,0.6284,6.94,138651.4,9.9039,27.6418,5462
790000,1,0,-0.00,-0.00,-0.00,-0.00,-0.00,-0.00,-0.00,-0.000,0.000,11.9,0.8,0,0,-0.00,-0.00,-0.00,0.0006,0.13,0.0,54.6070,0.0015,5461
790000,2,0,-0.00,-0.00,-0.00,-0.00,-0.00,-0.00,-0.00,-0.000,0.000,0.0,0.0,0,0,-0.00,-0.00,-0.00,0.0000,0.00,0.0,54.6100,0.0000,5461
800000,0,548,8.30,0.10,0.03,0.10,8.07,0.00,1.03,0.000,0.052,283541.4,5380.9,1,0,3.45,1.03,1.03,0.6207,11.63,138679.8,9.9290,27.6090,5462
800000,1,0,-0.00,-0.00,-0.00,-0.00,-0.00,-0.00,-0.00,-0.000,0.000,16.2,0.7,0,0,-0.00,-0.00,-0.00,0.0003,0.00,0.0,54.6068,0.0016,5461
800000,2,0,-0.00,-0.00,-0.00,-0.00,-0.00,-0.00,-0.00,-0.000,0.000,0.0,0.0,0,0,-0.00,-0.00,-0.00,0.0000,0.00,0.0,54.6100,0.0000,5461
810000,0,525,8.15,0.00,0.00,0.00,8.15,0.00,1.00,0.000,0.049,283414.1,5275.1,1,0,3.48,1.00,1.00,0.6073,8.05,138713.1,9.9277,27.5909,5462
810000,1,0,-0.00,-0.00,-0.00,-0.00,-0.00,-0.00,-0.00,-0.000,0.000,8.9,0.9,0,0,-0.00,-0.00,-0.00,0.0007,0.01,0.0,54.6077,0.0013,5461
810000,2,0,-0.00,-0.00,-0.00,-0.00,-0.00,-0.00,-0.00,-0.000,0.000,0.0,0.0,0,0,-0.00,-0.00,-0.00,0.0000,0.00,0.0,54.6100,0.0000,5461
820000,0,538,8.22,0.00,0.00,0.12,8.09,0.00,1.00,0.000,0.051,283563.7,5281.2,1,0,3.44,1.00,1.00,0.6103,12.70,138682.5,9.9038,27.6211,5462
820000,1,1,8.00,0.00,0.00,0.00,8.00,0.00,1.00,0.000,0.000,33.7,1.1,1,1,5.00,1.00,1.00,0.0008,0.01,0.5,54.6040,0.0033,5461
820000,2,0,-0.00,-0.00,-0.00,-0.00,-0.00,-0.00,-0.00,-0.000,0.000,0.0,0.0,0,0,-0.00,-0.00,-0.00,0.0000,0.00,0.0,54.6100,0.0000,5461
830000,0,534,8.56,0.00,0.11,0.03,8.41,0.00,1.00,0.000,0.052,283737.2,5401.6,1,0,3.46,1.00,1.00,0.6229,11.84,138700.4,9.9225,27.6178,5462
830000,1,0,-0.00,-0.00,-0.00,-0.00,-0.00,-0.00,-0.00,-0.000,0.000,20.5,0.9,0,0,-0.00,-0.00,-0.00,0.0006,0.10,0.0,54.6061,0.0021,5461
830000,2,0,-0.00,-0.00,-0.00,-0.00,-0.00,-0.00,-0.00,-0.000,0.000,0.0,0.0,0,0,-0.00,-0.00,-0.00,0.0000,0.00,0.0,54.6100,0.0000,5461
840000,0,549,8.09,0.00,0.06,0.00,8.03,0.00,1.00,0.000,0.051,283942.2,5323.2,1,0,3.30,1.00,1.00,0.6138,8.23,138681.9,9.9149,27.6405,5462
840000,1,0,-0.00,-0.00,-0.00,-0.00,-0.00,-0.00,-0.00,-0.000,0.000,8.8,0.5,0,0,-0.00,-0.00,-0.00,0.0003,0.00,0.0,54.6085,0.0007,5461
840000,2,0,-0.00,-0.00,-0.00,-0.00,-0.00,-0.00,-0.00,-0.000,0.000,0.0,0.0,0,0,-0.00,-0.00,-0.00,0.0000,0.00,0.0,54.6100,0.0000,5461
850000,0,551,8.32,0.00,0.02,0.16,8.15,0.00,1.00,0.000,0.052,283435.9,5136.4,1,0,3.43,1.00,1.00,0.5905,8.32,138699.5,9.9133,27.6028,5462
850000,1,0,-0.00,-0.00,-0.00,-0.00,-0.00,-0.00,-0.00,-0.000,0.000,5.4,0.4,0,0,-0.00,-0.00,-0.00,0.0004,0.00,0.0,54.6087,0.0007,5461
850000,2,0,-0.00,-0.00,-0.00,-0.00,-0.00,-0.00,-0.00,-0.000,0.000,0.0,0.0,0,0,-0.00,-0.00,-0.00,0.0000,0.00,0.0,54.6100,0.0000,5461
860000,0,543,8.09,0.00,0.04,0.02,8.03,0.00,1.00,0.000,0.050,283819.4,5485.8,1,0,3.48,1.00,1.00,0.6323,3.82,138735.5,9.9121,27.6347,5462
860000,1,0,-0.00,-0.00,-0.00,-0.00,-0.00,-0.00,-0.00,-0.000,0.000,19.1,0.8,0,0,-0.00,-0.00,-0.00,0.0005,0.00,0.0,54.6066,0.0017,5461
860000,2,0,-0.00,-0.00,-0.00,-0.00,-0.00,-0.00,-0.00,-0.000,0.000,0.0,0.0,0,0,-0.00,-0.00,-0.00,0.0000,0.00,0.0,54.6100,0.0000,5461
870000,0,523,8.46,0.15,0.00,0.21,8.11,0.00,1.05,0.000,0.051,283752.6,5433.6,1,0,3.46,1.05,1.05,0.6271,11.14,138732.0,9.9087,27.6283,5462
870000,1,0,-0.00,-0.00,-0.00,-0.00,-0.00,-0.00,-0.00,-0.000,0.000,5.8,0.1,0,0,-0.00,-0.00,-0.00,0.0004,0.03,0.0,54.6087,0.0008,5461
870000,2,0,-0.00,-0.00,-0.00,-0.00,-0.00,-0.00,-0.00,-0.000,0.000,0.0,0.0,0,0,-0.00,-0.00,-0.00,0.0000,0.00,0.0,54.6100,0.0000,5461
880000,0,545,8.36,0.00,0.00,0.16,8.20,0.00,1.00,0.000,0.052,283538.6,5308.7,1,0,3.46,1.00,1.00,0.6119,8.32,138750.5,9.9204,27.6046,5462
880000,1,0,-0.00,-0.00,-0.00,-0.00,-0.00,-0.00,-0.00,-0.000,0.000,15.0,0.6,0,0,-0.00,-0.00,-0.00,0.0004,0.01,0.0,54.6071,0.0015,5461
880000,2,0,-0.00,-0.00,-0.00,-0.00,-0.00,-0.00,-0.00,-0.000,0.000,0.0,0.0,0,0,-0.00,-0.00,-0.00,0.0000,0.00,0.0,54.6100,0.0000,5461
890000,0,549,8.19,0.00,0.00,0.06,8.13,0.00,1.00,0.000,0.051,283790.2,5464.0,1,0,3.39,1.00,1.00,0.6303,4.23,138773.6,9.8990,27.6339,5462
890000,1,0,-0.00,-0.00,-0.00,-0.00,-0.00,-0.00,-0.00,-0.000,0.000,6.1,0.9,0,0,-0.00,-0.00,-0.00,0.0004,0.00,0.0,54.6088,0.0006,5461
890000,2,0,-0.00,-0.00,-0.00,-0.00,-0.00,-0.00,-0.00,-0.000,0.000,0.0,0.0,0,0,-0.00,-0.00,-0.00,0.0000,0.00,0.0,54.6100,0.0000,5461
900000,0,564,8.15,0.00,0.06,0.08,8.00,0.00,1.00,0.000,0.052,283503.0,5313.3,1,0,3.49,1.00,1.00,0.6119,6.73,138747.1,9.9139,27.6114,5462
900000,1,0,-0.00,-0.00,-0.00,-0.00,-0.00,-0.00,-0.00,-0.000,0.000,12.6,0.6,0,0,-0.00,-0.00,-0.00,0.0004,0.03,0.0,54.6073,0.0012,5461
900000,2,0,-0.00,-0.00,-0.00,-0.00,-0.00,-0.00,-0.00,-0.000,0.000,0.0,0.0,0,0,-0.00,-0.00,-0.00,0.0000,0.00,0.0,54.6100,0.0000,5461
910000,0,549,8.10,0.00,0.00,0.00,8.10,0.00,1.00,0.000,0.051,283925.9,5409.6,1,0,3.42,1.00,1.00,0.6239,6.34,138772.4,9.9074,27.6416,5462
910000,1,0,-0.00,-0.00,-0.00,-0.00,-0.00,-0.00,-0.00,-0.000,0.000,6.6,0.7,0,0,-0.00,-0.00,-0.00,0.0004,0.03,0.0,54.6085,0.0007,5461
910000,2,0,-0.00,-0.00,-0.00,-0.00,-0.00,-0.00,-0.00,-0.000,0.000,0.0,0.0,0,0,-0.00,-0.00,-0.00,0.0000,0.00,0.0,54.6100,0.0000,5461
920000,0,546,8.30,0.04,0.00,0.05,8.21,0.00,1.01,0.000,0.052,284152.8,5431.0,1,0,3.42,1.01,1.01,0.6272,7.25,138740.7,9.8849,27.6729,5462
920000,1,0,-0.00,-0.00,-0.00,-0.00,-0.00,-0.00,-0.00,-0.000,0.000,24.4,1.4,0,0,-0.00,-0.00,-0.00,0.0009,0.01,0.1,54.6051,0.0026,5461
920000,2,0,-0.00,-0.00,-0.00,-0.00,-0.00,-0.00,-0.00,-0.000,0.000,0.0,0.0,0,0,-0.00,-0.00,-0.00,0.0000,0.00,0.0,54.6100,0.0000,5461
930000,0,536,8.18,0.00,0.00,0.14,8.04,0.00,1.00,0.000,0.050,283880.9,5370.2,1,0,3.44,1.00,1.00,0.6194,6.53,138779.5,9.8908,27.6431,5462
930000,1,1,8.00,0.00,0.00,0.00,8.00,0.00,1.00,0.000,0.000,17.0,1.0,1,1,3.00,1.00,1.00,0.0004,0.00,0.4,54.6069,0.0015,5461
930000,2,0,-0.00,-0.00,-0.00,-0.00,-0.00,-0.00,-0.00,-0.000,0.000,0.0,0.0,0,0,-0.00,-0.00,-0.00,0.0000,0.00,0.0,54.6100,0.0000,5461
940000,0,526,8.03,0.00,0.00,0.00,8.03,0.00,1.00,0.000,0.048,283763.2,5295.7,1,0,3.42,1.00,1.00,0.6102,8.99,138792.7,9.8943,27.6374,5462
940000,1,0,-0.00,-0.00,-0.00,-0.00,-0.00,-0.00,-0.00,-0.000,0.000,21.8,1.0,0,0,-0.00,-0.00,-0.00,0.0004,0.00,0.0,54.6060,0.0020,5461
940000,2,0,-0.00,-0.00,-0.00,-0.00,-0.00,-0.00,-0.00,-0.000,0.000,0.2,0.0,0,0,-0.00,-0.00,-0.00,0.0000,0.00,0.0,54.6100,0.0000,5461
950000,0,543,8.41,0.00,0.00,0.07,8.34,0.00,1.00,0.000,0.052,284217.8,5447.6,1,0,3.43,1.00,1.00,0.6270,6.99,138805.3,9.8931,27.6692,5462
950000,1,0,-0.00,-0.00,-0.00,-0.00,-0.00,-0.00,-0.00,-0.000,0.000,22.3,0.6,0,0,-0.00,-0.00,-0.00,0.0003,0.00,0.0,54.6060,0.0020,5461
950000,2,0,-0.00,-0.00,-0.00,-0.00,-0.00,-0.00,-0.00,-0.000,0.000,0.0,0.0,0,0,-0.00,-0.00,-0.00,0.0000,0.00,0.0,54.6100,0.0000,5461
960000,0,537,8.14,0.00,0.00,0.04,8.10,0.00,1.00,0.000,0.050,284271.8,5388.4,1,0,3.40,1.00,1.00,0.6214,7.11,138826.8,9.8634,27.6754,5462
960000,1,0,-0.00,-0.00,-0.00,-0.00,-0.00,-0.00,-0.00,-0.000,0.000,45.6,2.2,0,0,-0.00,-0.00,-0.00,0.0008,0.02,0.0,54.6024,0.0042,5461
960000,2,0,-0.00,-0.00,-0.00,-0.00,-0.00,-0.00,-0.00,-0.000,0.000,0.0,0.0,0,0,-0.00,-0.00,-0.00,0.0000,0.00,0.0,54.6100,0.0000,5461
970000,0,543,8.29,0.00,0.00,0.07,8.22,0.00,1.00,0.000,0.052,283896.1,5344.6,1,0,3.48,1.00,1.00,0.6159,9.14,138833.1,9.8923,27.6346,5462
970000,1,0,-0.00,-0.00,-0.00,-0.00,-0.00,-0.00,-0.00,-0.000,0.000,17.7,1.0,0,0,-0.00,-0.00,-0.00,0.0005,0.01,0.0,54.6065,0.0017,5461
970000,2,0,-0.00,-0.00,-0.00,-0.00,-0.00,-0.00,-0.00,-0.000,0.000,0.0,0.0,0,0,-0.00,-0.00,-0.00,0.0000,0.00,0.0,54.6100,0.0000,5461
980000,0,550,8.59,0.13,0.05,0.17,8.24,0.00,1.04,0.000,0.054,283723.8,5425.3,1,0,3.49,1.05,1.04,0.6252,9.35,138810.3,9.8927,27.6335,5462
980000,1,0,-0.00,-0.00,-0.00,-0.00,-0.00,-0.00,-0.00,-0.000,0.000,12.5,1.2,0,0,-0.00,-0.00,-0.00,0.0006,0.00,0.0,54.6075,0.0014,5461
980000,2,0,-0.00,-0.00,-0.00,-0.00,-0.00,-0.00,-0.00,-0.000,0.000,0.0,0.0,0,0,-0.00,-0.00,-0.00,0.0000,0.00,0.0,54.6100,0.0000,5461
990000,0,540,8.42,0.04,0.02,0.14,8.22,0.00,1.01,0.000,0.052,283955.9,5451.1,1,0,3.42,1.01,1.01,0.6274,9.39,138839.4,9.8752,27.6485,5462
990000,1,0,-0.00,-0.00,-0.00,-0.00,-0.00,-0.00,-0.00,-0.000,0.000,11.2,0.8,0,0,-0.00,-0.00,-0.00,0.0006,0.00,0.0,54.6079,0.0012,5461
990000,2,0,-0.00,-0.00,-0.00,-0.00,-0.00,-0.00,-0.00,-0.000,0.000,0.0,0.0,0,0,-0.00,-0.00,-0.00,0.0000,0.00,0.0,54.6100,0.0000,5461
1000000,0,540,8.10,0.00,0.04,0.00,8.06,0.00,1.00,0.000,0.050,283971.2,5579.9,1,0,3.38,1.00,1.00,0.6452,15.43,138851.5,9.8834,27.6522,5462
1000000,1,0,-0.00,-0.00,-0.00,-0.00,-0.00,-0.00,-0.00,-0.000,0.000,11.1,1.1,0,0,-0.00,-0.00,-0.00,0.0006,0.01,0.0,54.6077,0.0012,5461
1000000,2,0,-0.00,-0.00,-0.00,-0.00,-0.00,-0.00,-0.00,-0.000,0.000,0.0,0.0,0,0,-0.00,-0.00,-0.00,0.0000,0.00,0.0,54.6100,0.0000,5461
