step,lineage,size,mass,hard,muscle,sensor,digestive,bite,shell,open,bodies,age,plant,meat,p0,p1,pnone,bite_any,shell_front,shell_back,shell_side,foot,len_fwd,len_side,height
5000,1,688,13.9,0.1,0.3,0.0,13.4,0.0,1.04,12.0,313,104,5.75,6.19,332,286,70,0.0,1.04,1.06,1.03,3.54,5.57,4.54,26.3
5000,3,432,16.4,0.2,0.2,0.2,15.9,0.0,1.05,11.6,203,107,6.16,6.51,70,160,202,0.0,1.03,1.07,1.05,3.42,4.35,5.91,37.1
5000,2,400,52.6,13.9,16.1,0.3,22.2,3.4,4.49,1.5,280,89,7.91,25.34,219,132,49,3.4,5.33,1.54,5.94,6.75,7.32,7.93,25.5
5000,11,112,13.8,0.4,0.1,0.1,13.2,0.0,1.14,13.1,55,89,4.26,4.56,51,51,10,0.0,1.45,1.03,1.11,3.31,7.19,2.31,27.6
5000,23,54,9.2,0.2,0.0,0.0,9.1,0.0,1.05,16.2,19,110,7.99,4.90,16,36,2,0.0,1.05,1.05,1.06,2.63,4.65,3.26,29.9
5000,5,39,17.3,0.0,0.0,0.9,16.4,0.0,1.00,8.8,32,138,13.23,11.07,13,26,0,0.0,1.00,1.00,1.00,4.69,5.49,6.28,28.7
5000,4,21,9.3,0.6,0.0,0.2,8.5,0.0,1.23,17.5,11,171,9.17,15.61,21,0,0,0.0,1.22,1.17,1.25,2.43,5.00,2.24,14.1
5000,28,20,5.3,0.0,0.0,0.0,5.3,0.0,1.00,20.9,5,143,5.81,4.51,20,0,0,0.0,1.00,1.00,1.00,2.35,1.90,3.65,17.6
6000,1,1149,14.7,0.2,0.4,0.0,14.0,0.0,1.06,12.0,487,118,7.63,7.41,586,444,119,0.0,1.03,1.09,1.06,3.51,4.81,5.27,25.8
6000,3,469,15.6,0.3,0.1,0.0,15.1,0.0,1.09,11.7,180,98,4.88,5.63,91,100,278,0.0,1.04,1.12,1.10,3.34,4.36,5.83,38.4
6000,2,326,53.2,13.2,14.5,0.4,25.2,2.7,4.50,1.4,200,116,12.42,30.97,174,120,32,2.7,5.05,1.49,6.12,6.67,7.40,7.90,25.5
6000,23,57,17.7,1.4,0.1,0.0,16.2,0.0,1.30,9.6,28,177,13.39,12.63,13,38,6,0.0,1.16,1.74,1.22,4.04,6.67,4.54,30.1
6000,11,43,18.7,0.0,0.0,0.0,18.7,0.0,1.00,10.5,17,93,4.61,5.99,0,23,20,0.0,1.00,1.00,1.00,3.79,7.56,3.21,38.1
6000,81,37,5.8,0.0,0.0,0.3,5.5,0.0,1.00,21.2,14,205,8.69,9.65,0,37,0,0.0,1.00,1.00,1.00,1.97,3.43,1.97,32.3
6000,84,8,23.0,7.5,0.0,7.2,8.2,0.0,1.40,13.2,6,114,10.04,4.59,2,6,0,0.0,1.00,2.03,1.29,2.88,4.62,4.75,27.4
6000,5,5,6.4,0.0,0.0,0.0,6.4,0.0,1.00,20.0,2,411,42.36,7.80,2,3,0,0.0,1.00,1.00,1.00,2.40,2.00,4.00,25.4
7000,1,942,14.7,0.3,0.3,0.1,14.1,0.0,1.06,12.9,451,113,6.22,7.32,484,343,115,0.0,1.02,1.09,1.06,3.44,4.33,5.39,26.1
7000,2,484,51.7,11.1,13.3,0.6,26.7,2.2,3.92,1.8,306,108,10.62,25.51,216,185,83,2.2,4.29,1.42,5.68,6.81,7.21,7.91,27.8
7000,3,262,14.4,0.2,0.1,0.0,14.2,0.0,1.05,13.1,135,105,6.39,6.28,100,77,85,0.0,1.01,1.07,1.05,3.30,3.93,5.55,32.3
7000,11,58,20.7,0.0,0.0,0.1,20.6,0.0,1.00,10.5,31,86,4.99,6.14,2,40,16,0.0,1.00,1.00,1.00,3.64,7.26,3.52,35.8
7000,100,8,11.9,2.6,0.0,0.0,9.2,0.0,1.75,12.5,4,671,50.32,27.87,8,0,0,0.0,1.53,1.85,1.84,3.25,4.00,5.88,22.5
7000,5,6,11.8,0.0,0.0,0.0,11.8,0.0,1.00,13.3,4,107,10.72,5.61,6,0,0,0.0,1.00,1.00,1.00,3.50,6.00,5.83,23.7
7000,23,5,37.2,17.6,0.0,0.0,19.6,0.0,5.71,4.8,4,294,33.31,22.62,0,4,1,0.0,6.88,7.00,4.49,6.00,6.60,7.00,36.1
8000,1,979,15.2,0.3,0.1,0.1,14.7,0.0,1.08,12.3,445,119,7.29,7.56,461,371,147,0.0,1.04,1.12,1.08,3.47,4.39,5.56,27.1
8000,2,490,52.6,10.7,13.1,0.7,28.2,2.0,3.79,1.7,314,114,14.44,29.81,204,191,95,2.0,4.11,1.53,5.30,6.79,7.26,7.90,28.3
8000,3,112,18.9,1.5,0.8,0.0,16.5,0.0,1.29,10.3,55,109,7.61,7.04,9,30,73,0.1,1.02,1.52,1.31,4.02,4.99,5.88,41.2
8000,11,36,17.3,0.0,0.0,0.8,16.5,0.0,1.00,11.3,27,131,10.85,10.82,6,27,3,0.0,1.00,1.00,1.00,3.81,6.56,3.78,31.6
8000,104,24,22.2,0.2,0.0,0.0,22.0,0.0,1.04,8.3,14,79,9.91,9.47,0,24,0,0.0,1.00,1.05,1.06,4.33,5.33,6.67,32.9
8000,23,7,19.7,6.3,0.0,0.0,13.4,0.0,2.88,9.1,5,343,48.70,14.87,1,5,1,0.0,3.45,3.45,2.38,4.29,6.86,4.57,31.8
9000,1,976,14.6,0.8,0.3,0.0,13.5,0.0,1.22,12.9,443,116,7.13,7.21,491,324,161,0.0,1.14,1.37,1.22,3.44,4.40,5.33,26.3
9000,2,605,52.0,11.3,12.8,0.4,27.6,1.9,3.91,1.6,383,108,12.91,24.70,284,232,89,2.0,4.35,1.43,5.40,6.65,7.30,7.88,26.7
9000,11,46,17.3,0.0,0.0,0.4,16.9,0.0,1.00,11.2,21,128,12.01,10.96,0,34,12,0.0,1.00,1.00,1.00,3.65,6.96,3.50,35.8
9000,3,40,12.5,0.0,0.0,0.0,12.5,0.0,1.00,13.9,24,119,4.62,5.49,1,7,32,0.0,1.00,1.00,1.00,3.20,4.03,5.05,44.1
9000,118,13,29.6,0.0,0.0,7.0,22.6,0.0,1.00,8.0,11,189,13.81,11.04,0,8,5,0.0,1.00,1.00,1.00,4.69,6.54,5.46,35.8
9000,104,10,28.2,1.0,0.9,0.0,26.3,0.0,1.16,5.0,4,123,15.35,13.27,6,4,0,0.0,1.00,1.25,1.21,4.80,6.00,7.50,25.0
10000,1,1414,14.8,0.4,0.2,0.0,14.2,0.0,1.10,12.4,611,111,6.49,6.87,539,573,302,0.0,1.05,1.15,1.12,3.54,4.37,5.54,29.0
10000,2,616,51.5,10.4,12.3,0.6,28.1,1.7,3.76,2.0,341,113,14.48,25.86,334,211,71,1.8,4.05,1.42,5.46,6.78,7.15,7.88,25.7
10000,130,35,18.0,0.2,0.8,0.0,17.1,0.0,1.04,5.6,20,135,9.28,8.28,9,17,9,0.0,1.00,1.06,1.07,4.43,6.17,7.46,34.5
10000,11,10,8.6,0.0,0.0,1.7,6.9,0.0,1.00,16.4,9,285,12.69,13.38,0,1,9,0.0,1.00,1.00,1.00,2.80,4.50,3.60,38.1
10000,3,7,14.0,0.0,0.0,0.0,14.0,0.0,1.00,12.3,4,201,8.67,8.85,0,0,7,0.0,1.00,1.00,1.00,3.57,4.43,5.43,47.9
11000,1,1311,15.6,0.5,0.3,0.0,14.8,0.0,1.14,12.0,580,118,6.93,6.95,479,485,347,0.0,1.09,1.22,1.14,3.60,4.56,5.53,30.0
11000,2,394,50.2,11.0,10.7,0.5,28.0,1.5,3.87,2.2,261,154,21.36,29.34,203,162,29,1.6,4.25,1.68,5.35,6.55,7.13,7.82,26.0
11000,145,35,13.2,0.0,0.1,0.0,13.1,0.0,1.00,15.0,13,160,21.76,9.97,15,20,0,0.0,1.00,1.00,1.00,3.14,4.49,4.00,26.3
11000,143,25,13.8,4.3,0.0,0.0,9.4,0.0,2.38,14.2,14,98,3.49,6.40,1,17,7,0.0,1.81,2.77,2.52,2.76,4.52,4.40,31.9
11000,130,20,18.9,2.3,0.0,4.0,12.6,0.0,1.58,9.7,14,139,10.78,5.79,3,1,16,0.0,1.00,1.83,1.75,3.40,4.60,6.65,46.9
11000,146,15,8.1,0.0,0.0,0.0,8.1,0.0,1.00,17.9,6,54,3.26,3.66,15,0,0,0.0,1.00,1.00,1.00,2.40,4.40,2.67,13.9
12000,1,975,16.1,0.5,0.2,0.1,15.3,0.0,1.13,12.0,452,120,6.98,7.84,491,315,169,0.0,1.04,1.19,1.18,3.62,4.71,5.34,26.6
12000,2,614,50.3,10.5,12.2,0.4,27.2,1.7,3.78,2.2,377,158,22.05,26.54,262,260,92,1.7,4.11,1.49,5.32,6.76,7.10,7.82,27.6
13000,1,1189,14.9,0.4,0.3,0.0,14.2,0.0,1.14,13.1,510,111,6.75,7.05,515,488,186,0.0,1.08,1.18,1.14,3.42,4.63,4.87,27.6
13000,2,558,50.4,10.9,12.2,0.5,26.8,1.7,3.92,2.1,346,151,19.49,28.32,310,186,62,1.7,4.18,1.55,5.54,6.62,7.14,7.86,25.1
14000,1,1054,13.7,0.3,0.1,0.0,13.3,0.0,1.09,14.0,402,98,5.18,5.73,451,433,170,0.0,1.05,1.14,1.10,3.18,4.61,4.42,27.4
14000,2,558,51.0,10.1,12.0,0.7,28.1,1.7,3.73,2.1,314,131,18.15,27.33,284,209,65,1.7,3.93,1.41,5.51,6.71,7.10,7.87,26.0
15000,1,953,14.2,0.4,0.2,0.0,13.6,0.0,1.12,13.5,387,117,6.38,6.40,428,336,189,0.0,1.04,1.20,1.12,3.33,4.75,4.54,28.4
15000,2,486,51.4,11.8,12.1,0.7,26.7,1.8,4.20,1.8,301,158,19.80,26.94,269,149,68,1.8,4.53,1.62,5.88,6.79,7.24,7.87,26.1
16000,1,840,13.9,0.5,0.3,0.0,13.1,0.0,1.15,13.6,344,116,6.75,6.62,434,282,124,0.0,1.09,1.24,1.15,3.29,4.84,4.43,26.3
16000,2,484,52.1,10.7,12.3,0.6,28.5,1.7,3.84,1.7,292,121,17.12,25.49,183,215,86,1.7,4.13,1.53,5.40,6.73,7.27,7.91,28.8
16000,172,88,16.4,0.7,0.0,0.5,15.2,0.0,1.13,9.5,51,174,10.78,10.09,6,29,53,0.0,1.08,1.20,1.12,4.17,4.62,6.77,42.3
17000,1,980,13.0,0.4,0.3,0.0,12.3,0.0,1.12,14.4,357,113,6.26,6.42,500,358,122,0.0,1.08,1.18,1.13,3.16,4.71,4.11,26.0
17000,2,346,51.7,10.8,13.5,0.3,27.1,2.0,3.85,2.0,218,122,15.35,28.30,151,135,60,2.0,4.20,1.46,5.67,6.68,7.17,7.88,27.8
17000,172,20,22.4,0.4,0.0,0.2,21.8,0.0,1.17,6.1,16,103,5.36,7.90,1,5,14,0.0,1.03,1.35,1.17,4.85,6.70,6.35,42.4
18000,1,880,12.8,0.5,0.3,0.0,12.0,0.0,1.15,14.7,339,120,6.73,6.32,443,289,148,0.0,1.12,1.28,1.14,3.11,4.38,4.26,26.7
18000,180,241,52.8,11.1,11.7,0.4,29.6,1.6,4.05,1.6,142,108,14.77,22.10,78,107,56,1.6,4.30,1.57,5.84,6.89,7.29,7.92,30.0
18000,2,201,49.6,10.4,10.8,0.6,27.7,1.6,3.75,2.1,136,126,18.10,29.57,107,86,8,1.6,4.04,1.53,5.43,6.58,7.10,7.90,24.9
18000,179,143,14.9,0.8,0.2,0.0,13.9,0.0,1.24,13.0,83,99,5.54,6.34,73,36,34,0.0,1.13,1.33,1.25,3.34,3.88,5.68,28.0
18000,178,85,11.4,0.3,0.0,0.0,11.0,0.0,1.05,15.4,47,133,6.72,6.12,52,18,15,0.0,1.00,1.11,1.05,2.95,3.93,4.41,26.5
18000,172,8,32.9,2.0,0.0,0.0,30.9,0.0,1.30,2.0,4,64,4.57,5.93,0,0,8,0.0,1.00,1.66,1.27,4.88,7.38,7.88,55.2
19000,1,1033,12.5,0.3,0.1,0.0,12.0,0.0,1.13,14.7,374,118,6.25,6.39,386,388,259,0.0,1.11,1.17,1.13,3.08,4.53,4.15,29.8
19000,2,284,52.8,11.1,11.8,0.5,29.4,1.5,3.89,1.7,162,109,13.56,24.65,149,101,34,1.6,4.26,1.48,5.42,6.94,7.29,7.89,25.7
19000,179,251,19.0,0.2,0.2,0.0,18.5,0.0,1.07,12.5,106,106,7.45,8.10,167,56,28,0.0,1.11,1.15,1.07,3.70,4.41,5.41,24.4
19000,186,191,15.1,0.6,0.2,0.3,14.0,0.0,1.15,10.6,91,104,5.28,5.96,57,59,75,0.0,1.08,1.23,1.16,3.84,3.64,7.13,34.2
19000,180,152,50.3,11.3,10.2,0.2,28.6,1.6,4.01,1.8,120,149,22.93,30.74,73,58,21,1.6,4.33,1.46,5.73,6.67,7.24,7.87,26.4
19000,178,29,21.7,0.0,0.1,0.0,21.6,0.0,1.00,7.5,9,73,5.39,4.82,2,14,13,0.0,1.00,1.00,1.00,4.62,4.72,7.52,35.9
20000,1,859,14.2,0.4,0.3,0.0,13.5,0.0,1.13,13.9,359,128,7.13,7.25,359,313,187,0.0,1.08,1.20,1.13,3.31,4.80,4.26,29.6
20000,2,334,50.5,10.5,10.1,0.5,29.4,1.4,3.85,2.0,200,129,17.89,26.53,136,157,41,1.4,4.06,1.56,5.53,6.67,7.09,7.92,28.1
20000,186,284,12.6,0.3,0.2,0.1,12.0,0.0,1.08,13.1,121,148,8.24,7.94,201,52,31,0.0,1.03,1.12,1.10,3.42,3.49,6.28,23.4
20000,180,181,51.2,9.2,10.8,1.2,29.9,1.4,3.49,1.8,116,151,24.46,25.46,90,49,42,1.4,3.63,1.35,5.15,6.81,7.23,7.87,26.9
20000,179,153,19.0,1.1,0.1,0.2,17.7,0.0,1.29,10.3,88,116,9.10,8.76,56,67,30,0.0,1.12,1.41,1.31,3.86,4.44,6.43,28.7
20000,178,102,20.7,0.0,0.1,0.0,20.5,0.0,1.00,7.9,47,102,6.76,6.20,21,59,22,0.0,1.00,1.00,1.00,4.55,4.52,7.64,31.9
20000,192,28,6.1,0.0,0.0,0.0,6.0,0.0,1.01,20.4,9,116,4.86,5.04,0,19,9,0.0,1.02,1.00,1.01,2.04,3.86,1.93,36.7
21000,1,642,13.5,0.3,0.2,0.0,12.9,0.0,1.10,14.0,307,118,6.22,7.38,267,247,128,0.0,1.08,1.12,1.09,3.22,4.55,4.54,28.4
21000,2,337,52.7,9.4,9.8,1.1,32.4,1.4,3.47,1.8,187,136,19.09,32.83,155,140,42,1.4,3.69,1.38,5.05,6.80,7.22,7.91,27.0
21000,180,291,51.7,10.7,12.1,0.5,28.4,1.6,3.88,2.1,173,113,13.93,25.91,118,124,49,1.6,4.16,1.36,5.59,6.92,7.19,7.82,27.8
21000,186,191,13.6,0.4,0.1,0.2,12.9,0.0,1.16,12.4,99,127,6.99,7.19,109,34,48,0.0,1.14,1.27,1.15,3.57,3.72,6.09,27.0
21000,179,183,16.7,0.6,0.1,0.1,16.0,0.0,1.15,12.0,108,114,6.62,6.42,23,84,76,0.0,1.03,1.25,1.18,3.81,4.09,6.05,36.2
21000,178,138,14.4,0.0,0.2,0.0,14.2,0.0,1.00,12.8,75,102,6.99,6.25,73,54,11,0.0,1.00,1.00,1.00,3.38,3.99,5.72,25.5
22000,1,694,15.8,0.1,0.2,0.0,15.5,0.0,1.03,14.0,269,108,6.28,6.15,265,301,128,0.0,1.01,1.04,1.03,3.43,4.64,4.39,29.1
22000,2,348,51.2,10.4,10.0,0.3,30.5,1.4,3.76,1.9,201,148,22.01,30.17,204,108,36,1.4,3.97,1.44,5.38,6.62,7.14,7.95,25.2
22000,178,227,14.2,0.1,0.2,0.1,13.8,0.0,1.04,13.1,118,112,6.26,6.49,102,69,56,0.0,1.02,1.06,1.03,3.37,4.19,5.33,28.0
22000,180,216,48.7,11.7,11.6,0.8,24.5,1.7,4.20,2.4,148,147,21.10,26.42,122,65,29,1.7,4.50,1.71,6.13,6.46,7.02,7.81,24.9
22000,186,158,15.2,0.4,0.0,0.4,14.4,0.0,1.06,11.4,77,114,6.93,5.74,23,48,87,0.0,1.00,1.11,1.07,3.77,3.37,6.97,38.9
22000,179,45,24.8,1.7,0.9,0.0,22.1,0.0,1.35,7.1,18,72,7.43,5.13,6,22,17,0.2,1.06,1.61,1.37,4.58,5.00,7.44,34.6
23000,1,872,17.0,0.3,0.2,0.0,16.4,0.0,1.09,12.7,352,115,7.97,8.71,339,362,171,0.0,1.03,1.13,1.10,3.50,4.42,5.29,28.5
23000,2,394,50.7,11.6,9.7,0.4,28.9,1.4,4.09,2.1,248,133,18.00,27.67,227,127,40,1.4,4.44,1.49,5.91,6.95,7.12,7.85,25.4
23000,186,164,13.9,0.0,0.0,0.0,13.8,0.0,1.01,11.9,95,142,7.40,8.19,2,66,96,0.0,1.02,1.02,1.01,3.83,3.40,6.68,40.1
23000,180,163,51.1,13.1,11.1,0.4,26.5,1.7,4.53,1.8,110,162,25.57,29.73,96,51,16,1.8,5.08,1.66,6.19,6.88,7.28,7.87,25.3
23000,178,149,14.9,0.3,0.9,0.0,13.6,0.0,1.10,13.0,80,126,9.14,7.69,60,47,42,0.0,1.01,1.16,1.12,3.60,4.01,5.58,29.6
23000,179,23,23.4,2.2,0.0,0.0,21.2,0.0,1.38,8.7,15,166,11.44,10.23,0,13,10,0.0,1.19,1.84,1.29,5.26,5.04,7.00,38.1
24000,1,638,16.8,0.5,0.1,0.0,16.1,0.0,1.15,12.5,280,123,8.42,8.07,245,241,152,0.0,1.09,1.22,1.15,3.56,4.28,5.52,29.8
24000,2,513,51.8,9.4,10.7,0.4,31.2,1.4,3.55,2.0,253,116,18.27,26.55,245,184,84,1.4,3.62,1.33,5.54,6.61,7.10,7.94,28.1
24000,178,201,14.3,0.2,0.1,0.1,13.9,0.0,1.06,13.7,113,138,7.15,7.38,59,82,60,0.0,1.01,1.10,1.07,3.34,3.91,5.28,31.7
24000,180,80,49.8,13.4,11.1,0.3,25.1,1.6,4.68,2.0,61,226,29.76,31.64,48,23,9,1.6,5.21,1.68,6.42,7.03,7.22,7.85,23.1
24000,186,67,18.1,0.4,0.0,0.7,17.0,0.0,1.12,9.7,42,161,10.73,8.64,6,23,38,0.0,1.08,1.12,1.14,4.22,4.19,6.94,40.9
24000,220,64,15.3,0.2,0.0,0.0,15.1,0.0,1.04,9.6,31,104,4.62,5.30,1,41,22,0.0,1.05,1.05,1.03,4.03,4.78,6.45,37.0
25000,1,945,16.9,0.3,0.2,0.1,16.4,0.0,1.10,12.7,354,125,8.04,8.34,371,379,195,0.0,1.04,1.14,1.12,3.57,4.43,5.27,28.6
25000,2,334,49.9,10.4,10.4,0.4,28.6,1.4,3.80,1.9,200,162,23.45,30.85,189,101,44,1.5,3.99,1.51,5.48,6.69,7.19,7.89,25.2
25000,178,119,17.0,0.1,0.2,0.0,16.6,0.0,1.02,11.7,58,112,9.37,8.98,60,54,5,0.0,1.00,1.03,1.03,3.65,4.50,5.84,25.8
25000,180,85,51.4,9.0,11.2,0.7,30.5,1.5,3.37,1.5,60,154,23.95,26.59,58,26,1,1.5,3.62,1.42,4.33,7.20,7.56,7.67,23.4
25000,186,31,11.7,0.1,0.0,0.5,11.1,0.0,1.01,12.0,17,120,4.57,5.25,10,1,20,0.0,1.00,1.03,1.01,3.84,3.13,7.00,37.9
25000,220,24,23.0,1.7,1.2,0.1,20.1,0.1,1.26,6.2,15,152,9.46,7.21,0,4,20,0.2,1.20,1.25,1.37,4.58,5.75,7.21,39.5
26000,1,476,15.7,0.3,0.0,0.2,15.1,0.0,1.07,14.0,216,125,7.62,7.86,202,196,78,0.0,1.07,1.15,1.06,3.44,4.33,4.75,27.3
26000,2,425,51.3,10.3,10.6,0.4,30.0,1.4,3.73,1.8,255,112,13.71,25.40,192,148,85,1.5,3.97,1.44,5.35,6.81,7.18,7.91,27.9
26000,180,217,51.0,11.1,12.6,1.4,25.8,2.2,3.84,1.7,156,145,19.18,29.14,131,72,14,2.3,4.25,1.42,5.18,6.65,7.30,7.90,24.6
26000,178,37,8.0,0.8,0.0,0.0,7.2,0.0,1.26,19.0,16,158,8.04,7.68,37,0,0,0.0,1.16,1.50,1.21,2.24,3.59,2.95,18.2
26000,220,32,12.2,0.0,0.3,0.0,11.9,0.0,1.00,14.1,12,118,4.11,6.05,0,22,10,0.0,1.00,1.00,1.00,3.16,4.88,4.06,34.2
27000,1,499,15.0,0.2,0.1,0.1,14.6,0.0,1.06,13.9,174,111,7.69,6.73,200,181,118,0.0,1.11,1.17,1.06,3.35,4.36,4.69,29.4
27000,180,233,50.4,11.2,11.9,0.1,27.1,1.9,3.96,2.2,157,180,28.55,32.72,110,105,18,1.9,4.32,1.40,5.76,6.72,7.03,7.92,25.4
27000,2,151,49.5,9.4,9.5,1.2,29.4,1.3,3.56,2.1,102,180,26.46,32.62,80,45,26,1.4,3.69,1.46,5.05,6.46,7.14,7.85,27.7
27000,220,78,5.8,0.0,0.1,0.0,5.7,0.0,1.00,20.3,18,127,4.81,4.47,7,71,0,0.0,1.00,1.00,1.00,2.13,3.90,1.96,30.0
27000,178,38,11.4,0.3,0.0,0.0,11.1,0.0,1.16,15.3,21,177,11.48,9.75,32,6,0,0.0,1.21,1.28,1.12,3.08,3.61,4.79,21.5
27000,186,13,14.0,0.0,0.0,0.0,14.0,0.0,1.00,11.5,7,158,5.46,7.85,0,0,13,0.0,1.00,1.00,1.00,4.77,2.77,7.62,47.7
28000,1,584,13.0,0.1,0.1,0.1,12.8,0.0,1.05,15.3,230,102,6.40,6.67,230,278,76,0.0,1.06,1.08,1.05,3.06,4.10,4.28,28.4
28000,180,137,50.4,8.2,11.0,0.7,30.5,1.9,3.15,2.0,89,105,13.95,25.40,60,53,24,2.0,3.19,1.33,5.06,6.74,7.04,7.97,29.2
28000,2,93,53.5,8.7,10.0,0.4,34.4,1.5,3.09,1.2,66,117,17.00,32.32,33,54,6,1.5,3.41,1.25,3.98,6.88,7.53,7.90,27.3
28000,186,53,12.7,0.0,0.0,0.0,12.7,0.0,1.00,13.1,22,128,5.86,6.67,3,11,39,0.0,1.00,1.00,1.00,3.53,2.91,6.55,42.9
28000,220,12,5.7,0.0,0.0,0.0,5.7,0.0,1.00,20.3,2,120,3.68,3.73,3,9,0,0.0,1.00,1.00,1.00,1.75,3.83,2.00,27.4
29000,1,515,14.3,0.3,0.1,0.0,13.9,0.0,1.07,14.6,220,130,8.68,8.32,188,241,86,0.0,1.04,1.12,1.07,3.21,4.21,4.56,28.7
29000,180,309,50.7,11.0,11.4,0.5,27.8,1.9,3.90,2.0,201,101,11.88,22.60,152,96,61,1.9,4.27,1.49,5.53,6.61,7.18,7.85,27.0
29000,246,219,14.8,0.2,0.3,0.0,14.3,0.0,1.07,12.1,110,115,6.20,6.23,97,47,75,0.0,1.04,1.11,1.06,3.61,4.87,5.11,30.0
29000,2,74,52.6,11.1,11.1,0.2,30.2,1.6,3.88,1.5,51,137,20.43,26.84,24,42,8,1.6,4.23,1.41,5.30,6.99,7.41,7.86,28.8
29000,186,49,14.2,0.0,0.0,0.0,14.2,0.0,1.00,11.9,20,142,6.94,7.61,3,12,34,0.0,1.00,1.00,1.00,4.04,2.80,7.27,40.0
29000,247,27,8.8,0.0,0.0,0.0,8.8,0.0,1.00,17.7,12,97,3.76,3.57,3,23,1,0.0,1.00,1.00,1.00,2.56,3.74,3.41,31.0
30000,1,709,16.4,0.4,0.1,0.2,15.7,0.0,1.10,13.4,314,135,8.57,8.95,305,282,122,0.0,1.15,1.23,1.09,3.55,4.43,4.97,27.8
30000,180,331,50.3,10.9,11.9,1.5,25.9,2.0,3.91,2.0,237,125,16.56,24.12,112,154,65,2.0,4.22,1.66,5.37,6.67,7.15,7.85,28.9
30000,246,320,14.6,0.2,0.1,0.0,14.3,0.0,1.06,12.0,127,96,5.22,5.87,142,85,93,0.0,1.07,1.08,1.05,3.56,5.07,4.96,30.2
30000,186,119,15.0,0.3,0.0,0.2,14.6,0.0,1.05,11.5,53,127,6.67,7.21,24,36,59,0.0,1.00,1.10,1.05,3.95,3.29,7.02,35.6
30000,255,110,10.7,0.3,0.2,0.0,10.2,0.0,1.14,17.7,49,115,7.02,5.75,52,50,8,0.0,1.10,1.19,1.14,2.51,3.21,3.94,25.8
30000,256,84,14.2,0.1,0.1,0.0,14.0,0.0,1.02,11.7,35,89,4.66,4.60,22,35,27,0.0,1.00,1.02,1.02,3.55,4.99,5.19,32.4
30000,2,61,52.6,12.9,11.1,0.2,28.4,1.6,4.17,1.8,38,98,12.62,27.53,36,22,3,1.6,4.92,1.40,5.62,6.75,7.28,7.84,23.2
31000,180,452,49.0,10.9,11.7,0.5,25.9,2.0,3.91,2.4,311,140,18.43,24.08,198,194,60,2.0,4.25,1.54,5.65,6.59,7.04,7.82,27.1
31000,1,280,14.3,0.3,0.0,0.0,14.0,0.0,1.12,14.4,144,145,9.07,8.60,117,133,30,0.0,1.19,1.26,1.09,3.48,4.02,5.13,27.5
31000,255,277,10.4,0.3,0.0,0.0,10.1,0.0,1.15,17.7,120,102,4.78,5.83,185,82,10,0.0,1.09,1.24,1.14,2.70,3.60,3.60,24.1
31000,246,222,13.2,0.2,0.2,0.0,12.8,0.0,1.06,11.7,111,133,7.70,6.64,53,48,121,0.0,1.05,1.07,1.06,3.56,4.82,5.38,38.4
31000,186,131,15.2,0.1,0.2,0.2,14.7,0.0,1.02,11.5,72,134,7.22,7.06,28,33,70,0.0,1.00,1.04,1.02,3.70,3.84,6.53,35.3
31000,256,130,11.8,0.5,0.3,0.0,11.0,0.0,1.20,15.2,61,115,7.62,6.93,84,33,13,0.0,1.10,1.23,1.25,2.96,4.56,4.04,23.6
31000,266,104,53.8,12.4,11.9,0.2,29.2,1.6,4.25,1.6,66,108,13.44,23.29,57,32,15,1.6,4.86,1.51,5.52,7.01,7.49,7.75,24.0
31000,2,28,50.1,10.6,7.6,0.8,31.1,0.9,3.61,2.3,25,220,38.79,35.76,17,11,0,1.2,4.11,1.50,5.06,6.50,6.86,8.00,24.9
32000,180,409,48.9,10.0,10.4,0.5,28.1,1.8,3.54,2.5,302,166,23.14,26.94,173,171,65,1.8,3.96,1.45,4.92,6.69,7.00,7.79,28.1
32000,246,343,13.3,0.1,0.3,0.0,12.8,0.0,1.05,11.7,139,106,5.39,5.40,100,89,154,0.0,1.05,1.06,1.05,3.37,4.95,5.18,36.6
32000,256,266,11.4,0.3,0.2,0.0,10.9,0.0,1.12,15.0,124,119,5.63,6.47,122,103,41,0.0,1.08,1.13,1.17,3.05,4.40,4.26,27.1
32000,255,226,15.4,1.3,0.0,0.0,14.0,0.0,1.43,14.4,120,122,8.88,6.87,100,99,27,0.0,1.19,1.63,1.46,3.39,4.75,4.15,27.6
32000,1,200,18.6,1.0,0.0,0.4,17.2,0.0,1.26,10.3,95,107,6.39,6.84,93,90,17,0.0,1.21,1.33,1.25,4.21,4.27,6.84,24.3
32000,266,125,50.4,11.5,10.4,0.5,28.1,1.7,4.00,1.7,88,120,17.09,26.27,61,56,8,1.7,4.41,1.55,5.78,7.02,7.24,7.97,25.5
32000,268,73,48.6,8.8,8.7,1.5,29.5,1.3,3.34,2.2,56,140,17.24,24.39,23,38,12,1.3,3.49,1.26,5.19,6.33,6.97,7.96,30.3
32000,186,46,12.5,0.0,0.0,0.0,12.5,0.0,1.00,14.0,29,138,5.67,5.98,1,5,40,0.0,1.00,1.00,1.00,3.41,2.91,6.17,43.1
33000,180,503,49.4,10.3,11.3,0.7,27.0,2.0,3.71,2.3,348,147,21.50,26.61,226,213,64,2.0,3.99,1.54,5.38,6.77,7.00,7.89,27.6
33000,246,495,13.2,0.4,0.1,0.0,12.7,0.0,1.10,12.7,214,132,7.20,7.11,216,174,105,0.0,1.07,1.14,1.10,3.35,4.69,5.06,30.3
33000,255,315,12.8,0.5,0.2,0.0,12.1,0.0,1.20,15.3,146,112,6.20,6.58,146,117,52,0.0,1.12,1.38,1.18,3.17,4.38,4.08,27.4
33000,256,244,12.3,0.2,0.3,0.0,11.7,0.0,1.08,14.1,120,122,6.79,6.29,106,88,50,0.0,1.04,1.10,1.11,3.23,4.72,4.41,29.2
33000,1,165,16.5,0.7,0.2,0.1,15.6,0.0,1.12,11.2,69,137,8.76,10.04,109,35,21,0.0,1.08,1.23,1.09,3.74,4.33,6.14,19.0
33000,266,116,51.1,12.7,8.7,0.7,29.0,1.3,4.35,1.9,86,106,14.39,30.53,58,51,7,1.4,4.79,1.76,6.25,6.85,7.08,7.98,25.9
33000,186,51,12.6,0.2,0.0,0.2,12.3,0.0,1.04,12.3,27,166,8.85,8.84,5,19,27,0.0,1.00,1.09,1.04,3.92,2.84,7.18,38.7
33000,268,21,43.0,10.0,7.0,1.5,24.6,1.0,3.92,3.8,12,171,28.76,31.70,13,8,0,1.0,3.83,1.47,7.46,6.52,6.10,8.00,23.2
34000,246,536,14.0,0.3,0.2,0.0,13.5,0.0,1.08,12.5,210,118,5.97,7.18,224,202,110,0.0,1.05,1.10,1.08,3.43,4.77,5.07,29.4
34000,180,535,50.2,11.0,12.1,0.6,26.6,2.1,3.86,2.2,376,118,15.00,25.27,253,219,63,2.1,4.22,1.54,5.36,6.77,7.14,7.77,27.0
34000,256,244,10.8,0.4,0.4,0.0,10.0,0.0,1.13,15.0,98,128,6.34,6.19,143,73,28,0.0,1.05,1.15,1.16,2.95,4.62,4.09,25.3
34000,255,206,10.5,0.4,0.0,0.0,10.1,0.0,1.14,16.7,102,130,6.15,6.72,115,67,24,0.0,1.14,1.23,1.14,2.91,3.64,4.08,25.5
34000,1,192,13.7,0.1,0.0,0.0,13.6,0.0,1.03,13.1,85,126,7.48,7.51,136,50,6,0.0,1.09,1.09,1.02,3.30,3.61,5.96,18.7
34000,266,78,52.3,12.5,11.0,0.9,27.9,1.6,4.21,1.7,58,161,24.35,35.54,40,29,9,1.6,4.97,1.68,5.32,6.74,7.41,7.77,26.5
34000,186,78,13.2,0.2,0.0,0.3,12.7,0.0,1.08,12.5,41,126,6.72,6.02,18,15,45,0.0,1.10,1.17,1.06,3.64,2.86,6.95,36.3
35000,180,682,49.4,10.5,12.0,0.4,26.5,2.1,3.75,2.2,480,141,20.33,27.27,295,300,87,2.2,4.09,1.43,5.34,6.74,7.11,7.81,28.1
35000,246,415,15.3,0.6,0.3,0.0,14.4,0.0,1.16,10.2,197,118,6.88,6.91,128,150,137,0.0,1.10,1.26,1.18,3.71,5.11,5.87,32.8
35000,1,188,16.1,0.2,0.0,0.0,15.8,0.0,1.03,11.4,102,146,8.98,9.43,85,88,15,0.0,1.00,1.07,1.04,3.78,4.34,6.08,24.6
35000,256,138,14.9,1.5,0.2,0.0,13.1,0.0,1.48,12.0,72,175,11.83,11.13,53,55,30,0.0,1.28,1.71,1.51,3.75,5.55,5.03,29.5
35000,279,126,18.8,0.5,0.0,0.0,18.3,0.0,1.12,9.9,69,136,9.07,9.39,51,30,45,0.0,1.02,1.18,1.15,3.94,4.78,6.43,30.8
35000,255,98,12.7,0.4,0.0,0.0,12.2,0.0,1.15,14.6,48,113,6.75,5.82,14,52,32,0.0,1.09,1.26,1.13,3.18,4.40,4.35,32.6
35000,266,44,47.8,9.8,9.7,0.6,27.7,1.5,3.66,2.1,31,157,18.10,35.11,30,14,0,1.5,3.67,1.52,6.00,6.59,7.00,7.98,23.8
35000,186,31,15.3,1.2,0.0,0.0,14.1,0.0,1.44,10.3,19,136,5.27,7.43,10,11,10,0.0,1.49,1.58,1.39,4.23,3.71,7.29,31.0
36000,180,631,50.3,10.4,11.3,0.9,27.6,1.9,3.69,2.0,457,141,20.39,28.08,315,270,46,2.0,4.06,1.49,5.12,6.75,7.19,7.87,25.8
36000,246,388,14.0,0.3,0.2,0.0,13.6,0.0,1.06,10.7,173,129,6.90,7.50,82,137,169,0.0,1.04,1.08,1.07,3.58,4.77,5.96,35.9
36000,1,302,18.2,0.7,0.0,0.2,17.3,0.0,1.20,10.4,135,138,9.13,9.49,117,126,59,0.0,1.06,1.27,1.24,3.94,4.31,6.80,28.4
36000,256,112,15.7,2.4,0.3,0.2,12.8,0.0,1.58,10.8,67,225,20.21,17.27,73,31,8,0.0,1.19,1.83,1.66,4.19,5.55,5.54,24.0
36000,279,87,16.4,0.0,0.0,0.0,16.4,0.0,1.00,12.7,43,136,7.74,9.91,7,58,22,0.0,1.00,1.00,1.00,3.59,4.05,5.74,35.3
36000,255,37,23.5,0.0,0.5,0.0,23.0,0.0,1.00,9.6,15,89,5.43,5.95,3,6,28,0.0,1.00,1.00,1.00,4.00,4.16,7.05,43.5
36000,186,35,15.0,0.8,0.0,0.1,14.1,0.0,1.24,8.8,14,120,6.94,5.18,2,27,6,0.0,1.23,1.46,1.21,4.29,3.97,7.69,33.3
36000,266,31,46.3,9.8,9.1,0.5,26.9,1.3,3.76,2.4,24,143,18.60,31.38,19,7,5,1.3,3.79,1.54,5.78,6.55,6.87,7.94,26.2
37000,246,930,15.0,0.2,0.1,0.1,14.6,0.0,1.08,11.6,392,121,6.66,7.45,253,379,298,0.0,1.20,1.24,1.06,3.61,4.64,5.67,32.4
37000,180,598,50.3,10.5,11.9,0.6,27.4,1.9,3.72,2.1,413,139,19.39,27.55,284,263,51,1.9,4.07,1.53,5.19,6.77,7.15,7.80,26.1
37000,256,62,17.5,4.5,0.0,0.1,12.9,0.0,2.31,9.1,39,282,26.41,19.41,29,32,1,0.0,1.65,2.55,2.58,4.23,5.79,6.21,25.5
37000,1,60,16.6,0.1,0.5,0.0,16.0,0.0,1.02,9.4,33,87,5.66,5.06,28,21,11,0.0,1.00,1.04,1.02,4.07,4.37,6.98,31.3
37000,186,29,13.0,0.0,0.0,0.1,12.9,0.0,1.00,11.7,10,76,3.39,4.29,5,20,4,0.0,1.00,1.00,1.00,4.48,2.86,7.38,29.8
37000,266,17,47.8,14.1,8.5,0.2,25.0,1.4,4.36,2.7,15,122,17.32,24.40,11,6,0,1.4,5.19,1.67,5.61,6.12,6.76,7.88,23.2
38000,180,653,49.2,10.8,11.6,0.6,26.2,2.0,3.85,2.4,467,143,19.49,27.25,306,251,96,2.0,4.22,1.57,5.36,6.62,7.06,7.77,27.3
38000,246,602,13.8,0.3,0.2,0.0,13.3,0.0,1.08,12.3,234,109,6.16,5.84,121,271,210,0.0,1.06,1.10,1.09,3.42,4.98,4.97,35.0
38000,1,82,14.9,0.5,0.0,0.2,14.2,0.0,1.10,11.9,42,139,8.92,7.71,45,27,10,0.0,1.06,1.15,1.09,3.41,3.98,6.15,27.5
38000,256,58,8.4,0.0,0.1,0.0,8.2,0.0,1.00,17.4,21,103,4.64,4.93,8,47,3,0.1,1.00,1.00,1.00,2.69,3.79,3.59,30.1
38000,266,57,51.0,11.9,11.6,0.2,27.2,1.1,3.92,2.5,36,155,19.54,31.51,23,25,9,1.2,4.66,1.64,5.03,6.91,6.88,7.89,28.7
38000,186,25,15.0,3.1,0.0,0.1,11.8,0.0,1.79,9.9,17,220,16.04,11.06,11,13,1,0.0,1.26,2.12,1.88,4.36,4.16,6.96,26.9
38000,293,23,7.8,0.0,0.0,0.0,7.8,0.0,1.00,19.0,9,84,2.20,4.08,13,10,0,0.0,1.00,1.00,1.00,2.39,3.70,2.78,23.8
39000,180,698,48.7,10.4,10.8,0.7,26.8,1.8,3.73,2.5,476,159,22.10,29.95,356,261,81,1.9,4.11,1.46,5.22,6.76,7.02,7.76,25.9
39000,246,349,14.6,0.4,0.4,0.1,13.8,0.0,1.08,13.4,157,124,6.85,6.25,34,155,160,0.1,1.00,1.14,1.10,3.30,5.19,4.15,37.8
39000,1,296,15.8,0.4,0.1,0.0,15.3,0.0,1.10,12.1,122,137,9.46,9.49,196,52,48,0.0,1.05,1.14,1.10,3.53,4.10,6.00,23.7
39000,298,151,9.3,0.3,0.0,0.0,8.9,0.0,1.13,17.9,69,136,5.55,6.08,74,72,5,0.0,1.06,1.17,1.14,2.83,3.38,3.82,25.9
39000,186,38,9.2,0.7,0.1,0.2,8.3,0.0,1.20,15.6,20,204,12.26,7.99,18,11,9,0.0,1.02,1.43,1.20,3.24,2.95,5.53,30.3
39000,256,24,7.3,0.0,0.0,0.0,7.3,0.0,1.00,18.0,7,260,16.81,7.28,0,22,2,0.0,1.00,1.00,1.00,2.29,3.83,3.17,34.6
39000,293,8,5.0,0.0,0.0,0.0,5.0,0.0,1.00,22.0,1,123,2.57,4.69,0,8,0,0.0,1.00,1.00,1.00,1.88,3.00,2.00,28.4
40000,180,623,49.2,10.6,11.5,1.0,26.1,1.9,3.72,2.2,469,156,20.80,28.98,281,251,91,1.9,4.05,1.50,5.14,6.78,7.14,7.79,27.8
40000,246,502,13.0,0.2,0.1,0.0,12.7,0.0,1.04,14.2,217,123,6.53,6.95,171,218,113,0.0,1.02,1.07,1.05,3.11,5.04,3.95,30.3
40000,1,143,16.7,0.1,0.1,0.0,16.6,0.0,1.03,11.2,65,143,9.55,10.19,40,78,25,0.0,1.01,1.04,1.04,3.83,3.71,6.82,29.6
40000,298,119,11.5,0.4,0.0,0.0,11.1,0.0,1.15,15.7,63,148,6.98,7.94,112,7,0,0.0,1.10,1.24,1.14,3.01,4.01,4.20,21.1
40000,301,84,10.4,0.0,0.0,0.0,10.4,0.0,1.00,16.0,37,102,4.13,4.68,52,30,2,0.0,1.01,1.00,1.00,2.68,3.27,5.13,20.4
40000,186,8,14.8,0.0,0.0,0.6,14.1,0.0,1.00,10.0,7,229,11.41,9.37,4,3,1,0.0,1.00,1.00,1.00,5.12,3.75,7.25,27.6
41000,180,716,50.0,10.3,11.8,0.9,27.0,1.8,3.76,2.2,478,131,17.93,26.80,341,295,80,1.9,4.01,1.46,5.44,6.86,7.05,7.90,26.5
41000,1,657,15.5,0.5,0.2,0.1,14.7,0.0,1.15,11.0,291,149,9.51,10.12,189,315,153,0.0,1.18,1.15,1.14,3.62,4.08,6.54,31.3
41000,246,445,13.6,0.3,0.3,0.0,12.9,0.0,1.09,13.9,213,113,5.63,6.07,131,184,130,0.0,1.07,1.13,1.08,3.31,4.87,4.22,31.7
41000,298,167,12.0,0.3,0.1,0.0,11.5,0.0,1.12,15.7,88,130,4.89,8.06,148,19,0,0.0,1.09,1.23,1.12,3.08,3.89,4.39,20.4
41000,308,66,10.3,0.2,0.6,0.0,9.6,0.0,1.02,15.7,32,132,6.67,6.97,38,11,17,0.0,1.00,1.05,1.01,2.92,5.30,2.98,27.9
41000,301,15,12.5,0.0,0.0,0.0,12.5,0.0,1.00,14.5,10,189,9.34,7.63,13,2,0,0.0,1.00,1.00,1.00,3.13,3.67,5.07,9.2
42000,180,633,49.6,10.5,11.7,1.0,26.3,1.9,3.76,2.0,454,150,22.14,29.10,357,210,66,1.9,4.06,1.47,5.27,6.83,7.18,7.84,25.4
42000,246,389,13.3,0.3,0.1,0.0,12.9,0.0,1.08,14.2,159,124,6.21,5.92,127,97,165,0.0,1.05,1.11,1.09,3.24,4.80,4.10,35.5
42000,1,223,13.1,0.0,0.0,0.0,13.0,0.0,1.01,11.9,92,134,6.83,8.22,49,70,104,0.0,1.01,1.01,1.01,3.43,4.26,5.81,34.9
42000,313,47,13.2,0.1,0.0,0.0,13.1,0.0,1.03,12.6,25,108,6.66,7.59,27,19,1,0.0,1.00,1.05,1.04,3.26,3.68,6.04,25.5
42000,298,43,12.8,0.0,0.0,0.3,12.5,0.0,1.00,14.9,23,95,4.18,7.16,28,15,0,0.0,1.00,1.00,1.00,3.02,3.86,4.67,21.8
42000,308,11,13.5,0.0,1.5,0.3,11.7,0.0,1.00,10.9,7,108,5.17,4.33,2,9,0,0.0,1.00,1.00,1.00,4.18,6.09,6.00,28.3
43000,1,996,13.9,0.7,0.2,0.0,13.0,0.0,1.19,12.3,426,140,7.87,8.11,336,481,179,0.0,1.27,1.18,1.19,3.44,4.59,5.37,29.7
43000,180,439,49.0,10.0,12.2,0.7,26.1,1.8,3.72,2.2,296,153,20.91,29.35,216,164,59,1.8,3.90,1.58,5.51,6.81,7.06,7.83,27.3
43000,246,25,9.5,1.2,0.0,0.0,8.3,0.0,1.36,17.7,17,123,6.77,6.44,25,0,0,0.0,1.08,1.62,1.37,2.36,3.68,3.52,15.2
43000,298,19,20.4,0.2,0.0,0.0,20.2,0.0,1.06,11.1,16,266,23.49,22.44,1,18,0,0.0,1.04,1.08,1.07,3.53,3.84,6.89,30.3
43000,308,12,19.4,0.0,0.0,0.0,19.4,0.0,1.00,9.7,11,99,5.18,5.12,0,1,11,0.0,1.00,1.00,1.00,4.42,4.50,6.67,46.4
43000,317,10,12.1,0.0,0.3,0.0,11.8,0.0,1.00,14.2,3,152,6.88,6.25,1,3,6,0.0,1.00,1.00,1.00,3.20,3.30,5.60,40.5
44000,1,772,14.8,0.6,0.2,0.0,13.9,0.0,1.18,10.0,306,147,9.26,9.26,244,316,212,0.0,1.27,1.15,1.17,3.74,4.78,6.35,32.0
44000,180,634,49.4,11.0,12.0,1.1,25.2,1.9,3.97,2.2,427,147,18.62,29.28,285,260,89,2.0,4.27,1.52,5.73,6.77,7.07,7.85,27.2
44000,246,31,15.4,1.2,0.0,0.0,14.2,0.0,1.32,11.6,16,109,4.41,6.62,31,0,0,0.0,1.02,1.58,1.34,3.45,6.32,4.39,15.2
44000,317,15,14.4,0.0,0.0,0.0,14.4,0.0,1.00,11.1,8,173,11.57,8.86,6,8,1,0.0,1.00,1.00,1.00,3.60,3.73,6.73,22.4
44000,298,10,16.6,1.8,0.0,0.0,14.8,0.0,1.97,13.4,9,253,30.82,20.16,2,8,0,0.0,1.90,2.42,1.89,4.10,5.70,5.10,29.6
45000,1,903,16.0,0.8,0.2,0.0,15.0,0.0,1.23,9.9,358,152,9.33,9.58,302,366,235,0.0,1.33,1.20,1.21,3.79,4.79,6.32,31.5
45000,180,585,48.6,10.0,11.8,1.0,25.9,1.8,3.69,2.2,415,154,21.47,29.44,310,217,58,1.9,3.87,1.56,5.49,6.79,7.03,7.89,25.5
45000,246,174,11.7,0.5,0.1,0.0,11.2,0.0,1.14,15.6,103,132,7.04,7.18,74,74,26,0.0,1.05,1.22,1.15,3.03,4.58,3.73,28.7
46000,1,1027,15.6,0.9,0.2,0.0,14.5,0.0,1.24,9.8,429,143,8.16,8.75,435,404,188,0.0,1.32,1.21,1.23,3.71,4.94,6.24,28.9
46000,180,607,49.0,10.3,12.0,0.8,25.9,1.9,3.76,2.2,436,172,22.78,26.24,322,202,83,2.0,4.05,1.58,5.19,6.75,7.11,7.81,26.4
46000,326,106,23.1,0.4,0.2,0.3,22.2,0.0,1.07,7.5,50,127,9.85,8.68,17,48,41,0.0,1.02,1.12,1.06,4.97,5.08,7.28,36.1
46000,246,19,14.5,0.0,0.0,0.0,14.5,0.0,1.00,13.2,10,148,7.20,6.55,0,5,14,0.0,1.00,1.00,1.00,3.79,5.95,3.47,43.3
47000,1,1187,15.8,0.9,0.2,0.0,14.7,0.0,1.25,9.9,449,147,9.25,9.76,492,472,223,0.0,1.39,1.18,1.25,3.82,4.85,6.28,29.1
47000,180,486,51.0,10.2,12.6,0.5,27.7,1.9,3.68,1.9,308,148,20.20,31.49,261,167,58,2.0,3.95,1.37,5.39,6.74,7.15,7.90,25.5
47000,326,126,22.3,0.0,0.2,0.0,22.0,0.0,1.00,8.1,46,148,11.24,10.32,38,46,42,0.0,1.00,1.00,1.00,4.65,4.48,7.54,32.7
48000,1,1204,16.7,1.0,0.2,0.0,15.5,0.0,1.24,9.7,468,138,8.47,9.72,522,461,221,0.0,1.36,1.19,1.23,3.95,4.86,6.39,28.5
48000,180,490,48.9,9.3,12.1,0.9,26.6,1.8,3.51,2.4,330,158,21.08,31.65,243,195,52,1.9,3.63,1.47,5.14,6.82,7.04,7.81,26.1
48000,334,171,13.4,0.2,0.1,0.0,13.1,0.0,1.10,14.3,63,92,5.40,4.82,31,99,41,0.0,1.07,1.12,1.10,3.08,3.77,5.33,33.2
48000,326,65,23.5,0.2,0.6,0.2,22.5,0.0,1.04,7.6,21,110,7.33,7.54,9,23,33,0.0,1.00,1.06,1.05,4.69,4.72,7.55,37.2
48000,335,36,49.5,10.1,11.8,0.7,26.9,1.8,3.56,2.2,28,127,14.63,36.16,28,7,1,2.3,4.04,1.48,4.69,6.56,7.19,7.78,21.5
49000,1,1028,16.4,0.8,0.2,0.0,15.3,0.0,1.20,10.0,440,143,8.94,9.41,401,454,173,0.0,1.31,1.11,1.20,3.79,4.88,6.19,28.7
49000,180,549,49.7,9.6,11.8,0.7,27.5,1.9,3.56,2.1,363,138,17.50,29.28,291,194,64,1.9,3.71,1.41,5.33,6.72,7.05,7.92,26.2
49000,334,218,14.3,0.5,0.2,0.0,13.7,0.0,1.14,14.4,99,113,5.57,6.42,74,76,68,0.0,1.03,1.21,1.15,3.17,3.97,4.84,32.3
49000,326,51,17.9,0.1,0.2,0.0,17.7,0.0,1.01,10.5,26,198,18.66,14.40,2,29,20,0.0,1.00,1.01,1.02,4.22,4.35,6.59,36.1
49000,340,49,17.1,0.7,0.0,0.1,16.2,0.0,1.14,11.3,30,158,9.54,8.44,41,8,0,0.0,1.06,1.26,1.13,3.63,4.27,6.12,14.4
49000,342,20,9.0,0.0,0.0,0.0,9.0,0.0,1.00,14.3,15,176,13.26,7.86,10,10,0,0.0,1.00,1.00,1.00,3.40,5.10,4.50,25.5
49000,335,11,47.0,7.3,9.6,0.0,30.1,1.3,3.00,2.0,8,102,10.03,27.97,3,8,0,1.3,2.82,1.23,4.64,6.45,7.00,8.00,28.1
50000,1,1109,15.4,1.1,0.3,0.0,14.0,0.0,1.30,10.6,427,160,10.40,9.87,446,465,198,0.0,1.47,1.24,1.29,3.70,4.69,6.10,29.1
50000,180,504,49.7,10.3,11.9,0.4,27.2,1.9,3.70,2.1,350,185,25.70,33.08,244,204,56,1.9,3.92,1.50,5.19,6.76,7.17,7.80,26.6
50000,334,125,12.5,0.3,0.0,0.1,12.1,0.0,1.13,15.0,59,123,6.47,6.95,21,53,51,0.0,1.08,1.17,1.13,3.03,3.80,4.90,37.8
50000,340,79,19.2,0.0,0.0,0.0,19.2,0.0,1.00,9.2,33,75,4.70,5.30,44,27,8,0.0,1.00,1.00,1.00,4.41,4.95,6.51,21.6
50000,326,47,18.9,0.1,0.0,0.0,18.8,0.0,1.04,9.5,19,149,9.34,8.32,0,18,29,0.0,1.00,1.05,1.05,4.70,4.21,7.19,38.9
50000,343,30,15.5,0.1,0.0,0.0,15.4,0.0,1.02,11.3,21,132,6.14,6.89,5,6,19,0.0,1.00,1.07,1.02,3.63,5.63,4.70,34.6
50000,342,7,5.9,0.0,0.0,0.0,5.9,0.0,1.00,18.6,4,178,10.48,3.71,0,7,0,0.0,1.00,1.00,1.00,2.71,6.29,2.14,31.7
51000,1,1109,16.2,0.9,0.3,0.1,15.0,0.0,1.24,10.2,457,154,10.16,10.11,474,415,220,0.0,1.35,1.18,1.25,3.78,4.57,6.42,29.1
51000,180,532,50.8,10.6,13.4,0.3,26.5,2.0,3.77,1.9,354,165,27.70,33.50,258,228,46,2.0,4.06,1.44,5.22,6.88,7.18,7.88,26.5
51000,334,158,13.5,0.1,0.2,0.0,13.2,0.0,1.04,14.9,65,121,5.49,7.22,60,36,62,0.0,1.03,1.03,1.07,3.06,3.41,5.17,32.6
51000,340,82,10.9,0.1,0.2,0.0,10.6,0.0,1.03,15.6,30,106,5.96,4.71,53,16,13,0.0,1.02,1.04,1.04,2.79,4.07,4.18,25.4
51000,343,36,12.9,0.0,0.0,0.0,12.8,0.0,1.00,13.2,21,71,4.24,3.34,22,14,0,0.0,1.00,1.00,1.00,3.19,6.22,3.31,24.1
52000,1,1069,15.2,1.0,0.2,0.0,14.0,0.0,1.31,11.2,489,162,10.19,10.51,504,316,249,0.0,1.44,1.26,1.31,3.63,4.45,6.06,28.9
52000,180,624,49.5,9.6,12.5,0.5,26.9,1.9,3.55,2.3,413,155,21.57,30.26,291,227,106,1.9,3.71,1.44,5.27,6.70,7.07,7.79,27.7
52000,334,138,11.8,0.4,0.0,0.0,11.3,0.0,1.20,16.4,75,99,4.77,5.25,41,32,65,0.0,1.09,1.25,1.23,2.86,3.45,4.45,34.5
52000,340,109,13.4,0.2,0.0,0.0,13.2,0.0,1.08,13.4,56,159,10.18,9.89,70,25,14,0.0,1.07,1.07,1.10,3.33,4.28,5.13,20.9
52000,343,47,14.3,0.0,0.1,0.0,14.1,0.0,1.06,11.7,24,160,11.67,12.70,23,23,1,0.0,1.04,1.04,1.11,3.26,6.68,3.49,26.0
53000,180,666,48.5,9.6,11.9,0.4,26.7,1.9,3.54,2.4,442,148,21.38,30.75,343,244,79,1.9,3.72,1.40,5.35,6.70,7.07,7.79,26.1
53000,1,639,15.9,0.3,0.1,0.0,15.5,0.0,1.09,10.9,301,124,7.20,7.62,182,240,217,0.0,1.09,1.15,1.08,3.82,4.41,6.26,32.9
53000,334,103,11.5,0.2,0.1,0.0,11.2,0.0,1.07,16.8,56,147,9.06,6.08,25,42,36,0.0,1.07,1.15,1.05,2.69,3.63,4.04,34.0
53000,340,102,17.0,0.3,0.1,0.1,16.4,0.0,1.14,10.2,58,96,6.21,7.44,82,19,1,0.0,1.11,1.10,1.21,3.91,4.21,7.13,19.5
53000,343,18,3.0,0.0,0.0,0.0,3.0,0.0,1.00,23.9,3,174,4.54,5.39,16,2,0,0.0,1.00,1.00,1.00,1.67,3.00,1.06,24.0
54000,1,892,14.8,1.1,0.3,0.0,13.4,0.1,1.32,11.0,386,175,11.27,10.95,399,368,125,0.1,1.54,1.19,1.31,3.64,4.71,5.90,27.2
54000,180,698,48.5,9.6,12.2,0.7,26.0,1.9,3.52,2.5,466,140,18.69,28.55,277,307,114,1.9,3.75,1.38,5.18,6.60,6.99,7.77,28.3
54000,334,103,12.4,0.0,0.3,0.0,12.1,0.0,1.00,16.4,55,105,5.59,5.84,37,29,37,0.0,1.00,1.00,1.00,2.92,3.31,4.54,33.7
54000,340,78,15.1,0.0,0.1,0.3,14.7,0.0,1.00,12.6,55,143,12.58,12.41,63,13,2,0.0,1.00,1.00,1.00,3.49,4.62,5.33,19.0
55000,1,935,15.2,1.3,0.3,0.0,13.6,0.1,1.40,11.1,377,180,11.43,11.63,529,348,58,0.1,1.65,1.27,1.39,3.64,4.86,5.67,24.3
55000,180,617,50.7,8.9,12.7,0.5,28.6,1.9,3.35,2.0,376,127,16.96,27.69,285,245,87,1.9,3.39,1.42,5.03,6.82,7.13,7.89,27.3
55000,334,171,12.7,0.1,0.1,0.0,12.5,0.0,1.02,15.7,78,118,4.33,6.89,92,47,32,0.0,1.01,1.02,1.03,3.18,3.51,4.64,26.4
55000,340,92,18.4,0.2,0.4,0.2,17.7,0.0,1.03,9.7,52,114,6.38,8.83,59,21,12,0.0,1.04,1.05,1.01,4.33,4.35,7.16,22.6
56000,1,669,16.6,1.3,0.3,0.0,14.9,0.1,1.36,10.3,249,182,12.65,12.28,379,259,31,0.1,1.59,1.21,1.35,3.86,4.78,6.12,24.5
56000,180,627,48.6,8.9,11.3,0.9,27.4,1.7,3.34,2.3,419,152,20.94,30.22,276,268,83,1.8,3.50,1.46,4.87,6.70,7.09,7.79,27.3
56000,334,276,13.4,0.1,0.1,0.0,13.2,0.0,1.04,14.9,99,124,5.75,6.83,139,63,74,0.0,1.01,1.04,1.07,3.16,3.78,4.86,28.1
56000,340,28,24.4,0.0,0.0,0.0,24.4,0.0,1.00,5.0,18,183,14.60,14.65,4,12,12,0.0,1.00,1.00,1.00,5.32,5.86,7.64,39.9
57000,1,702,17.6,1.9,0.3,0.0,15.4,0.1,1.54,9.4,211,172,12.71,11.80,386,233,83,0.1,1.87,1.34,1.51,3.94,5.15,6.21,25.4
57000,180,530,48.3,9.1,11.3,0.7,27.3,1.7,3.41,2.6,364,164,23.40,30.96,234,222,74,1.7,3.56,1.46,5.22,6.66,6.95,7.78,27.5
57000,334,332,12.5,0.1,0.0,0.0,12.3,0.0,1.04,15.7,122,127,6.01,6.62,154,93,85,0.0,1.00,1.08,1.05,2.92,3.67,4.56,28.0
58000,1,752,16.8,2.0,0.4,0.0,14.3,0.0,1.55,9.9,261,207,14.61,13.80,402,289,61,0.1,1.89,1.34,1.54,3.78,4.95,6.14,25.3
58000,180,548,51.2,9.4,11.9,0.7,29.2,1.7,3.40,2.0,353,148,22.03,30.37,295,182,71,1.7,3.67,1.41,4.92,6.75,7.16,7.84,25.7
58000,334,345,13.4,0.4,0.1,0.0,13.0,0.0,1.12,14.8,125,110,4.84,6.37,120,120,105,0.0,1.11,1.22,1.11,3.22,4.04,4.59,32.6
58000,368,105,12.7,0.0,0.0,0.0,12.7,0.0,1.00,16.3,33,101,5.03,5.95,23,47,35,0.0,1.00,1.00,1.00,2.79,3.83,4.03,35.4
59000,1,975,16.6,1.7,0.5,0.0,14.3,0.1,1.48,10.1,291,191,12.99,12.32,577,322,76,0.1,1.78,1.27,1.46,3.74,4.92,6.03,24.4
59000,180,480,49.1,10.0,11.3,0.8,26.9,1.7,3.63,2.4,315,164,22.51,35.01,239,175,66,1.7,3.85,1.41,5.44,6.70,7.00,7.85,27.1
59000,334,303,14.2,0.1,0.1,0.0,14.0,0.0,1.04,13.8,135,130,6.90,7.48,77,87,139,0.0,1.01,1.09,1.04,3.30,3.93,5.17,36.4
59000,373,98,16.8,0.0,0.0,0.0,16.8,0.0,1.00,10.9,51,134,8.06,9.44,41,37,20,0.0,1.00,1.00,1.00,3.92,3.76,6.86,29.2
59000,368,65,12.7,0.0,0.0,0.0,12.7,0.0,1.00,16.1,23,99,5.84,5.68,1,33,31,0.0,1.00,1.00,1.00,2.75,3.98,3.97,37.7
59000,372,11,28.5,1.9,0.0,0.0,26.6,0.0,1.29,3.8,7,206,15.44,14.67,3,4,4,0.0,1.00,1.48,1.36,4.55,6.82,7.27,33.1
60000,1,1093,15.9,1.5,0.4,0.0,13.9,0.1,1.42,11.0,368,187,11.43,12.63,682,311,100,0.1,1.69,1.21,1.42,3.63,4.71,5.82,24.6
60000,180,484,50.8,9.7,12.7,0.4,28.0,1.9,3.44,1.8,320,150,23.29,32.12,251,175,58,1.9,3.76,1.34,4.80,6.74,7.29,7.82,25.5
60000,334,284,15.4,0.6,0.1,0.0,14.6,0.0,1.20,13.4,123,119,5.98,6.37,59,115,110,0.0,1.03,1.29,1.25,3.45,4.12,5.32,35.7
60000,373,97,14.6,0.8,0.0,0.0,13.8,0.0,1.16,13.0,44,158,8.30,8.07,25,43,29,0.0,1.12,1.26,1.13,3.34,3.21,6.37,32.8
60000,377,63,21.8,1.1,0.8,0.0,20.0,0.0,1.28,6.4,18,79,5.10,5.29,0,16,47,0.0,1.29,1.30,1.26,5.00,5.14,7.71,41.0
60000,368,60,17.5,0.0,0.1,0.0,17.4,0.0,1.00,12.8,29,86,4.82,4.92,2,34,24,0.0,1.00,1.00,1.00,3.48,4.85,4.73,35.8
60000,375,24,11.8,0.6,0.0,0.0,11.1,0.0,1.39,12.8,21,146,7.41,10.50,12,7,5,0.0,1.42,1.46,1.37,3.42,4.25,5.67,27.1
60000,376,14,7.6,0.0,0.0,0.0,7.6,0.0,1.00,17.6,9,172,6.35,6.49,0,11,3,0.0,1.00,1.00,1.00,2.50,2.93,4.29,35.5
61000,1,1694,15.5,1.3,0.5,0.0,13.6,0.1,1.36,11.7,577,168,10.54,10.36,880,542,272,0.1,1.57,1.23,1.35,3.59,4.53,5.68,26.9
61000,180,441,50.0,11.0,12.1,0.4,26.5,1.9,3.86,2.1,300,138,18.70,29.56,200,179,62,1.9,4.29,1.40,5.61,6.85,7.08,7.88,27.5
61000,377,56,21.9,0.6,0.1,0.2,21.0,0.0,1.20,6.0,27,127,7.71,7.47,2,12,42,0.1,1.18,1.20,1.23,4.71,5.52,7.48,41.2
62000,1,1411,16.2,1.4,0.4,0.0,14.3,0.1,1.39,11.1,483,169,10.28,11.31,709,530,172,0.1,1.66,1.20,1.38,3.59,4.80,5.69,26.2
62000,180,357,49.8,10.9,11.8,1.2,25.9,1.8,3.87,2.2,253,196,24.78,36.44,205,109,43,1.8,4.18,1.51,5.56,6.78,7.14,7.81,24.7
62000,377,75,21.9,0.1,0.3,0.0,21.4,0.0,1.08,6.2,28,103,4.95,7.99,13,38,24,0.0,1.06,1.06,1.13,4.71,5.32,7.63,33.0
62000,376,9,18.4,0.0,0.0,0.0,18.4,0.0,1.00,8.2,4,100,1.98,8.14,0,3,6,0.0,1.00,1.00,1.00,4.22,3.89,8.00,41.9
63000,1,1236,16.2,1.5,0.3,0.0,14.4,0.0,1.38,10.8,376,173,10.88,11.68,636,440,160,0.0,1.64,1.18,1.38,3.65,4.79,5.85,26.6
63000,180,408,50.8,9.9,12.1,0.3,28.5,1.8,3.54,2.0,265,144,19.10,32.68,202,165,41,1.9,3.85,1.35,5.15,6.79,7.18,7.85,25.9
63000,377,108,19.9,0.1,0.0,0.0,19.8,0.0,1.04,6.7,39,108,4.86,8.26,32,24,52,0.0,1.04,1.02,1.07,4.65,5.04,7.66,34.6
63000,376,17,26.6,0.0,2.7,0.1,23.8,0.0,1.00,3.1,11,136,3.43,13.77,11,3,3,0.0,1.00,1.00,1.00,5.29,6.71,8.00,26.6
64000,1,905,16.6,1.7,0.5,0.0,14.4,0.0,1.48,10.3,321,181,11.96,12.28,500,296,109,0.1,1.73,1.30,1.48,3.69,4.88,6.01,26.1
64000,180,503,50.2,10.6,11.9,0.6,27.1,1.7,3.71,1.9,355,140,19.05,31.00,246,202,55,1.8,4.07,1.49,5.14,6.78,7.19,7.87,26.5
64000,377,70,20.6,0.4,0.6,0.0,19.6,0.0,1.15,6.5,21,100,5.42,6.13,2,20,48,0.0,1.14,1.10,1.21,4.56,5.03,7.89,42.2
64000,386,44,46.7,9.7,10.1,0.2,26.7,1.5,3.72,2.5,36,220,38.63,41.49,29,13,2,1.5,3.71,1.67,5.58,6.36,7.00,7.86,18.8
64000,376,28,11.6,0.0,0.0,0.0,11.6,0.0,1.00,14.4,15,107,4.39,6.34,0,13,15,0.0,1.00,1.00,1.00,3.39,3.21,5.61,37.8
65000,1,1078,15.8,1.2,0.2,0.0,14.4,0.0,1.33,11.3,410,173,11.66,11.44,488,396,194,0.0,1.49,1.23,1.31,3.63,4.60,5.81,28.4
65000,180,552,49.2,9.4,11.8,1.0,27.0,1.8,3.42,2.1,359,145,19.12,29.44,308,195,49,1.8,3.68,1.43,5.10,6.72,7.09,7.86,24.5
65000,377,126,19.9,0.3,0.3,0.0,19.2,0.0,1.11,7.6,66,118,6.89,8.68,22,36,68,0.0,1.05,1.11,1.17,4.37,5.04,7.37,36.5
65000,386,34,49.4,13.7,8.4,1.0,26.2,1.4,4.77,2.7,26,176,21.76,28.17,13,21,0,1.4,4.08,2.50,7.05,6.44,6.85,7.79,26.2
66000,1,1273,17.3,1.1,0.5,0.0,15.7,0.0,1.29,10.3,438,160,10.42,11.29,575,492,206,0.0,1.46,1.15,1.29,3.84,4.84,6.06,28.2
66000,180,407,48.5,10.4,11.5,0.6,25.9,1.7,3.74,2.2,286,186,27.30,33.68,199,148,60,1.7,4.10,1.54,5.35,6.85,7.09,7.83,26.1
66000,387,329,16.7,0.9,0.1,0.1,15.6,0.0,1.25,11.8,135,151,9.18,9.91,156,94,79,0.0,1.09,1.36,1.31,3.68,4.18,6.04,28.2
66000,377,59,20.5,0.1,0.0,0.0,20.4,0.0,1.07,8.4,35,166,14.54,15.59,27,10,22,0.0,1.29,1.29,1.03,4.36,4.95,7.17,31.4
66000,386,44,51.8,14.5,13.4,0.0,23.9,1.9,4.94,2.0,26,111,15.86,29.48,21,23,0,1.9,5.51,1.28,7.50,6.66,7.11,7.91,26.0
67000,1,1471,16.7,1.0,0.4,0.0,15.3,0.0,1.28,11.1,458,173,11.66,12.39,642,604,225,0.0,1.45,1.16,1.27,3.75,4.62,5.95,27.9
67000,180,392,51.1,9.6,13.0,0.5,28.0,1.9,3.45,1.9,280,184,25.86,35.26,209,136,47,1.9,3.74,1.38,4.81,6.89,7.27,7.84,26.1
67000,387,341,16.1,0.7,0.1,0.0,15.3,0.0,1.26,12.1,137,159,8.99,9.45,113,109,119,0.0,1.13,1.34,1.31,3.62,4.01,6.01,33.0
67000,386,37,49.5,9.1,10.4,0.4,29.5,1.5,3.43,2.4,23,183,40.44,32.54,26,11,0,1.6,3.63,1.18,4.78,6.68,7.16,7.65,19.3
68000,1,2312,23.5,2.9,2.8,0.1,17.7,0.4,1.77,9.8,901,158,12.43,15.58,1002,863,447,0.4,1.91,1.30,2.08,4.30,4.93,6.24,28.6
68000,180,13,59.2,26.3,11.6,0.0,21.2,2.0,6.97,0.0,11,129,18.74,32.93,12,1,0,2.0,8.37,4.11,7.71,7.38,8.00,8.00,21.0
69000,1,1834,15.1,0.9,0.1,0.0,14.0,0.0,1.27,12.8,599,161,9.58,10.42,765,691,378,0.0,1.33,1.21,1.29,3.44,4.18,5.45,28.4
70000,1,1000,16.0,1.4,0.3,0.1,14.2,0.0,1.40,11.5,332,176,11.22,11.61,415,424,161,0.0,1.63,1.22,1.40,3.54,4.73,5.59,28.3
71000,1,1192,15.2,1.2,0.2,0.0,13.8,0.0,1.36,12.1,436,174,11.32,11.22,497,481,214,0.0,1.57,1.24,1.35,3.48,4.59,5.39,28.7
72000,1,1255,15.4,1.2,0.2,0.0,14.0,0.0,1.33,12.2,411,161,10.30,10.20,515,532,208,0.0,1.52,1.18,1.32,3.52,4.50,5.45,28.7
73000,1,1260,14.5,0.9,0.2,0.0,13.5,0.0,1.24,13.4,406,156,9.59,9.59,516,540,204,0.0,1.38,1.12,1.24,3.35,4.41,4.95,28.6
73000,405,136,52.2,9.1,11.3,0.3,31.6,1.7,3.30,1.6,89,156,21.97,36.00,84,46,6,1.7,3.51,1.37,4.79,7.05,7.38,7.82,22.8
74000,1,758,15.3,1.4,0.2,0.0,13.8,0.0,1.44,12.7,306,177,11.82,10.89,414,271,73,0.0,1.68,1.33,1.43,3.40,4.67,5.03,26.0
74000,408,636,12.8,0.9,0.1,0.0,11.8,0.0,1.39,14.9,241,136,6.79,7.75,347,170,119,0.0,1.25,1.48,1.46,3.07,3.37,5.25,26.5
74000,405,214,49.4,8.1,11.1,0.4,29.9,1.6,3.15,2.1,135,136,17.72,31.63,116,70,28,1.6,3.18,1.30,4.69,6.60,7.15,7.82,26.4
75000,1,1258,13.9,0.9,0.1,0.0,13.0,0.0,1.27,14.2,419,146,8.64,8.97,585,505,168,0.0,1.39,1.18,1.27,3.10,4.40,4.53,27.6
75000,408,680,14.7,1.0,0.1,0.0,13.6,0.0,1.34,13.8,268,141,6.53,7.91,263,225,192,0.0,1.19,1.44,1.40,3.30,3.64,5.56,30.6
75000,405,321,50.7,8.7,11.6,0.9,29.6,1.7,3.23,2.0,180,139,18.33,30.39,180,125,16,1.7,3.40,1.28,4.83,6.86,7.13,7.88,24.2
76000,1,1252,12.1,0.7,0.1,0.0,11.2,0.0,1.23,15.5,413,148,7.45,7.92,553,510,189,0.0,1.33,1.15,1.23,2.93,4.00,4.29,28.1
76000,408,598,13.5,0.8,0.2,0.0,12.4,0.0,1.31,14.8,244,150,7.55,8.30,294,153,151,0.0,1.25,1.38,1.34,3.16,3.49,5.23,28.4
76000,405,521,51.0,9.4,12.0,0.6,29.0,1.7,3.43,1.9,309,116,14.09,25.19,254,178,89,1.7,3.70,1.45,4.93,6.96,7.19,7.85,27.6
76000,412,37,53.7,13.8,15.2,0.1,24.6,2.8,4.33,0.9,29,268,51.79,40.74,9,27,1,3.0,5.22,1.76,5.42,7.08,7.59,7.97,29.6
77000,1,1156,13.6,0.8,0.1,0.0,12.7,0.0,1.27,14.2,396,154,9.20,8.93,521,450,185,0.0,1.38,1.18,1.28,3.12,4.37,4.64,28.5
77000,408,648,13.1,0.7,0.1,0.0,12.2,0.0,1.25,15.0,253,155,8.99,8.46,331,152,165,0.0,1.12,1.33,1.29,3.07,3.34,5.19,27.6
77000,405,434,50.6,9.8,11.7,0.8,28.3,1.6,3.54,2.0,286,157,21.45,31.20,231,153,50,1.6,3.82,1.41,5.21,7.05,7.19,7.83,25.7
77000,416,74,51.8,13.5,16.3,0.3,21.7,2.5,4.32,1.8,47,154,16.87,34.61,34,34,6,2.6,5.15,1.47,5.80,7.23,7.23,7.97,25.6
77000,412,12,53.9,11.8,16.4,2.6,23.2,2.7,3.51,1.0,11,214,28.20,37.33,3,9,0,2.7,4.48,1.54,4.09,7.92,7.50,8.00,28.5
77000,415,8,14.1,0.0,0.0,0.0,14.1,0.0,1.00,14.5,5,438,57.28,44.23,4,4,0,0.0,1.00,1.00,1.00,4.12,3.62,5.12,25.9
78000,1,899,13.6,1.3,0.1,0.0,12.1,0.0,1.43,13.9,298,151,8.16,8.44,417,370,112,0.0,1.64,1.26,1.42,3.09,4.45,4.64,26.8
78000,408,649,12.3,0.8,0.1,0.0,11.4,0.0,1.35,15.4,230,134,6.45,6.76,293,219,137,0.0,1.25,1.42,1.39,2.90,3.26,5.10,28.1
78000,405,489,51.2,10.3,12.0,0.9,27.9,1.7,3.70,1.9,288,119,14.63,28.40,221,195,73,1.7,3.98,1.47,5.25,6.76,7.24,7.82,27.6
78000,416,31,47.8,13.3,14.1,0.9,19.5,2.2,4.12,2.3,25,262,29.28,54.14,19,11,1,2.2,5.09,1.75,5.16,6.23,6.87,7.97,24.9
79000,1,794,14.3,1.0,0.1,0.0,13.2,0.0,1.32,12.6,268,138,7.06,8.25,391,287,116,0.0,1.52,1.18,1.32,3.29,4.72,5.02,27.3
79000,408,625,12.6,0.9,0.0,0.0,11.6,0.0,1.31,14.9,210,165,8.22,8.81,253,252,120,0.0,1.15,1.39,1.39,3.04,3.35,5.26,28.8
79000,405,305,50.2,9.8,12.0,0.4,28.1,1.6,3.66,2.3,186,133,16.56,30.34,154,118,33,1.6,3.84,1.40,5.59,6.69,6.99,7.86,25.2
80000,1,1148,13.3,0.8,0.1,0.0,12.4,0.0,1.25,14.2,393,147,7.82,8.31,550,408,190,0.0,1.35,1.17,1.26,3.10,4.46,4.48,27.7
80000,408,768,13.9,0.8,0.2,0.1,12.8,0.0,1.25,13.9,237,148,7.05,8.53,293,274,201,0.0,1.10,1.32,1.32,3.19,3.47,5.62,29.7
80000,405,463,51.5,10.8,12.7,0.5,27.5,1.8,3.84,1.8,289,186,31.96,32.26,196,215,52,1.9,4.21,1.46,5.44,6.82,7.22,7.88,27.7
80000,416,14,51.1,10.4,19.2,0.0,21.5,2.1,3.63,1.9,11,231,38.47,37.10,13,1,0,2.1,3.98,1.36,5.29,7.29,7.07,8.00,14.6
81000,408,728,14.3,0.9,0.1,0.0,13.3,0.0,1.29,14.0,239,147,8.03,8.69,292,304,132,0.0,1.14,1.38,1.36,3.26,3.53,5.50,28.4
81000,1,618,13.8,1.2,0.2,0.0,12.5,0.0,1.38,13.5,212,146,8.41,8.22,336,215,67,0.0,1.56,1.26,1.38,3.14,4.42,4.88,26.1
81000,405,490,50.9,11.3,12.3,0.4,27.0,1.9,3.94,1.9,318,149,19.29,30.37,234,181,75,1.9,4.40,1.58,5.39,6.75,7.27,7.83,27.3
81000,416,14,50.4,9.6,17.7,0.0,23.1,2.9,3.44,2.0,14,152,21.13,40.61,6,8,0,2.9,3.83,1.32,4.36,6.50,7.43,7.57,26.2
82000,408,886,13.6,0.9,0.1,0.0,12.7,0.0,1.32,14.2,302,159,8.71,9.86,287,377,222,0.0,1.16,1.42,1.40,3.19,3.47,5.48,30.9
82000,1,666,14.4,1.3,0.2,0.0,12.9,0.0,1.38,12.8,204,166,9.42,9.60,297,291,78,0.0,1.61,1.18,1.38,3.24,4.58,5.08,27.2
82000,405,495,50.8,10.4,10.8,0.5,29.1,1.6,3.69,2.0,321,171,24.33,29.41,261,176,58,1.6,4.01,1.45,5.17,6.71,7.14,7.89,26.1
83000,408,792,12.9,0.9,0.1,0.0,11.9,0.0,1.33,14.8,312,169,8.94,10.21,293,336,163,0.0,1.19,1.43,1.40,3.00,3.29,5.33,29.1
83000,405,619,49.9,10.3,11.3,0.7,27.6,1.6,3.76,2.2,376,136,17.48,28.75,308,241,70,1.6,4.06,1.51,5.47,6.80,7.06,7.84,26.4
83000,1,566,14.1,1.3,0.1,0.0,12.6,0.0,1.39,12.8,175,150,8.41,9.37,252,225,89,0.0,1.62,1.19,1.39,3.27,4.47,5.18,28.2
83000,427,97,14.3,0.2,0.0,0.0,14.1,0.0,1.06,15.1,51,107,5.80,5.25,39,34,24,0.0,1.02,1.07,1.08,3.28,4.15,4.59,29.3
84000,1,1077,14.6,1.1,0.2,0.0,13.2,0.0,1.31,12.7,418,145,8.02,8.75,486,389,202,0.0,1.43,1.23,1.32,3.38,4.64,5.12,28.6
84000,408,797,12.8,0.8,0.1,0.0,12.0,0.0,1.28,14.5,298,152,8.03,8.98,382,268,147,0.0,1.14,1.35,1.36,3.10,3.45,5.37,26.1
84000,405,569,50.0,9.7,11.1,0.6,28.6,1.7,3.51,1.9,361,145,19.71,29.65,279,214,76,1.7,3.76,1.41,4.98,6.73,7.22,7.86,26.9
85000,408,686,13.0,0.9,0.2,0.0,11.9,0.0,1.34,14.9,258,181,10.50,10.20,332,269,85,0.0,1.15,1.44,1.42,3.15,3.44,5.17,25.7
85000,1,661,15.6,1.2,0.2,0.1,14.1,0.0,1.37,11.3,226,153,9.18,8.80,320,228,113,0.0,1.56,1.20,1.37,3.59,4.73,5.64,27.1
85000,405,560,51.2,10.5,12.5,0.4,27.8,1.7,3.69,1.9,356,142,21.18,30.99,248,215,97,1.7,4.08,1.36,5.22,6.84,7.22,7.84,27.7
86000,408,865,11.9,0.9,0.1,0.0,10.9,0.0,1.38,15.4,294,173,8.67,9.88,445,317,103,0.0,1.22,1.47,1.46,2.98,3.32,5.01,25.6
86000,405,551,49.7,10.6,11.6,0.5,27.0,1.7,3.82,2.2,333,155,23.72,30.95,221,244,86,1.7,4.06,1.48,5.63,6.66,7.08,7.84,28.0
86000,1,546,14.8,1.2,0.1,0.1,13.5,0.0,1.36,12.4,206,187,11.86,9.67,222,221,103,0.0,1.57,1.19,1.37,3.38,4.60,5.25,28.3
87000,408,833,13.9,0.9,0.2,0.0,12.7,0.0,1.33,14.2,325,173,9.81,9.92,495,246,92,0.0,1.18,1.44,1.39,3.24,3.50,5.43,24.4
87000,1,588,14.9,1.3,0.5,0.0,13.2,0.1,1.41,12.2,229,165,10.51,9.20,247,249,92,0.1,1.60,1.27,1.41,3.45,4.59,5.40,27.5
87000,405,514,50.4,9.3,11.2,0.5,29.4,1.6,3.45,2.0,331,155,21.76,32.56,233,204,77,1.6,3.70,1.40,4.91,6.72,7.22,7.83,27.2
88000,408,736,13.8,1.2,0.2,0.0,12.5,0.0,1.38,14.3,295,173,9.83,10.24,451,216,69,0.0,1.18,1.53,1.46,3.21,3.49,5.44,23.0
88000,1,630,14.7,1.3,0.2,0.0,13.3,0.0,1.38,12.5,218,143,8.40,8.63,244,282,104,0.0,1.59,1.23,1.37,3.26,4.63,5.19,28.7
88000,405,548,51.3,9.3,11.6,0.5,29.8,1.7,3.38,1.8,317,126,15.28,29.52,227,245,76,1.7,3.62,1.27,4.90,6.91,7.30,7.86,27.9
89000,408,753,13.3,0.8,0.2,0.0,12.3,0.0,1.28,14.5,299,145,7.73,8.33,400,257,96,0.0,1.11,1.37,1.35,3.19,3.46,5.33,25.4
89000,1,690,14.9,1.5,0.1,0.0,13.2,0.0,1.47,12.0,264,160,9.14,9.46,339,256,95,0.0,1.70,1.36,1.46,3.35,4.61,5.47,26.9
89000,405,536,50.3,10.4,12.1,0.7,27.1,1.7,3.74,2.2,338,148,21.44,31.43,250,225,61,1.7,4.03,1.45,5.47,6.79,7.11,7.82,26.4
89000,433,289,13.0,0.3,0.1,0.0,12.7,0.0,1.09,15.8,122,136,7.09,6.29,57,148,84,0.0,1.10,1.10,1.08,3.15,4.82,3.31,33.5
90000,408,907,13.0,1.0,0.2,0.0,11.7,0.0,1.37,14.7,335,146,7.17,8.48,477,344,86,0.0,1.20,1.47,1.46,3.06,3.39,5.29,24.1
90000,1,732,16.1,1.3,0.4,0.0,14.3,0.1,1.39,11.2,252,157,9.32,9.73,355,227,150,0.1,1.56,1.30,1.39,3.58,4.74,5.72,27.9
90000,405,415,50.7,10.6,11.8,1.0,27.2,1.8,3.71,1.7,309,163,25.52,31.35,179,196,40,1.8,4.16,1.45,5.05,6.81,7.32,7.86,26.6
90000,433,395,13.6,0.1,0.3,0.0,13.3,0.0,1.03,15.6,174,119,5.69,6.48,79,168,148,0.0,1.02,1.03,1.02,2.97,4.26,3.98,36.1
91000,408,1113,13.1,0.8,0.2,0.0,12.1,0.0,1.28,14.5,357,159,7.65,9.15,546,465,102,0.0,1.14,1.34,1.35,3.16,3.49,5.31,25.1
91000,1,804,17.0,1.3,0.2,0.0,15.4,0.0,1.36,10.2,230,167,11.37,12.33,401,246,157,0.0,1.52,1.24,1.37,3.73,4.85,6.08,27.7
91000,433,643,13.2,0.2,0.1,0.0,12.9,0.0,1.06,15.5,212,127,6.48,7.05,225,250,168,0.0,1.03,1.09,1.07,3.00,4.26,3.98,31.2
91000,405,291,50.3,10.8,13.4,1.5,24.5,2.0,3.78,2.1,205,228,40.58,41.38,141,115,35,2.0,4.26,1.47,5.26,6.67,7.22,7.73,26.4
92000,1,1174,13.5,1.0,0.2,0.0,12.3,0.0,1.31,13.4,405,154,8.30,9.24,518,454,202,0.0,1.44,1.25,1.31,3.21,4.51,4.85,27.9
92000,408,905,12.6,0.8,0.1,0.0,11.7,0.0,1.28,14.9,295,195,10.30,9.79,403,420,82,0.0,1.15,1.35,1.35,3.08,3.42,5.15,26.0
92000,405,440,52.6,10.7,12.0,0.7,29.2,1.8,3.75,1.6,268,141,20.89,36.04,212,163,65,1.8,4.19,1.38,5.15,7.09,7.37,7.82,27.0
92000,433,226,13.7,0.1,0.1,0.0,13.5,0.0,1.05,15.7,101,125,8.17,7.51,51,63,112,0.0,1.01,1.05,1.06,3.02,3.94,4.22,38.4
93000,408,1467,13.6,0.9,0.2,0.0,12.5,0.0,1.31,14.0,576,175,10.65,10.38,713,573,181,0.0,1.33,1.33,1.33,3.20,4.00,5.05,25.7
93000,405,539,51.7,9.9,12.5,0.5,28.9,1.8,3.50,1.8,314,122,15.63,30.37,267,211,61,1.8,3.84,1.27,4.98,6.96,7.30,7.81,26.5
93000,1,364,14.7,0.5,0.2,0.0,14.1,0.0,1.18,14.9,186,112,5.38,6.45,83,151,130,0.0,1.14,1.25,1.18,3.18,4.66,3.96,34.3
93000,433,128,12.7,0.9,0.0,0.0,11.8,0.0,1.29,15.7,51,131,5.45,6.16,25,42,61,0.0,1.24,1.38,1.28,2.92,3.30,4.88,37.7
94000,408,833,12.4,0.7,0.1,0.0,11.6,0.0,1.26,15.3,320,170,9.59,9.01,383,365,85,0.0,1.15,1.32,1.30,2.94,3.27,5.13,26.2
94000,405,555,51.5,10.0,11.4,1.1,29.0,1.6,3.55,1.8,329,135,17.92,30.37,248,241,66,1.6,3.94,1.40,4.84,6.82,7.31,7.81,27.1
94000,1,365,13.5,0.3,0.0,0.1,13.1,0.0,1.13,15.0,150,104,4.68,5.72,118,122,125,0.0,1.08,1.18,1.13,3.14,4.61,3.93,32.3
95000,408,817,13.0,0.9,0.1,0.0,12.0,0.0,1.31,14.7,325,158,8.27,8.22,404,313,100,0.0,1.17,1.40,1.38,3.08,3.39,5.34,26.5
95000,405,579,50.1,11.9,12.4,0.4,25.3,1.8,4.29,2.3,364,131,18.06,29.80,271,232,76,1.8,4.58,1.75,6.27,6.64,7.02,7.85,26.8
95000,1,169,13.5,0.4,0.1,0.0,12.9,0.0,1.15,14.2,74,89,4.86,5.39,64,77,28,0.0,1.21,1.24,1.11,3.29,4.62,4.30,29.4
96000,408,816,12.5,0.9,0.1,0.0,11.5,0.0,1.33,14.8,325,171,9.15,9.20,403,342,71,0.0,1.14,1.42,1.43,3.15,3.44,5.23,26.2
96000,405,472,48.9,11.3,11.7,0.5,25.5,1.8,3.98,2.6,321,179,26.79,33.55,226,194,52,1.8,4.36,1.61,5.61,6.67,7.00,7.72,27.0
96000,1,331,13.5,0.2,0.2,0.0,13.1,0.0,1.06,15.0,126,110,6.37,6.02,173,92,66,0.0,1.05,1.08,1.06,3.20,4.69,3.82,26.3
97000,1,1367,14.5,0.7,0.2,0.0,13.6,0.0,1.22,13.5,487,140,8.25,8.25,498,560,309,0.0,1.33,1.13,1.21,3.22,4.55,4.76,30.0
97000,408,717,12.3,1.1,0.0,0.0,11.1,0.0,1.38,15.0,268,217,12.19,11.02,440,239,38,0.0,1.17,1.51,1.48,3.06,3.48,5.11,24.3
97000,405,447,50.5,11.1,12.0,0.8,26.6,1.9,3.88,2.0,322,184,27.39,34.91,204,178,65,1.9,4.31,1.48,5.43,6.79,7.14,7.87,27.1
98000,408,759,13.0,0.9,0.2,0.0,11.9,0.0,1.36,14.8,274,179,10.02,10.53,373,345,41,0.0,1.21,1.46,1.44,3.01,3.65,5.05,26.0
98000,1,656,14.2,1.0,0.1,0.0,13.1,0.0,1.34,13.0,225,158,8.68,9.61,294,263,99,0.0,1.52,1.20,1.34,3.29,4.54,4.98,26.6
98000,405,471,49.4,10.0,11.9,0.5,26.9,1.7,3.70,2.3,320,194,27.60,39.25,192,185,94,1.8,3.93,1.45,5.45,6.53,7.04,7.85,29.1
99000,1,699,15.0,1.4,0.2,0.0,13.4,0.0,1.41,12.4,198,147,8.33,9.17,290,283,126,0.0,1.62,1.24,1.40,3.31,4.54,5.32,27.9
99000,408,588,13.8,0.8,0.3,0.0,12.7,0.0,1.30,14.4,267,169,10.07,9.94,332,223,33,0.0,1.16,1.38,1.36,3.21,3.91,4.94,25.1
99000,405,493,50.2,10.4,12.9,0.8,26.0,2.1,3.65,2.0,349,149,20.99,32.70,195,201,97,2.1,4.07,1.40,5.02,6.90,7.24,7.78,28.6
100000,1,889,15.4,0.9,0.3,0.0,14.2,0.0,1.25,12.3,330,134,7.73,8.32,330,360,199,0.0,1.39,1.13,1.26,3.36,4.60,5.28,30.5
100000,405,678,50.5,10.8,12.0,0.5,27.3,1.9,3.86,2.0,434,117,14.96,28.29,335,245,98,1.9,4.16,1.56,5.51,6.87,7.23,7.80,26.1
100000,408,405,12.1,0.9,0.1,0.0,11.1,0.0,1.32,15.1,195,147,8.17,9.02,288,113,4,0.0,1.16,1.41,1.39,2.99,3.52,4.99,22.1
101000,1,672,15.4,1.0,0.2,0.0,14.2,0.0,1.27,11.7,242,141,7.89,8.63,288,263,121,0.0,1.44,1.12,1.27,3.47,4.82,5.38,28.8
101000,405,602,50.0,10.2,11.3,0.2,28.3,1.7,3.73,2.1,375,144,19.51,30.99,314,201,87,1.8,3.92,1.47,5.44,6.85,7.13,7.83,26.5
101000,408,240,14.1,0.5,0.1,0.0,13.5,0.0,1.21,14.7,124,158,8.24,9.53,180,57,3,0.0,1.17,1.25,1.23,3.01,3.29,5.37,19.3
102000,1,1537,14.1,0.5,0.2,0.0,13.3,0.0,1.16,13.8,563,135,7.30,7.89,632,527,378,0.0,1.23,1.11,1.17,3.20,4.42,4.74,29.4
102000,405,529,51.3,11.1,12.5,0.3,27.4,1.9,3.88,1.8,320,136,19.27,30.93,243,204,82,1.9,4.29,1.46,5.42,6.68,7.24,7.87,28.1
102000,408,266,11.6,0.3,0.0,0.0,11.3,0.0,1.21,15.6,123,155,8.62,8.11,184,69,13,0.0,1.17,1.20,1.26,2.95,2.94,5.25,21.3
102000,454,71,14.5,0.3,0.1,0.0,14.1,0.0,1.18,12.3,27,115,7.08,7.07,64,7,0,0.0,1.18,1.18,1.19,3.49,4.99,4.92,21.5
102000,456,8,17.1,0.0,0.8,0.0,16.4,0.0,1.00,12.2,6,132,7.80,9.70,7,1,0,0.0,1.00,1.00,1.00,3.75,4.88,5.00,17.6
103000,1,1532,13.0,0.4,0.1,0.0,12.4,0.0,1.13,14.7,540,139,7.12,7.70,698,516,318,0.0,1.17,1.10,1.14,3.05,4.32,4.37,28.7
103000,405,556,49.9,11.0,11.4,0.2,27.4,1.8,3.89,2.2,368,147,20.57,32.30,258,222,76,1.9,4.26,1.55,5.52,6.84,7.10,7.81,27.3
103000,408,154,11.6,0.9,0.0,0.0,10.7,0.0,1.35,15.2,67,168,8.31,8.77,97,57,0,0.0,1.11,1.50,1.41,2.95,3.19,5.27,22.5
103000,456,40,9.6,0.1,0.4,0.0,9.1,0.0,1.09,16.4,21,118,4.70,7.03,40,0,0,0.1,1.09,1.09,1.08,2.42,4.00,3.92,13.5
104000,1,1364,13.4,0.6,0.1,0.0,12.7,0.0,1.19,14.4,471,133,7.08,8.03,578,490,296,0.0,1.22,1.16,1.19,3.09,4.43,4.40,29.4
104000,405,605,50.3,10.8,11.1,0.7,27.7,1.6,3.90,2.2,357,164,22.33,31.89,285,264,56,1.6,4.21,1.59,5.63,6.61,7.10,7.84,26.1
104000,408,138,13.9,1.1,0.3,0.0,12.5,0.0,1.35,14.6,71,192,12.35,9.97,103,33,2,0.0,1.13,1.52,1.42,3.16,3.48,5.28,22.4
104000,456,8,9.0,0.0,0.0,0.0,9.0,0.0,1.00,15.0,4,143,6.32,6.85,8,0,0,0.0,1.00,1.00,1.00,2.62,2.75,5.75,17.2
105000,1,1188,13.7,0.5,0.1,0.0,13.1,0.0,1.17,14.4,461,133,7.02,7.95,413,484,291,0.0,1.22,1.14,1.17,3.13,4.38,4.48,30.8
105000,405,737,49.8,10.5,11.8,0.3,27.3,1.7,3.76,2.1,470,143,18.22,28.85,329,327,81,1.8,4.06,1.46,5.25,6.75,7.15,7.80,26.4
105000,408,149,13.2,1.2,0.3,0.0,11.7,0.0,1.47,15.3,72,216,15.83,11.48,134,14,1,0.0,1.22,1.61,1.54,3.13,3.58,4.83,21.0
105000,456,10,6.1,0.2,0.0,0.0,5.9,0.0,1.30,19.6,9,229,11.97,12.67,10,0,0,0.0,1.20,1.20,1.50,2.10,1.70,4.50,12.4
106000,1,1293,13.8,0.5,0.2,0.0,13.0,0.0,1.17,14.5,508,139,7.93,7.60,506,525,262,0.0,1.21,1.14,1.17,3.10,4.28,4.57,29.7
106000,405,594,47.9,10.7,10.9,0.4,25.8,1.6,3.98,2.5,384,169,20.80,29.97,319,195,80,1.6,4.16,1.56,5.94,6.52,6.95,7.84,26.4
106000,408,51,9.5,1.3,0.0,0.0,8.2,0.0,1.58,16.7,20,155,6.93,9.69,51,0,0,0.0,1.28,1.64,1.76,2.98,3.59,4.04,16.7
106000,456,28,9.8,0.1,0.2,0.0,9.5,0.0,1.05,15.8,20,221,12.01,9.69,26,2,0,0.0,1.00,1.05,1.11,3.11,2.89,5.75,15.5
107000,1,1346,14.8,0.5,0.1,0.0,14.1,0.0,1.16,13.6,511,139,8.18,8.06,562,512,272,0.0,1.22,1.10,1.17,3.31,4.47,4.77,29.1
107000,405,577,49.7,10.4,11.4,0.2,27.7,1.7,3.74,2.2,355,151,19.51,28.29,288,205,84,1.8,4.01,1.45,5.31,6.79,7.14,7.77,26.9
107000,463,216,15.7,0.2,0.3,0.0,15.2,0.0,1.06,12.7,122,126,7.52,7.51,55,79,82,0.0,1.04,1.11,1.06,3.60,4.79,4.86,34.5
107000,456,12,9.3,0.0,0.0,0.0,9.3,0.0,1.00,17.0,8,69,2.96,4.40,12,0,0,0.0,1.00,1.00,1.00,3.25,2.42,5.08,12.7
107000,408,5,31.8,3.2,0.0,0.0,28.6,0.0,1.77,5.2,2,65,3.82,6.68,5,0,0,0.0,1.00,2.00,2.20,5.60,5.40,8.00,17.7
108000,1,674,13.0,0.3,0.1,0.0,12.6,0.0,1.09,15.8,266,121,6.13,6.80,313,244,117,0.0,1.06,1.12,1.09,3.00,4.22,3.92,27.9
108000,405,575,50.2,10.7,11.5,0.4,27.6,1.7,3.85,2.2,355,139,19.91,30.09,285,217,73,1.7,4.14,1.45,5.75,6.80,7.08,7.83,27.1
108000,463,257,14.7,0.0,0.3,0.0,14.3,0.0,1.01,13.9,106,126,6.67,7.15,34,135,88,0.0,1.01,1.02,1.01,3.42,5.05,4.04,35.3
108000,408,14,22.0,2.2,0.0,0.4,19.4,0.0,1.55,10.1,7,145,10.95,13.15,0,14,0,0.0,1.12,1.74,1.75,3.79,4.79,6.14,31.6
109000,405,618,50.9,10.1,11.1,0.8,29.0,1.5,3.68,2.1,389,144,20.08,30.44,336,216,66,1.6,4.01,1.47,5.07,6.78,7.25,7.75,25.4
109000,1,395,11.5,0.2,0.0,0.0,11.3,0.0,1.06,17.2,133,114,5.24,5.38,146,138,111,0.0,1.04,1.06,1.07,2.73,3.93,3.48,30.2
109000,463,54,14.9,0.1,0.3,0.0,14.5,0.0,1.04,12.6,25,107,4.92,6.57,7,37,10,0.0,1.03,1.03,1.05,3.61,4.54,5.30,32.4
110000,1,623,12.7,0.2,0.1,0.0,12.5,0.0,1.08,16.1,216,131,6.50,6.92,342,143,138,0.0,1.07,1.09,1.11,2.87,4.29,3.71,27.5
110000,405,576,50.3,10.8,10.7,0.5,28.2,1.5,3.90,2.2,350,157,21.97,29.12,293,228,55,1.6,4.17,1.50,5.69,6.79,7.07,7.86,26.0
110000,463,30,18.1,0.0,2.4,0.0,15.8,0.0,1.00,11.5,17,191,13.36,12.51,1,21,8,0.0,1.00,1.00,1.00,3.80,5.13,5.13,33.6
111000,405,608,50.1,9.9,11.2,0.7,28.3,1.6,3.66,2.2,372,150,20.27,30.98,309,222,77,1.6,3.89,1.54,5.31,6.85,7.09,7.81,25.9
111000,1,383,15.1,0.3,0.0,0.0,14.8,0.0,1.09,14.9,177,115,5.96,7.63,168,148,67,0.0,1.06,1.12,1.09,3.19,4.55,4.05,29.2
111000,463,38,18.0,0.0,0.7,0.0,17.3,0.0,1.00,11.1,21,80,5.39,5.00,0,28,10,0.0,1.00,1.00,1.00,3.84,4.63,5.82,36.6
112000,405,625,49.5,9.9,10.6,0.4,28.6,1.6,3.67,2.2,390,153,20.38,30.60,329,228,68,1.6,3.89,1.46,5.23,6.77,7.16,7.77,25.6
112000,1,583,13.8,0.4,0.0,0.0,13.3,0.0,1.17,15.3,257,117,6.00,7.02,214,243,126,0.0,1.17,1.22,1.18,3.02,4.58,4.06,29.9
112000,475,537,14.6,1.1,0.1,0.0,13.5,0.0,1.33,12.4,180,150,8.77,8.89,208,203,126,0.0,1.52,1.20,1.31,3.41,4.66,5.17,29.5
112000,463,36,13.6,0.5,0.0,0.0,13.1,0.0,1.17,14.9,16,109,7.07,4.15,11,22,3,0.0,1.21,1.21,1.12,3.11,3.36,5.19,30.0
113000,1,693,15.1,0.4,0.1,0.0,14.6,0.0,1.12,14.3,332,128,7.24,7.87,296,280,117,0.0,1.07,1.15,1.13,3.36,4.59,4.48,28.5
113000,475,664,14.8,1.1,0.1,0.1,13.4,0.0,1.33,12.0,223,148,8.84,9.13,315,226,123,0.0,1.54,1.16,1.33,3.33,4.82,5.19,27.2
113000,405,595,50.6,10.8,11.5,0.3,28.0,1.7,3.87,1.9,349,129,17.36,27.80,278,240,77,1.7,4.15,1.49,5.48,6.80,7.19,7.88,26.8
113000,481,132,13.7,0.0,0.1,0.0,13.5,0.0,1.00,14.5,62,120,6.00,8.26,27,53,52,0.0,1.00,1.00,1.00,3.24,4.78,3.95,34.3
113000,463,48,9.9,0.0,0.0,0.0,9.9,0.0,1.00,16.4,26,152,6.89,9.28,32,16,0,0.0,1.00,1.00,1.00,2.94,2.67,5.15,24.6
114000,475,860,14.2,1.2,0.3,0.0,12.7,0.0,1.35,12.7,289,150,8.10,9.31,478,274,108,0.1,1.61,1.19,1.34,3.25,4.62,5.05,25.2
114000,405,552,49.4,9.8,11.3,0.2,28.0,1.6,3.68,2.3,328,132,17.02,28.12,290,207,55,1.7,3.86,1.43,5.41,6.82,7.03,7.87,25.4
114000,1,518,14.8,0.3,0.1,0.0,14.4,0.0,1.11,14.5,238,134,7.94,7.98,165,242,111,0.0,1.09,1.13,1.11,3.34,4.61,4.34,31.1
114000,463,13,9.8,0.0,0.0,0.0,9.8,0.0,1.00,16.9,11,214,5.79,11.15,10,3,0,0.0,1.00,1.00,1.00,2.62,2.38,5.15,24.2
115000,475,881,14.8,1.4,0.2,0.0,13.2,0.0,1.46,12.1,272,163,9.42,10.41,452,298,131,0.0,1.74,1.24,1.45,3.48,4.71,5.26,25.9
115000,1,588,13.7,0.1,0.1,0.0,13.6,0.0,1.02,15.8,256,132,7.79,8.01,225,194,169,0.0,1.02,1.03,1.03,3.08,4.20,3.95,30.9
115000,405,473,50.7,11.0,11.5,0.5,27.7,1.7,3.95,1.9,293,146,20.85,32.81,242,178,53,1.7,4.24,1.55,5.73,6.89,7.11,7.93,26.8
115000,488,35,12.3,0.0,0.3,1.7,10.3,0.0,1.00,16.6,20,189,10.65,8.44,28,7,0,0.0,1.00,1.00,1.00,2.83,4.06,4.09,22.7
116000,475,782,14.0,1.5,0.1,0.0,12.4,0.0,1.51,12.7,234,166,9.88,10.57,372,316,94,0.0,1.78,1.38,1.49,3.20,4.52,5.17,26.4
116000,1,671,12.8,0.2,0.0,0.0,12.5,0.0,1.08,16.4,258,135,7.04,7.85,323,203,145,0.0,1.07,1.10,1.08,2.95,4.22,3.70,28.4
116000,405,522,50.7,10.7,11.9,0.4,27.8,1.7,3.88,1.7,324,141,21.04,28.76,230,195,97,1.7,4.15,1.48,5.44,6.84,7.31,7.84,28.7
116000,491,22,10.9,1.7,0.0,0.0,9.2,0.0,1.42,17.9,11,162,7.75,5.70,5,17,0,0.0,1.39,1.57,1.36,2.55,3.27,3.77,28.7
117000,475,1332,14.9,0.9,0.0,0.0,14.0,0.0,1.26,13.4,479,137,7.51,8.72,565,456,311,0.0,1.41,1.16,1.26,3.25,4.58,4.76,29.2
117000,405,590,49.4,11.2,11.1,0.7,26.3,1.7,4.05,2.1,368,126,15.70,27.63,282,229,79,1.7,4.33,1.65,5.82,6.76,7.15,7.83,26.9
117000,491,15,7.7,0.0,0.0,0.0,7.7,0.0,1.00,20.0,8,394,21.24,10.55,0,15,0,0.0,1.00,1.00,1.00,1.93,2.80,3.20,30.7
118000,475,853,14.2,1.3,0.2,0.0,12.8,0.0,1.40,13.1,246,158,9.49,9.45,449,284,120,0.0,1.65,1.18,1.40,3.14,4.59,4.93,26.2
118000,405,539,49.3,11.5,11.5,0.4,26.0,1.6,4.11,2.2,351,156,22.60,30.14,283,202,54,1.6,4.46,1.65,5.71,6.72,7.11,7.78,26.0
118000,491,21,8.3,0.0,0.0,0.0,8.3,0.0,1.00,19.1,9,112,6.53,5.70,2,19,0,0.0,1.00,1.00,1.00,1.86,2.90,3.52,29.7
118000,497,18,7.8,0.0,0.0,0.0,7.8,0.0,1.00,19.1,6,716,26.93,31.68,17,1,0,0.0,1.00,1.00,1.00,2.50,3.33,3.11,20.9
119000,475,1745,14.5,0.8,0.2,0.0,13.5,0.0,1.25,13.6,580,138,7.41,7.84,741,679,325,0.0,1.37,1.15,1.25,3.22,4.54,4.71,28.9
119000,405,482,49.6,11.8,12.3,0.5,25.0,1.8,4.16,2.2,322,175,24.92,33.36,245,168,69,1.8,4.57,1.53,5.93,6.69,7.11,7.81,27.2
119000,501,45,15.1,0.2,0.0,0.1,14.8,0.0,1.06,14.8,22,127,7.61,9.23,45,0,0,0.0,1.07,1.07,1.04,3.22,4.04,4.53,9.9
119000,491,43,9.5,1.4,0.3,0.0,7.7,0.0,1.49,18.2,20,127,5.22,7.83,14,28,1,0.0,1.52,1.48,1.48,2.49,3.37,3.58,27.4
119000,497,13,15.8,0.0,0.0,0.0,15.8,0.0,1.00,12.0,3,190,5.51,15.31,13,0,0,0.0,1.00,1.00,1.00,3.85,8.00,2.00,15.1
120000,475,1232,14.5,1.2,0.1,0.0,13.1,0.0,1.36,13.0,379,145,8.80,8.78,650,416,166,0.0,1.54,1.20,1.37,3.16,4.55,5.02,26.5
120000,405,529,52.2,11.5,12.3,0.3,28.2,1.8,4.02,1.7,332,163,22.12,29.43,234,210,85,1.9,4.46,1.45,5.61,6.89,7.31,7.88,28.1
120000,497,7,8.7,0.0,0.0,0.0,8.7,0.0,1.00,18.3,7,436,20.07,32.42,7,0,0,0.0,1.00,1.00,1.00,2.14,4.86,2.00,17.2
121000,475,1724,13.4,1.0,0.2,0.0,12.1,0.0,1.31,14.1,563,150,7.93,8.67,847,574,303,0.0,1.44,1.19,1.32,3.03,4.35,4.63,27.1
121000,405,515,50.1,11.5,12.7,0.8,25.0,1.8,4.09,2.0,337,140,20.26,31.37,211,238,66,1.9,4.42,1.63,5.73,6.79,7.19,7.83,27.7
121000,497,16,12.7,0.0,0.3,0.0,12.4,0.0,1.00,13.5,8,298,15.60,18.82,14,2,0,0.0,1.00,1.00,1.00,3.00,6.62,2.62,15.9
122000,475,1969,13.6,0.9,0.1,0.0,12.6,0.0,1.27,14.3,536,151,8.39,8.23,912,641,416,0.0,1.41,1.16,1.26,2.96,4.28,4.62,28.4
122000,405,411,49.4,11.2,11.3,0.7,26.2,1.7,4.03,2.1,278,210,31.74,37.39,213,161,37,1.7,4.30,1.66,5.62,6.75,7.10,7.89,25.5
122000,497,7,12.3,0.0,0.0,0.0,12.3,0.0,1.00,14.9,5,834,72.87,40.71,7,0,0,0.0,1.00,1.00,1.00,3.00,6.86,2.14,14.4
123000,475,1418,13.8,1.1,0.2,0.0,12.4,0.0,1.35,13.2,444,169,10.06,10.16,789,523,106,0.0,1.53,1.20,1.35,3.20,4.58,4.87,25.1
123000,405,413,50.9,11.3,11.6,0.4,27.6,1.7,4.00,1.8,257,163,23.53,34.16,193,167,53,1.7,4.34,1.40,5.60,6.79,7.25,7.88,27.3
123000,497,7,10.9,0.0,0.0,0.0,10.9,0.0,1.00,16.9,5,624,26.96,28.10,7,0,0,0.0,1.00,1.00,1.00,3.86,5.43,2.29,12.5
124000,475,1138,13.9,1.2,0.2,0.0,12.5,0.0,1.39,13.1,402,165,9.09,10.51,699,329,110,0.0,1.56,1.23,1.39,3.17,4.64,4.85,24.6
124000,405,567,51.1,11.8,11.4,0.6,27.3,1.7,4.16,2.1,338,136,16.47,29.05,243,216,108,1.8,4.56,1.56,5.91,6.68,7.17,7.78,28.4
124000,509,116,14.8,0.2,0.1,0.0,14.4,0.0,1.05,12.3,56,122,6.04,5.99,1,47,68,0.0,1.03,1.07,1.04,3.51,4.88,5.06,40.5
125000,475,1789,14.0,0.8,0.1,0.0,13.1,0.0,1.24,14.3,623,147,8.16,8.28,812,716,261,0.0,1.34,1.17,1.23,3.13,4.31,4.57,27.6
125000,405,569,49.6,12.2,11.1,0.6,25.7,1.6,4.35,2.2,368,136,16.03,29.73,270,227,72,1.7,4.67,1.70,6.31,6.73,7.07,7.86,26.2
125000,509,95,13.6,0.2,0.0,0.0,13.3,0.0,1.05,13.8,43,123,5.99,6.59,13,44,38,0.0,1.05,1.07,1.04,3.24,4.40,4.72,37.5
126000,475,1003,13.7,1.1,0.1,0.0,12.5,0.0,1.37,13.4,289,141,7.32,8.11,582,341,80,0.0,1.60,1.17,1.37,3.07,4.61,4.75,25.1
126000,405,431,51.3,10.4,11.8,1.1,27.8,1.7,3.76,1.7,276,154,23.47,30.31,187,187,57,1.8,4.02,1.47,5.23,6.96,7.25,7.95,26.6
126000,509,80,13.9,0.2,0.0,0.0,13.7,0.0,1.05,13.6,41,149,6.09,7.93,9,15,56,0.0,1.02,1.07,1.05,3.47,4.74,4.55,41.1
127000,475,923,14.0,1.1,0.1,0.0,12.8,0.0,1.34,13.0,305,166,10.37,9.41,488,345,90,0.0,1.54,1.20,1.34,3.24,4.81,4.72,25.3
127000,405,475,51.4,10.6,11.7,0.2,28.8,1.8,3.75,1.6,295,151,21.71,32.65,251,169,55,1.8,4.10,1.36,5.23,6.87,7.28,7.91,25.7
127000,509,86,14.7,0.4,0.0,0.0,14.4,0.0,1.12,12.3,30,116,5.53,6.65,6,24,56,0.0,1.11,1.11,1.13,3.69,4.66,5.17,41.7
128000,475,1156,13.9,1.0,0.1,0.0,12.7,0.0,1.30,13.2,315,166,9.58,9.79,656,450,50,0.0,1.51,1.14,1.30,3.14,4.68,4.78,23.8
128000,405,508,50.8,10.4,11.5,0.4,28.5,1.6,3.72,1.9,326,154,21.96,30.90,248,186,74,1.6,4.07,1.46,5.09,6.64,7.26,7.79,27.2
128000,509,148,16.3,0.6,0.1,0.0,15.6,0.0,1.17,11.8,70,98,6.42,5.18,14,42,92,0.0,1.20,1.20,1.14,3.80,4.99,5.22,41.3
129000,475,1741,13.4,0.8,0.2,0.0,12.4,0.0,1.26,14.3,594,143,8.34,8.59,954,618,169,0.0,1.40,1.13,1.27,3.10,4.44,4.44,24.8
129000,405,577,50.2,10.7,11.8,0.4,27.3,1.7,3.85,1.8,344,157,20.30,31.40,223,246,108,1.8,4.10,1.42,5.48,6.82,7.19,7.91,28.8
129000,509,161,14.7,0.2,0.1,0.0,14.4,0.0,1.07,12.7,62,132,6.80,6.54,25,44,92,0.0,1.06,1.08,1.07,3.57,4.69,4.99,39.5
130000,475,1241,13.5,1.1,0.1,0.0,12.3,0.0,1.34,13.6,334,161,8.95,9.44,681,452,108,0.0,1.53,1.19,1.34,3.09,4.60,4.66,25.0
130000,405,509,50.4,10.1,11.2,0.4,28.6,1.7,3.74,2.0,296,158,21.71,32.53,228,221,60,1.7,3.94,1.49,5.44,6.78,7.17,7.86,27.1
130000,509,342,15.3,0.3,0.1,0.0,14.9,0.0,1.09,11.9,108,111,6.10,6.31,52,119,171,0.0,1.09,1.11,1.09,3.61,5.02,5.17,38.9
131000,475,1268,13.5,0.9,0.0,0.0,12.6,0.0,1.29,13.5,400,159,8.83,9.70,670,450,148,0.0,1.47,1.14,1.30,3.13,4.66,4.67,26.0
131000,405,542,51.4,11.4,12.4,0.3,27.3,1.8,4.08,1.7,344,138,18.62,32.84,272,203,67,1.8,4.38,1.46,5.94,6.94,7.23,7.93,26.1
131000,509,371,15.0,0.1,0.1,0.0,14.8,0.0,1.06,12.2,140,116,5.99,6.66,49,127,195,0.0,1.06,1.06,1.06,3.59,4.93,5.05,38.2
132000,475,1075,13.0,0.9,0.1,0.0,11.9,0.0,1.30,14.1,306,156,8.56,9.32,608,391,76,0.0,1.48,1.14,1.29,3.02,4.47,4.52,24.7
132000,405,591,50.8,10.4,11.1,0.5,28.7,1.6,3.78,2.0,374,150,19.65,32.14,260,244,87,1.7,4.03,1.37,5.55,6.79,7.12,7.87,27.4
132000,509,471,14.4,0.4,0.1,0.0,13.9,0.0,1.11,12.9,167,128,6.21,6.92,77,154,240,0.0,1.12,1.13,1.10,3.47,4.85,4.89,37.7
133000,475,1229,12.9,1.0,0.2,0.0,11.8,0.0,1.32,14.3,362,155,8.03,8.90,732,440,57,0.0,1.52,1.17,1.31,2.99,4.58,4.38,23.4
133000,405,633,50.7,10.7,11.6,0.5,27.8,1.8,3.86,1.9,393,136,17.36,27.08,266,266,101,1.8,4.12,1.53,5.62,6.86,7.17,7.91,27.8
133000,509,471,14.1,0.2,0.0,0.0,13.9,0.0,1.06,13.3,189,118,6.26,6.58,69,168,234,0.0,1.06,1.08,1.05,3.33,4.47,4.95,38.0
134000,475,1452,13.2,1.0,0.1,0.0,12.1,0.0,1.33,14.2,330,145,7.94,7.85,768,610,74,0.0,1.52,1.18,1.33,2.90,4.40,4.53,24.4
134000,405,489,50.6,9.6,10.9,0.4,29.8,1.6,3.55,2.1,281,159,23.18,31.68,228,183,78,1.6,3.74,1.42,5.24,6.95,7.11,7.86,27.4
134000,509,481,15.2,0.5,0.1,0.0,14.7,0.0,1.17,12.3,219,124,5.82,7.43,58,161,262,0.0,1.22,1.22,1.15,3.63,4.48,5.51,38.9
134000,532,75,15.7,0.0,0.0,0.0,15.7,0.0,1.00,14.5,34,137,8.29,11.13,44,25,6,0.0,1.00,1.00,1.00,3.11,4.75,4.03,27.3
135000,475,1385,13.1,1.1,0.1,0.0,11.9,0.0,1.34,14.2,354,158,9.13,9.10,864,417,104,0.0,1.54,1.16,1.34,3.05,4.44,4.51,24.0
135000,405,542,49.6,10.6,11.0,0.9,27.0,1.7,3.85,2.0,316,177,28.51,33.31,219,246,77,1.7,4.11,1.55,5.65,6.78,7.13,7.90,27.6
135000,509,426,13.6,0.2,0.1,0.0,13.3,0.0,1.06,13.7,169,116,5.61,6.69,52,189,185,0.0,1.07,1.09,1.06,3.21,4.15,5.13,36.7
135000,532,52,11.0,0.3,0.2,0.0,10.5,0.0,1.17,17.1,22,146,9.54,7.61,38,11,3,0.0,1.09,1.09,1.42,2.33,3.73,3.73,25.3
136000,475,1308,12.7,1.0,0.1,0.0,11.5,0.0,1.36,14.6,353,136,7.56,8.40,773,443,92,0.0,1.57,1.24,1.35,2.88,4.29,4.47,23.8
136000,405,629,50.3,11.2,11.5,0.4,27.2,1.6,4.05,2.0,349,162,24.63,30.94,316,229,84,1.7,4.29,1.58,5.97,6.79,7.11,7.93,27.0
136000,509,478,13.6,0.4,0.1,0.0,13.2,0.0,1.10,14.3,198,119,5.37,6.54,83,188,207,0.0,1.09,1.13,1.10,3.18,4.01,4.94,35.7
136000,532,8,14.9,0.0,0.0,0.0,14.9,0.0,1.00,14.5,4,115,4.72,5.96,0,6,2,0.0,1.00,1.00,1.00,3.00,4.25,4.50,35.8
137000,475,1241,13.6,0.9,0.1,0.0,12.6,0.0,1.31,13.9,382,139,7.54,8.48,732,424,85,0.0,1.50,1.16,1.31,3.02,4.49,4.59,23.9
137000,405,576,49.9,10.0,11.8,0.3,27.8,1.6,3.69,2.2,353,161,23.64,32.01,281,220,75,1.6,3.89,1.42,5.34,6.74,7.09,7.83,26.8
137000,509,551,15.4,0.5,0.1,0.0,14.8,0.0,1.17,13.0,224,116,5.67,6.89,106,159,286,0.0,1.16,1.18,1.19,3.48,4.51,5.10,37.8
137000,535,35,14.6,0.3,0.0,0.0,14.3,0.0,1.18,14.9,25,128,8.78,7.14,32,3,0,0.0,1.21,1.11,1.19,2.97,4.11,4.43,19.3
138000,475,1219,13.2,1.0,0.1,0.0,12.1,0.0,1.33,14.1,333,162,9.13,9.67,633,444,142,0.0,1.53,1.13,1.33,2.94,4.39,4.58,25.6
138000,405,578,49.7,10.5,11.5,0.4,27.4,1.6,3.83,2.0,357,169,24.75,32.25,292,213,73,1.7,4.04,1.45,5.56,6.74,7.11,7.89,25.9
138000,509,520,14.4,0.4,0.0,0.0,14.0,0.0,1.12,13.7,202,117,6.21,6.22,144,159,217,0.0,1.10,1.17,1.11,3.33,4.46,4.84,35.3
138000,535,62,16.0,0.9,0.0,0.0,15.1,0.0,1.28,12.4,28,145,10.76,10.70,60,2,0,0.0,1.27,1.37,1.25,3.97,4.87,4.94,18.7
139000,475,1434,13.2,1.1,0.1,0.0,12.0,0.0,1.34,14.3,357,151,8.63,8.69,696,554,184,0.0,1.55,1.15,1.35,2.93,4.29,4.60,26.7
139000,405,542,50.8,10.5,12.5,0.5,27.4,1.8,3.81,1.9,312,170,24.42,34.68,281,188,73,1.9,4.06,1.46,5.47,6.89,7.21,7.85,26.4
139000,509,532,14.0,0.5,0.0,0.0,13.5,0.0,1.13,14.3,187,116,6.16,6.86,137,193,202,0.0,1.12,1.16,1.12,3.19,4.42,4.53,33.9
139000,535,32,15.1,1.7,0.0,0.2,13.2,0.0,1.51,13.6,20,140,8.16,10.16,26,6,0,0.0,1.56,1.58,1.46,3.22,4.09,5.12,22.3
140000,475,1452,13.3,1.2,0.1,0.0,12.1,0.0,1.37,13.8,311,160,8.59,9.07,796,508,148,0.0,1.56,1.20,1.38,3.02,4.44,4.67,25.3
140000,509,564,14.9,0.6,0.2,0.1,14.0,0.0,1.18,13.4,204,121,6.58,7.22,186,208,170,0.0,1.14,1.23,1.19,3.42,4.58,4.93,31.4
140000,405,422,50.3,9.5,11.3,0.6,28.9,1.7,3.51,2.3,242,167,27.69,32.95,155,182,85,1.7,3.66,1.41,5.24,6.69,7.06,7.83,29.1
140000,535,62,19.9,0.5,0.0,0.0,19.4,0.0,1.20,9.2,32,119,9.77,9.56,25,35,2,0.0,1.13,1.28,1.21,4.11,4.84,6.63,27.7
141000,475,1249,13.7,1.1,0.2,0.0,12.4,0.0,1.37,13.7,335,165,9.65,9.22,696,423,130,0.0,1.52,1.25,1.37,3.06,4.46,4.77,24.9
141000,509,591,14.2,0.5,0.1,0.0,13.6,0.0,1.14,13.8,246,126,7.01,7.59,158,227,206,0.0,1.12,1.18,1.14,3.31,4.31,4.93,33.5
141000,405,518,50.5,10.2,10.7,0.3,29.3,1.6,3.81,1.9,296,144,22.21,32.05,240,202,76,1.6,3.95,1.54,5.63,6.86,7.16,7.89,26.9
141000,535,9,8.9,0.0,0.0,0.0,8.9,0.0,1.00,17.8,3,128,7.76,6.57,9,0,0,0.0,1.00,1.00,1.00,2.67,2.00,5.11,22.4
142000,475,1250,13.1,1.0,0.1,0.0,12.0,0.0,1.32,14.2,360,140,7.40,7.94,693,459,98,0.0,1.52,1.16,1.33,2.97,4.49,4.46,24.5
142000,405,558,52.0,11.0,11.4,1.0,28.6,1.6,3.93,1.7,330,137,19.34,31.25,248,243,67,1.6,4.25,1.42,5.65,6.88,7.28,7.90,27.1
142000,509,377,13.4,0.4,0.1,0.0,13.0,0.0,1.13,14.8,120,116,6.59,5.71,89,139,149,0.0,1.12,1.15,1.12,3.08,4.39,4.40,34.7
142000,542,25,15.6,0.6,0.0,0.4,14.7,0.0,1.17,12.5,16,134,5.72,7.13,5,5,15,0.0,1.08,1.25,1.18,3.64,4.12,5.68,37.4
143000,475,1146,12.6,1.0,0.1,0.0,11.5,0.0,1.35,14.8,324,137,7.21,7.55,649,410,87,0.0,1.53,1.20,1.36,2.89,4.27,4.40,24.3
143000,405,577,51.4,11.8,12.0,0.3,27.2,1.7,4.16,1.9,348,161,24.01,29.92,258,230,89,1.8,4.54,1.69,5.77,6.81,7.24,7.86,27.6
143000,509,373,15.2,0.6,0.3,0.0,14.3,0.0,1.18,13.7,157,134,7.36,7.72,48,161,164,0.0,1.19,1.21,1.16,3.50,4.64,4.72,36.7
143000,542,37,14.4,0.5,0.0,0.0,13.9,0.0,1.16,13.4,15,113,6.94,6.71,1,14,22,0.0,1.10,1.24,1.15,3.41,3.76,5.57,38.9
144000,475,1760,12.4,0.9,0.1,0.0,11.3,0.0,1.31,14.8,391,156,8.06,8.23,995,589,176,0.0,1.49,1.15,1.31,2.85,4.27,4.37,24.7
144000,405,378,50.2,10.4,12.2,0.5,27.1,1.7,3.89,2.5,203,154,20.17,32.15,154,155,69,1.8,3.99,1.43,6.05,6.66,6.97,7.83,28.2
144000,509,296,14.5,0.3,0.0,0.0,14.2,0.0,1.10,14.1,140,132,7.03,6.81,56,154,86,0.0,1.10,1.11,1.09,3.25,4.38,4.79,35.0
144000,542,29,8.6,0.0,0.0,0.0,8.6,0.0,1.00,17.4,10,109,5.65,6.19,28,1,0,0.0,1.00,1.00,1.00,2.72,2.41,4.86,19.3
145000,475,1572,13.0,1.0,0.1,0.0,11.9,0.0,1.33,14.2,405,147,7.61,8.17,838,534,200,0.0,1.51,1.18,1.33,2.94,4.43,4.51,26.5
145000,405,493,50.3,10.3,10.9,0.4,28.7,1.5,3.83,2.1,301,153,20.58,30.89,227,186,80,1.6,3.97,1.59,5.55,6.74,7.17,7.77,27.1
145000,509,274,12.9,0.3,0.0,0.0,12.5,0.0,1.13,15.3,92,146,7.73,7.63,41,107,126,0.0,1.15,1.17,1.11,3.07,4.09,4.56,38.2
145000,542,6,4.7,0.0,0.0,0.0,4.7,0.0,1.00,21.3,5,178,9.09,8.27,4,2,0,0.0,1.00,1.00,1.00,2.50,1.67,3.67,22.8
146000,475,1600,12.7,1.0,0.1,0.0,11.5,0.0,1.34,14.7,408,164,9.64,9.18,803,662,135,0.0,1.54,1.17,1.34,2.86,4.32,4.41,26.1
146000,405,486,51.3,10.3,12.0,0.6,28.3,1.7,3.77,1.9,262,150,22.73,33.52,241,175,70,1.7,3.94,1.42,5.59,6.67,7.20,7.90,26.0
146000,509,457,14.1,0.4,0.1,0.0,13.6,0.0,1.13,14.4,169,118,5.65,6.73,94,148,215,0.0,1.12,1.16,1.12,3.28,4.27,4.72,37.1
146000,549,90,11.9,0.1,0.1,0.0,11.7,0.0,1.03,16.0,32,133,5.28,7.21,52,24,14,0.0,1.03,1.04,1.02,2.77,4.06,3.97,25.6
147000,475,1471,13.1,1.0,0.1,0.0,12.1,0.0,1.30,14.4,324,174,10.56,9.62,704,572,195,0.0,1.49,1.13,1.31,2.88,4.37,4.45,26.9
147000,405,550,49.6,10.3,11.1,0.3,27.9,1.5,3.79,2.2,315,183,26.79,36.08,297,199,54,1.6,4.03,1.47,5.46,6.74,7.12,7.77,25.4
147000,509,382,14.4,0.4,0.2,0.0,13.8,0.0,1.12,14.0,131,109,4.96,6.23,82,125,175,0.0,1.12,1.15,1.10,3.27,4.37,4.85,37.1
147000,549,46,8.3,0.6,0.0,0.0,7.7,0.0,1.29,18.3,19,174,7.04,8.59,10,35,1,0.0,1.17,1.43,1.28,2.87,4.78,4.63,27.3
148000,475,1593,12.9,1.1,0.1,0.0,11.8,0.0,1.35,14.5,339,162,9.35,9.40,753,670,170,0.0,1.53,1.19,1.36,2.84,4.39,4.40,26.6
148000,509,574,14.2,0.3,0.0,0.1,13.9,0.0,1.09,14.0,192,123,6.01,6.76,109,229,236,0.0,1.07,1.11,1.09,3.26,4.48,4.76,36.3
148000,405,394,50.7,11.3,11.9,0.5,26.9,1.8,4.08,2.0,248,185,27.48,39.70,185,152,57,1.8,4.41,1.60,5.61,6.72,7.20,7.80,26.6
148000,549,25,16.8,0.1,0.0,0.0,16.6,0.0,1.03,13.3,10,136,9.79,11.22,24,1,0,0.0,1.03,1.03,1.02,4.08,5.64,3.72,18.3
149000,475,1636,12.9,0.9,0.1,0.0,11.8,0.0,1.31,14.3,383,148,7.77,8.69,912,609,115,0.0,1.48,1.16,1.31,2.94,4.46,4.39,24.8
149000,509,646,14.6,0.4,0.1,0.0,14.0,0.0,1.15,14.1,241,112,5.35,6.56,120,254,272,0.0,1.14,1.20,1.13,3.36,4.49,4.63,35.7
149000,405,375,50.9,10.0,12.0,0.9,28.1,1.6,3.75,2.1,223,153,21.62,35.53,183,147,45,1.6,3.90,1.44,5.58,6.86,7.11,7.84,26.7
149000,549,12,12.1,0.0,0.0,0.0,12.1,0.0,1.00,16.3,7,226,11.34,15.66,7,5,0,0.0,1.00,1.00,1.00,3.00,5.17,2.67,23.2
150000,475,1596,12.0,0.9,0.1,0.0,11.0,0.0,1.30,14.9,445,140,6.83,8.28,841,645,110,0.0,1.46,1.16,1.30,2.77,4.29,4.29,24.9
150000,405,605,51.0,11.0,11.7,0.5,27.8,1.7,3.96,1.8,339,128,15.70,30.64,253,245,107,1.7,4.23,1.54,5.58,6.80,7.27,7.85,28.5
150000,509,509,13.4,0.4,0.0,0.0,12.9,0.0,1.16,15.2,197,118,5.84,6.58,95,221,193,0.0,1.18,1.23,1.15,3.08,4.33,4.26,35.5
151000,475,1951,12.9,0.7,0.1,0.0,12.1,0.0,1.25,14.6,615,131,6.61,7.75,937,717,297,0.0,1.37,1.15,1.25,3.00,4.48,4.25,27.0
151000,405,607,51.1,10.1,11.9,0.8,28.3,1.6,3.74,1.8,344,127,16.27,29.40,256,226,125,1.7,3.89,1.44,5.52,6.85,7.16,7.93,28.1
151000,565,10,9.0,0.3,1.3,0.0,7.4,0.2,1.06,18.2,5,90,2.01,7.18,0,10,0,0.4,1.10,1.00,1.09,2.70,4.00,2.90,32.4
151000,509,7,17.1,0.0,0.0,0.0,17.1,0.0,1.00,10.3,3,157,9.23,16.01,6,1,0,0.0,1.00,1.00,1.00,4.00,3.71,7.14,23.5
152000,475,1113,13.1,0.9,0.2,0.0,12.0,0.0,1.31,14.0,408,145,7.59,8.15,566,373,174,0.0,1.45,1.20,1.31,3.05,4.59,4.49,26.6
152000,405,674,50.1,10.7,11.1,0.5,27.7,1.6,3.85,2.0,419,127,16.79,26.81,311,273,90,1.7,4.16,1.46,5.53,6.68,7.15,7.86,26.8
153000,475,1027,12.4,1.0,0.1,0.0,11.3,0.0,1.34,14.8,294,152,8.44,8.60,453,419,155,0.0,1.51,1.18,1.34,2.86,4.38,4.29,27.3
153000,405,595,49.9,10.8,10.6,0.4,28.1,1.6,3.93,2.3,351,159,21.66,28.73,302,194,99,1.6,4.20,1.51,5.72,6.85,7.02,7.86,26.9
154000,475,952,12.1,0.8,0.1,0.0,11.2,0.0,1.27,15.0,286,158,8.18,8.84,589,292,71,0.0,1.42,1.13,1.27,2.75,4.26,4.26,23.7
154000,405,683,50.4,9.9,11.0,0.6,28.9,1.6,3.65,2.1,409,134,19.45,28.04,337,252,94,1.6,3.86,1.41,5.32,6.99,7.13,7.83,26.8
155000,475,1098,12.9,1.0,0.2,0.0,11.8,0.0,1.31,14.3,271,139,6.97,7.80,612,380,106,0.0,1.48,1.17,1.32,2.97,4.33,4.57,25.0
155000,405,457,49.6,10.6,10.8,0.5,27.6,1.5,3.85,2.4,274,153,21.43,33.05,202,194,61,1.6,4.07,1.45,5.55,6.71,7.04,7.79,27.2
156000,475,1112,12.7,1.0,0.1,0.0,11.6,0.0,1.34,14.3,296,159,9.13,9.30,645,358,109,0.0,1.56,1.17,1.34,2.90,4.38,4.50,24.8
156000,405,625,50.4,9.5,11.0,0.4,29.6,1.6,3.53,2.2,351,127,16.42,27.95,237,266,122,1.6,3.64,1.38,5.33,6.88,7.12,7.79,29.4
156000,574,531,14.4,0.5,0.1,0.0,13.8,0.0,1.16,14.6,234,120,6.79,7.19,170,200,161,0.0,1.14,1.20,1.18,3.34,4.69,4.30,32.1
157000,475,1373,12.2,0.9,0.1,0.0,11.2,0.0,1.31,14.7,325,149,8.33,8.28,717,547,109,0.0,1.48,1.15,1.33,2.86,4.28,4.41,25.0
157000,574,646,15.3,0.5,0.1,0.0,14.7,0.0,1.14,14.1,258,121,5.94,7.05,141,273,232,0.0,1.14,1.16,1.13,3.43,4.72,4.40,34.3
157000,405,532,50.9,11.3,11.7,0.7,27.3,1.7,4.03,1.9,326,134,19.03,30.62,249,226,57,1.7,4.37,1.47,5.75,6.86,7.25,7.83,26.6
157000,576,36,11.6,0.0,0.0,0.0,11.6,0.0,1.00,16.6,27,149,4.74,7.15,4,11,21,0.0,1.00,1.00,1.00,2.61,3.47,4.22,37.7
158000,475,1131,12.6,1.0,0.0,0.0,11.5,0.0,1.32,14.6,293,156,8.79,9.00,668,366,97,0.0,1.50,1.15,1.32,2.86,4.42,4.32,24.0
158000,405,550,51.2,11.5,11.5,0.3,27.9,1.7,4.05,1.8,300,124,16.23,28.08,236,223,91,1.7,4.41,1.46,5.93,6.70,7.20,7.89,28.1
158000,574,493,15.4,0.4,0.1,0.0,14.9,0.0,1.14,14.2,209,122,6.49,7.66,124,178,191,0.0,1.16,1.17,1.12,3.46,4.81,4.35,34.1
158000,576,69,12.9,0.1,0.1,0.0,12.7,0.0,1.05,15.3,40,120,5.30,7.65,10,33,26,0.0,1.07,1.08,1.04,3.04,3.71,4.72,34.3
159000,475,1272,12.9,1.0,0.1,0.0,11.8,0.0,1.35,14.3,340,153,8.22,8.74,654,477,141,0.0,1.51,1.21,1.35,2.92,4.49,4.43,26.2
159000,574,513,15.0,0.8,0.0,0.0,14.1,0.0,1.26,14.2,156,110,5.79,6.03,104,183,226,0.0,1.28,1.30,1.24,3.29,4.66,4.44,35.8
159000,405,490,49.2,10.7,10.9,0.5,27.0,1.5,3.93,2.2,298,181,25.91,33.19,263,169,58,1.6,4.15,1.48,5.72,6.62,7.06,7.84,26.0
159000,576,142,16.5,0.3,0.0,0.0,16.2,0.0,1.08,13.1,50,95,5.76,6.14,55,57,30,0.0,1.01,1.12,1.09,3.58,4.41,5.04,30.1
160000,475,1201,12.0,1.0,0.1,0.0,10.9,0.0,1.35,15.0,313,159,8.53,8.90,765,287,149,0.0,1.52,1.21,1.35,2.79,4.23,4.33,24.3
160000,405,554,51.4,10.9,11.0,0.4,29.1,1.6,3.92,1.8,320,157,24.57,30.99,234,233,87,1.6,4.21,1.44,5.68,6.87,7.24,7.89,28.2
160000,574,379,15.5,0.6,0.0,0.0,14.8,0.0,1.18,13.9,143,108,5.63,6.01,117,138,124,0.0,1.18,1.21,1.16,3.37,4.81,4.58,32.6
160000,576,81,19.3,0.3,0.0,0.0,19.0,0.0,1.09,11.7,45,129,10.25,10.85,23,36,22,0.0,1.10,1.13,1.07,3.75,3.83,6.37,31.8
161000,475,1140,12.4,0.9,0.1,0.0,11.4,0.0,1.30,14.4,279,152,7.50,8.17,586,406,148,0.0,1.46,1.15,1.31,2.94,4.38,4.47,25.8
161000,405,546,49.6,10.6,11.0,0.6,27.4,1.6,3.96,2.3,336,148,20.16,29.96,264,214,68,1.6,4.12,1.45,5.94,6.71,7.06,7.82,26.6
161000,574,377,14.4,0.5,0.2,0.0,13.8,0.0,1.15,14.6,146,134,7.85,6.93,122,136,119,0.0,1.16,1.19,1.13,3.24,4.62,4.24,32.4
161000,576,60,13.0,0.0,0.1,0.2,12.7,0.0,1.00,15.4,49,194,12.95,9.51,36,17,7,0.0,1.00,1.01,1.01,2.88,3.28,5.10,24.6
162000,475,1308,12.7,1.0,0.1,0.0,11.6,0.0,1.34,14.4,298,160,9.07,8.34,682,498,128,0.0,1.52,1.19,1.34,2.86,4.43,4.39,25.3
162000,574,482,14.6,0.3,0.2,0.0,14.1,0.0,1.13,14.5,193,118,6.12,6.11,126,177,179,0.0,1.16,1.17,1.12,3.32,4.65,4.47,34.6
162000,405,466,50.3,10.3,11.1,0.3,28.7,1.5,3.80,1.9,280,168,25.87,30.78,205,173,88,1.5,4.01,1.48,5.42,6.60,7.20,7.85,28.6
162000,584,25,9.1,0.0,0.0,0.0,9.1,0.0,1.00,18.1,10,129,4.53,5.56,18,6,1,0.0,1.00,1.00,1.00,2.28,4.36,2.60,23.5
162000,587,14,21.6,1.1,0.6,0.3,19.6,0.0,1.47,9.4,10,118,4.47,7.65,14,0,0,0.0,1.41,1.43,1.53,4.21,5.29,6.00,20.1
163000,475,1353,11.9,1.0,0.1,0.0,10.7,0.0,1.34,15.4,334,172,9.26,9.26,704,522,127,0.0,1.52,1.17,1.35,2.77,4.15,4.18,25.1
163000,574,598,15.1,0.4,0.1,0.0,14.5,0.0,1.13,14.1,219,120,5.59,7.53,146,254,198,0.0,1.14,1.16,1.12,3.30,4.67,4.53,33.8
163000,405,373,52.0,11.0,10.9,0.6,29.5,1.6,4.03,1.6,213,134,19.65,28.91,186,120,67,1.6,4.14,1.54,5.80,6.74,7.32,7.88,27.2
163000,584,35,12.1,0.0,0.0,0.0,12.1,0.0,1.06,16.1,22,121,4.42,7.95,19,16,0,0.0,1.06,1.06,1.06,2.77,4.71,3.26,26.8
164000,475,1391,12.2,1.0,0.1,0.0,11.1,0.0,1.35,15.1,352,155,8.37,8.70,692,513,186,0.0,1.54,1.20,1.36,2.76,4.21,4.26,26.0
164000,574,609,15.2,0.2,0.0,0.0,15.0,0.0,1.05,13.8,192,137,8.17,8.21,231,213,165,0.0,1.06,1.06,1.05,3.34,4.65,4.56,31.4
164000,405,237,50.9,12.6,11.2,0.3,26.7,1.6,4.44,1.9,144,176,25.12,37.59,107,105,25,1.7,4.74,1.69,6.28,6.68,7.25,7.79,26.4
165000,475,1436,13.2,1.0,0.0,0.0,12.2,0.0,1.32,14.2,377,139,7.37,8.32,733,539,164,0.0,1.50,1.19,1.31,2.99,4.42,4.54,26.0
165000,574,648,14.6,0.3,0.0,0.0,14.3,0.0,1.10,14.3,229,132,7.45,7.98,268,247,133,0.0,1.10,1.12,1.09,3.29,4.63,4.39,29.7
165000,405,319,51.8,12.2,12.6,0.2,26.8,1.8,4.24,1.6,200,149,19.30,31.37,149,95,75,1.8,4.70,1.52,5.85,6.83,7.30,7.89,28.7
165000,593,146,50.8,11.2,12.1,0.7,26.8,1.7,3.98,1.8,95,159,23.35,34.51,64,69,13,1.7,4.33,1.48,5.94,6.84,7.15,7.97,26.1
165000,595,20,12.1,0.2,0.0,0.0,11.9,0.0,1.06,16.5,12,122,5.08,5.17,2,18,0,0.0,1.00,1.08,1.08,3.25,4.40,3.60,29.4
166000,475,1027,12.8,1.0,0.0,0.0,11.7,0.0,1.35,14.5,302,149,8.13,8.56,548,369,110,0.0,1.52,1.22,1.36,2.93,4.35,4.47,25.7
166000,574,781,14.9,0.4,0.1,0.0,14.5,0.0,1.11,14.2,263,116,6.11,6.86,257,299,225,0.0,1.09,1.13,1.13,3.37,4.67,4.51,31.6
166000,405,343,51.5,13.2,12.3,0.4,25.6,1.9,4.50,2.0,222,169,23.41,34.68,168,119,56,1.9,4.99,1.66,6.30,6.78,7.13,7.88,26.6
166000,593,196,51.6,12.4,11.2,0.5,27.5,1.7,4.17,1.9,119,139,20.55,33.18,83,75,38,1.7,4.74,1.50,5.85,6.82,7.22,7.85,28.6
166000,596,153,12.7,0.4,0.0,0.0,12.3,0.0,1.14,15.4,53,115,4.74,5.84,11,62,80,0.0,1.11,1.18,1.14,3.17,4.88,3.42,41.5
167000,475,928,14.1,1.2,0.2,0.1,12.7,0.0,1.37,13.4,290,139,7.63,8.35,558,284,86,0.0,1.54,1.22,1.38,3.08,4.62,4.71,23.4
167000,574,758,15.7,0.3,0.1,0.1,15.2,0.0,1.11,13.8,303,113,5.83,7.26,250,335,173,0.0,1.10,1.14,1.11,3.41,4.69,4.56,31.0
167000,593,299,52.5,11.1,12.1,0.6,28.6,1.8,3.90,1.5,183,135,18.70,33.15,158,104,37,1.8,4.24,1.43,5.50,6.93,7.38,7.87,26.1
167000,405,270,51.0,12.7,12.0,0.5,25.8,1.7,4.46,2.2,189,177,25.65,32.87,115,98,57,1.8,4.89,1.69,6.32,6.79,7.06,7.84,29.3
167000,596,90,13.1,0.6,0.1,0.0,12.4,0.0,1.19,14.3,42,117,6.36,6.38,17,44,29,0.0,1.16,1.25,1.19,3.26,4.50,4.37,34.0
168000,574,800,14.8,0.4,0.2,0.0,14.3,0.0,1.12,14.4,306,124,7.16,7.27,208,372,220,0.0,1.15,1.16,1.11,3.30,4.51,4.41,32.5
168000,475,665,12.6,1.1,0.1,0.1,11.3,0.0,1.42,14.8,273,187,13.32,10.50,359,219,87,0.0,1.64,1.26,1.42,2.90,4.24,4.44,25.6
168000,593,425,51.0,10.1,11.5,1.3,28.1,1.7,3.69,2.3,253,122,14.84,27.99,193,158,74,1.7,3.97,1.50,5.21,6.90,7.12,7.75,27.5
168000,405,233,50.3,9.3,9.6,1.5,29.9,1.3,3.53,2.2,154,148,19.89,28.88,131,79,23,1.3,3.74,1.42,5.04,6.75,7.08,7.81,24.9
169000,574,849,15.2,0.4,0.2,0.0,14.6,0.0,1.12,14.2,322,120,6.47,7.83,302,349,198,0.0,1.12,1.13,1.13,3.36,4.67,4.40,30.4
169000,475,787,13.2,0.9,0.1,0.0,12.2,0.0,1.28,14.2,285,170,10.07,8.83,449,236,102,0.0,1.46,1.13,1.29,3.03,4.58,4.35,25.2
169000,593,408,51.0,10.6,11.8,0.4,28.3,1.8,3.84,2.0,251,137,18.90,30.08,192,161,55,1.8,4.09,1.49,5.67,6.69,7.12,7.92,26.5
169000,405,166,49.8,10.6,9.7,0.4,29.1,1.3,3.85,2.4,113,186,27.90,29.91,69,70,27,1.3,4.19,1.44,5.56,6.63,7.08,7.73,27.6
170000,574,1037,15.4,0.4,0.2,0.0,14.8,0.0,1.14,14.1,389,125,7.24,8.24,353,431,253,0.0,1.11,1.16,1.17,3.42,4.59,4.50,30.9
170000,475,665,12.2,1.0,0.1,0.0,11.0,0.0,1.35,14.9,206,161,8.23,9.35,445,182,38,0.0,1.57,1.19,1.35,2.92,4.47,4.11,23.4
170000,593,385,49.7,11.9,12.3,0.5,25.1,1.9,4.05,2.3,275,156,21.94,31.42,172,147,66,1.9,4.59,1.51,5.69,6.80,7.10,7.79,28.0
170000,405,194,51.5,11.1,11.8,0.6,28.0,1.6,3.82,1.8,135,157,22.79,29.26,97,76,21,1.7,4.35,1.41,5.08,7.12,7.38,7.72,26.8
171000,574,1279,14.7,0.4,0.1,0.0,14.2,0.0,1.14,14.2,452,118,6.92,7.63,538,467,274,0.0,1.14,1.16,1.14,3.32,4.70,4.37,29.2
171000,475,577,12.5,0.9,0.0,0.0,11.5,0.0,1.29,14.5,190,164,8.77,9.62,322,175,80,0.0,1.47,1.14,1.29,3.01,4.41,4.34,25.2
171000,405,256,49.9,10.5,10.8,0.4,28.2,1.6,3.80,2.2,177,132,18.82,29.27,110,93,53,1.6,4.07,1.52,5.54,6.43,7.13,7.82,28.9
171000,593,254,51.8,14.6,12.2,0.7,24.3,2.1,4.75,1.5,190,167,25.16,32.99,131,94,29,2.1,5.57,1.73,6.17,6.70,7.35,7.88,25.3
172000,574,1010,15.1,0.4,0.1,0.0,14.6,0.0,1.12,14.0,404,128,6.88,7.89,406,328,276,0.0,1.09,1.17,1.12,3.45,4.71,4.41,30.7
172000,475,466,11.0,1.0,0.1,0.0,10.0,0.0,1.31,15.8,149,171,7.99,9.23,331,106,29,0.0,1.50,1.13,1.30,2.71,4.19,3.95,21.4
172000,405,348,52.0,11.8,11.5,0.9,27.9,1.5,4.08,1.6,232,134,17.36,29.95,165,138,45,1.6,4.51,1.54,5.65,6.92,7.28,7.93,27.4
172000,593,262,51.0,10.4,11.4,0.2,29.0,1.7,3.80,1.8,145,176,25.63,33.92,126,97,39,1.7,4.02,1.52,5.56,6.70,7.18,7.92,26.5
173000,574,1166,15.4,0.4,0.2,0.0,14.8,0.0,1.15,14.0,422,128,7.47,7.65,416,476,274,0.0,1.14,1.18,1.17,3.43,4.68,4.43,30.6
173000,405,560,50.4,12.1,11.1,0.6,26.6,1.7,4.26,1.9,357,161,21.88,30.02,277,210,73,1.8,4.61,1.63,6.15,6.79,7.12,7.95,26.5
173000,475,492,12.4,1.1,0.0,0.0,11.2,0.0,1.37,14.9,141,143,6.58,8.00,304,145,43,0.0,1.59,1.16,1.38,2.76,4.41,4.15,23.3
174000,574,1359,14.2,0.3,0.1,0.0,13.8,0.0,1.11,14.8,459,117,5.94,6.96,633,440,286,0.0,1.10,1.11,1.11,3.23,4.67,4.03,28.7
174000,475,380,11.6,1.1,0.1,0.0,10.4,0.0,1.38,15.5,99,150,7.78,7.76,234,109,37,0.0,1.61,1.20,1.37,2.64,4.15,4.10,23.5
174000,405,290,50.5,9.6,11.9,0.6,28.4,1.7,3.54,2.2,194,150,20.71,29.47,144,116,30,1.7,3.82,1.35,5.11,6.73,7.15,7.75,27.0
175000,574,1309,15.2,0.4,0.2,0.0,14.5,0.0,1.14,13.9,495,124,6.72,7.75,488,455,366,0.0,1.14,1.17,1.14,3.42,4.86,4.29,30.9
175000,475,422,14.5,1.1,0.3,0.1,13.0,0.0,1.34,13.9,128,147,9.26,8.57,257,125,40,0.0,1.51,1.18,1.35,3.04,4.53,4.57,23.7
175000,405,323,49.8,11.9,12.3,0.5,25.1,1.8,4.27,2.1,224,162,22.31,33.10,176,118,29,1.8,4.64,1.51,6.01,6.71,7.14,7.80,25.5
176000,574,1114,14.7,0.6,0.1,0.0,13.9,0.0,1.19,14.4,435,124,7.45,7.34,500,391,223,0.0,1.18,1.21,1.18,3.28,4.79,4.19,28.6
176000,405,434,51.3,10.2,12.0,0.7,28.4,1.7,3.64,2.0,273,132,17.80,27.94,178,186,70,1.7,4.01,1.34,5.02,6.91,7.24,7.80,29.0
176000,475,359,12.0,1.1,0.0,0.0,10.9,0.0,1.41,15.3,108,140,7.04,7.79,219,95,45,0.0,1.57,1.25,1.42,2.68,4.14,4.21,21.9
177000,574,1162,14.8,0.4,0.1,0.0,14.3,0.0,1.12,14.2,394,127,6.65,8.13,433,472,257,0.0,1.13,1.15,1.12,3.30,4.76,4.24,30.1
177000,475,587,11.7,1.1,0.0,0.0,10.7,0.0,1.36,15.5,148,149,7.55,7.44,314,201,72,0.0,1.58,1.20,1.36,2.65,4.04,4.27,25.0
177000,405,481,49.0,10.9,11.4,0.5,26.3,1.7,3.99,2.1,297,148,21.03,28.58,236,198,47,1.7,4.24,1.56,5.75,6.64,7.08,7.88,26.1
178000,574,1163,14.4,0.5,0.2,0.0,13.7,0.0,1.18,14.4,429,124,6.65,7.26,509,384,270,0.0,1.21,1.18,1.19,3.32,4.64,4.27,29.1
178000,405,530,50.5,11.2,12.2,0.6,26.4,1.8,4.02,2.0,342,155,23.81,31.98,249,193,88,1.8,4.30,1.60,5.65,6.78,7.22,7.81,28.1
178000,475,486,12.1,0.9,0.0,0.0,11.2,0.0,1.33,14.9,119,144,7.72,7.31,183,210,93,0.0,1.48,1.17,1.37,2.81,4.12,4.48,28.6
178000,610,48,47.4,8.8,8.8,2.0,27.7,1.3,3.62,3.1,32,165,26.75,39.86,26,19,3,1.4,3.41,1.57,6.13,6.92,6.67,7.90,25.1
179000,574,1210,14.0,0.5,0.2,0.0,13.4,0.0,1.16,15.0,444,126,6.78,7.43,526,398,286,0.0,1.19,1.15,1.15,3.19,4.50,4.15,29.1
179000,405,625,49.9,10.3,11.8,0.6,27.2,1.7,3.85,2.1,358,132,16.68,28.81,320,228,77,1.7,3.97,1.56,5.76,6.85,7.11,7.84,26.3
179000,475,388,11.8,0.8,0.1,0.0,10.8,0.0,1.26,14.9,127,165,8.94,7.88,176,166,46,0.0,1.44,1.10,1.27,2.82,4.27,4.38,27.3
179000,610,25,48.7,8.3,9.4,1.6,29.4,1.5,3.21,0.9,21,281,46.66,60.29,12,10,3,1.5,3.20,1.39,4.21,6.52,7.56,8.00,26.6
180000,574,1124,13.9,0.5,0.1,0.0,13.2,0.0,1.20,14.9,426,127,7.00,7.52,534,382,208,0.0,1.25,1.18,1.19,3.18,4.50,4.28,28.1
180000,405,522,49.2,10.7,10.3,0.4,27.8,1.5,3.94,2.2,313,135,18.54,28.95,234,214,74,1.6,3.96,1.86,5.81,6.75,7.05,7.88,27.1
180000,475,315,11.9,0.6,0.1,0.0,11.2,0.0,1.19,15.2,116,158,7.79,7.87,169,104,42,0.0,1.32,1.07,1.19,2.81,4.12,4.34,24.7
180000,610,75,50.9,7.6,11.6,0.9,30.8,1.5,2.99,1.7,42,130,16.19,25.80,11,38,26,1.5,2.86,1.26,4.67,7.07,7.27,7.91,34.0
181000,574,1277,14.1,0.7,0.1,0.0,13.3,0.0,1.30,14.6,434,134,7.27,7.81,546,484,247,0.0,1.36,1.21,1.31,3.25,4.68,4.22,28.5
181000,405,650,49.8,9.2,10.8,0.3,29.6,1.6,3.46,2.1,377,142,20.09,28.77,309,252,89,1.6,3.51,1.43,5.00,6.82,7.15,7.86,27.5
181000,475,247,11.2,1.1,0.0,0.0,10.1,0.0,1.37,15.5,92,143,6.86,7.48,155,78,14,0.0,1.54,1.22,1.38,2.74,4.07,4.19,21.5
181000,610,41,45.8,7.5,12.8,2.3,23.2,1.6,3.13,2.4,32,114,13.08,27.08,25,16,0,1.6,3.07,1.46,5.10,6.54,6.85,7.95,21.4
182000,574,830,15.2,0.7,0.2,0.0,14.3,0.0,1.24,14.3,364,161,10.30,10.11,355,306,169,0.0,1.30,1.16,1.25,3.33,4.79,4.29,29.2
182000,405,693,49.3,8.9,10.2,0.5,29.6,1.4,3.39,2.2,401,151,22.03,28.42,340,276,77,1.4,3.46,1.42,5.02,6.74,7.05,7.85,26.7
182000,475,292,12.5,1.3,0.0,0.0,11.1,0.0,1.41,14.8,86,122,6.57,6.07,153,98,41,0.0,1.59,1.25,1.40,2.79,4.22,4.38,24.4
182000,610,6,56.7,6.5,11.7,0.0,38.5,1.5,2.67,1.3,6,153,12.75,13.51,4,2,0,1.5,2.67,1.04,3.55,6.83,7.50,7.83,18.0
183000,574,1256,14.2,0.8,0.1,0.0,13.3,0.0,1.34,14.7,440,123,6.78,7.24,513,493,250,0.0,1.42,1.24,1.36,3.21,4.77,4.00,29.3
183000,405,649,49.6,9.3,9.9,0.5,29.9,1.3,3.55,2.3,349,151,21.28,30.73,316,243,90,1.4,3.55,1.68,5.23,6.75,7.06,7.81,27.0
183000,475,335,11.2,1.2,0.1,0.0,9.9,0.0,1.40,15.9,107,133,6.15,7.24,217,85,33,0.0,1.66,1.25,1.41,2.69,4.07,4.00,22.1
184000,574,1137,14.2,0.6,0.2,0.0,13.3,0.0,1.24,14.7,397,127,6.47,7.42,471,410,256,0.0,1.29,1.15,1.26,3.13,4.63,4.18,29.9
184000,405,675,48.5,9.2,10.7,0.2,28.5,1.4,3.54,2.4,373,144,20.60,27.99,324,264,87,1.5,3.59,1.54,5.43,6.51,6.97,7.81,27.0
184000,475,340,12.1,1.1,0.0,0.0,10.9,0.0,1.38,15.3,99,153,8.96,7.86,212,114,14,0.0,1.62,1.26,1.37,2.82,4.28,4.10,20.9
185000,574,1306,14.5,0.7,0.1,0.0,13.7,0.0,1.25,14.5,432,126,7.21,7.01,520,496,290,0.0,1.31,1.18,1.26,3.22,4.68,4.25,30.1
185000,405,652,49.5,9.3,10.1,0.5,29.4,1.4,3.52,2.2,363,181,26.35,31.60,305,238,109,1.5,3.64,1.50,5.10,6.72,7.08,7.83,27.2
185000,475,265,12.1,1.0,0.1,0.0,10.9,0.0,1.33,15.5,75,222,15.37,9.94,193,52,20,0.0,1.53,1.13,1.34,2.62,4.14,4.14,20.3
186000,574,1224,13.7,0.7,0.2,0.0,12.8,0.1,1.26,14.7,440,132,7.43,7.12,437,491,296,0.1,1.30,1.20,1.28,3.19,4.54,4.29,30.6
186000,405,602,49.5,10.6,10.9,0.5,27.5,1.6,3.91,2.1,333,167,24.91,33.58,292,234,76,1.7,4.03,1.67,5.73,6.80,7.05,7.94,26.2
186000,475,262,10.8,0.7,0.0,0.0,10.1,0.0,1.22,16.3,66,165,9.52,8.32,193,60,9,0.0,1.39,1.06,1.22,2.45,3.93,3.97,21.3
187000,574,1212,13.9,0.6,0.3,0.0,13.0,0.1,1.23,14.7,445,140,7.60,7.61,466,483,263,0.1,1.34,1.15,1.24,3.18,4.67,4.14,30.0
187000,405,672,49.7,9.1,10.7,0.7,29.3,1.6,3.51,2.0,368,130,18.69,30.62,344,259,69,1.6,3.53,1.55,5.19,6.85,7.15,7.85,25.8
187000,475,323,11.9,0.9,0.1,0.0,10.9,0.0,1.33,15.3,87,155,7.87,8.74,200,96,27,0.0,1.52,1.13,1.34,2.65,4.20,4.20,23.2
188000,574,1332,14.3,0.6,0.2,0.0,13.4,0.1,1.26,14.3,437,135,7.35,7.73,518,529,285,0.1,1.35,1.14,1.28,3.22,4.75,4.27,29.8
188000,405,584,49.2,10.5,10.4,0.3,28.0,1.5,3.86,2.0,355,161,25.77,34.59,293,216,75,1.6,3.96,1.80,5.45,6.76,7.16,7.83,26.8
188000,475,328,12.2,1.0,0.2,0.0,10.8,0.0,1.36,15.0,89,149,9.07,7.77,224,89,15,0.0,1.58,1.15,1.37,2.81,4.27,4.25,22.1
189000,574,1264,14.9,0.8,0.2,0.0,13.9,0.1,1.29,13.6,483,134,7.10,8.33,510,451,303,0.1,1.34,1.25,1.30,3.43,4.92,4.55,29.9
189000,405,633,49.7,9.4,11.5,0.5,28.3,1.6,3.57,2.1,330,134,19.90,29.65,337,215,81,1.6,3.58,1.54,5.31,6.70,7.08,7.88,25.9
189000,475,456,12.2,1.0,0.1,0.0,11.1,0.0,1.33,15.1,110,129,6.94,6.52,289,143,24,0.0,1.54,1.15,1.34,2.76,4.23,4.23,21.3
190000,574,1705,28.0,4.1,4.4,0.1,19.4,0.7,2.17,9.2,747,151,14.62,17.05,689,600,416,0.7,2.17,1.34,2.93,4.72,5.68,5.82,30.0
190000,475,381,13.0,1.0,0.0,0.0,11.9,0.0,1.30,15.1,109,168,9.94,7.53,218,123,40,0.0,1.45,1.15,1.31,2.79,4.20,4.28,23.0
191000,574,925,13.5,0.9,0.2,0.0,12.4,0.1,1.38,14.8,329,133,7.54,7.48,423,336,166,0.1,1.52,1.22,1.39,3.20,4.80,3.94,28.4
191000,475,473,11.8,1.1,0.1,0.0,10.6,0.0,1.37,15.6,118,132,6.15,7.63,295,133,45,0.0,1.57,1.19,1.39,2.54,4.08,4.17,22.7
192000,574,869,13.6,0.8,0.1,0.0,12.7,0.0,1.32,14.7,295,126,6.90,6.93,389,284,196,0.0,1.43,1.15,1.35,3.26,4.69,4.11,29.3
192000,475,380,12.2,1.5,0.1,0.0,10.6,0.0,1.57,15.1,117,141,7.44,7.39,233,106,41,0.0,1.79,1.36,1.58,2.77,4.22,4.25,22.9
193000,574,1591,29.9,4.8,5.3,0.2,19.7,0.8,2.37,9.0,739,147,14.33,17.36,723,591,277,0.8,2.45,1.44,3.09,4.79,5.82,5.84,28.5
193000,475,547,13.6,1.2,0.1,0.0,12.4,0.0,1.40,13.7,146,129,6.86,7.12,308,166,73,0.0,1.56,1.24,1.41,3.08,4.62,4.58,23.3
194000,574,1083,13.7,0.8,0.2,0.1,12.6,0.0,1.33,14.6,414,141,7.13,8.00,482,387,214,0.0,1.43,1.22,1.35,3.23,4.69,4.15,29.1
194000,475,742,13.6,1.2,0.1,0.0,12.4,0.0,1.39,13.4,214,131,6.61,7.70,397,270,75,0.0,1.54,1.22,1.41,3.01,4.56,4.80,24.8
195000,574,935,13.2,1.1,0.1,0.0,11.9,0.0,1.46,14.9,327,153,8.63,9.29,329,432,174,0.0,1.61,1.23,1.50,3.11,4.65,3.95,29.8
195000,475,841,13.3,1.2,0.0,0.0,12.1,0.0,1.38,13.9,223,132,7.30,7.04,442,296,103,0.0,1.56,1.21,1.38,2.97,4.42,4.69,25.4
196000,475,937,13.6,1.3,0.0,0.0,12.4,0.0,1.40,13.8,271,144,8.13,8.17,484,334,119,0.0,1.58,1.23,1.42,3.00,4.48,4.64,25.6
196000,574,641,12.4,1.0,0.2,0.0,11.2,0.0,1.44,15.6,190,156,7.99,7.46,286,245,110,0.0,1.59,1.12,1.51,3.05,4.64,3.67,28.2
197000,574,988,13.6,0.8,0.1,0.0,12.6,0.0,1.36,14.6,278,139,7.29,7.38,382,481,125,0.0,1.45,1.23,1.39,3.21,4.67,4.10,28.1
197000,475,908,13.6,1.2,0.2,0.0,12.2,0.0,1.40,13.6,260,130,6.41,7.66,460,248,200,0.0,1.60,1.24,1.40,3.04,4.55,4.71,26.9
198000,475,1002,13.6,1.0,0.2,0.0,12.4,0.0,1.32,14.1,243,133,7.04,7.48,528,295,179,0.0,1.49,1.16,1.32,2.96,4.35,4.64,26.1
198000,574,825,14.2,1.0,0.1,0.0,13.0,0.0,1.39,14.4,295,130,7.00,7.77,320,317,188,0.0,1.46,1.25,1.41,3.19,4.68,4.22,30.4
198000,629,607,50.2,9.9,12.2,0.5,27.7,1.8,3.62,2.0,376,152,22.09,33.24,303,216,88,1.9,3.69,1.49,5.26,6.59,7.16,7.88,26.4
199000,475,1037,13.6,0.9,0.1,0.0,12.6,0.0,1.30,13.7,286,144,7.86,8.10,524,334,179,0.0,1.48,1.15,1.31,3.11,4.43,4.76,27.0
199000,629,605,50.0,9.9,11.7,0.4,28.0,1.8,3.66,2.0,362,169,24.91,33.10,285,230,90,1.9,3.73,1.71,5.26,6.81,7.12,7.93,27.3
199000,574,539,14.0,0.9,0.2,0.1,12.7,0.0,1.39,14.7,180,171,9.81,8.91,190,246,103,0.0,1.53,1.15,1.43,3.18,4.73,4.00,30.3
200000,475,968,13.0,1.3,0.0,0.0,11.6,0.0,1.47,14.4,246,159,9.31,9.24,525,323,120,0.0,1.66,1.28,1.49,2.95,4.28,4.53,25.2
200000,574,814,13.9,0.6,0.2,0.0,13.1,0.0,1.20,14.6,284,137,7.98,7.49,238,361,215,0.0,1.23,1.16,1.22,3.20,4.70,4.12,31.9
200000,629,632,49.2,9.3,11.9,0.4,27.6,1.8,3.52,2.2,363,149,21.29,30.91,313,240,79,1.8,3.59,1.50,5.21,6.58,7.05,7.86,26.3
