step,lineage,size,mass,hard,muscle,sensor,digestive,bite,shell,open,bodies,age,plant,meat,p0,p1,pnone,bite_any,shell_front,shell_back,shell_side,foot,len_fwd,len_side,height,density,digest,side
5000,96,954,56.9,2.3,0.3,7.9,48.1,0.0,1.08,0.3,286,689,92.07,0.93,273,329,352,0.0,1.00,1.20,1.06,7.01,7.75,7.81,33.7,1.001,0.423,7.84
6000,96,1067,54.1,2.0,0.7,7.5,45.6,0.0,1.09,0.4,420,1297,146.29,2.84,241,400,426,0.0,1.00,1.21,1.07,6.65,7.63,7.64,34.8,1.005,0.420,7.73
7000,96,1014,52.2,1.9,0.4,7.3,44.7,0.0,1.12,0.5,439,1164,117.04,13.23,262,360,392,0.0,1.01,1.27,1.10,6.80,7.54,7.57,34.2,0.993,0.410,7.66
8000,96,1019,44.4,1.3,0.7,6.3,38.6,0.0,1.11,1.0,502,797,73.60,19.43,248,339,432,0.0,1.02,1.22,1.11,6.27,7.08,7.24,35.0,0.982,0.403,7.40
9000,96,1037,35.7,0.6,3.4,4.1,29.5,0.0,1.09,2.4,564,833,66.02,17.27,210,400,427,0.0,1.02,1.16,1.08,5.63,6.50,6.75,35.8,0.973,0.403,7.22
10000,96,1135,35.9,0.7,10.0,2.2,21.0,0.0,1.16,3.7,802,749,41.47,17.92,206,403,526,0.1,1.10,1.25,1.16,5.34,6.25,6.34,36.1,1.044,0.413,7.17
11000,96,844,33.7,1.0,9.2,2.3,19.4,0.0,1.25,3.9,603,759,31.40,13.02,153,311,380,0.0,1.10,1.37,1.27,5.31,6.15,6.48,36.8,1.029,0.415,7.23
12000,96,605,35.2,1.0,10.1,1.8,19.8,0.0,1.25,4.4,430,965,32.40,9.36,110,240,255,0.0,1.11,1.40,1.25,5.36,6.29,6.58,36.1,1.032,0.426,7.45
13000,96,481,34.9,0.6,11.0,2.2,18.5,0.0,1.17,4.8,315,911,36.30,8.38,103,191,187,0.0,1.11,1.25,1.16,5.35,6.08,6.77,35.5,1.011,0.445,7.57
14000,96,278,36.3,0.3,14.0,1.5,16.1,0.0,1.09,4.5,175,1159,42.53,10.88,85,94,99,0.0,1.05,1.12,1.09,5.31,5.99,6.68,33.3,1.056,0.459,7.38
15000,96,57,15.0,0.6,0.1,2.2,13.8,0.0,1.20,6.6,39,1490,70.62,1.77,27,17,13,0.0,1.19,1.23,1.19,4.39,4.81,6.00,29.8,0.912,0.469,6.96
16000,96,17,11.5,0.0,0.0,2.4,12.0,0.0,1.00,7.5,12,1323,55.52,0.70,11,5,1,0.0,1.00,1.00,1.00,3.82,4.00,5.94,23.8,0.870,0.458,6.82
17000,96,297,13.8,0.0,0.0,0.8,15.3,0.0,1.00,6.8,85,504,29.32,0.36,64,104,129,0.0,1.00,1.01,1.00,4.10,4.26,6.44,35.5,0.876,0.449,7.03
18000,96,390,11.1,0.3,0.0,0.4,11.8,0.0,1.09,10.9,226,558,29.83,0.93,82,141,167,0.0,1.05,1.12,1.10,3.43,3.71,5.18,35.5,0.884,0.450,7.09
19000,96,575,12.7,0.3,0.0,0.6,13.5,0.0,1.09,9.2,316,594,27.92,1.07,95,200,280,0.0,1.05,1.13,1.09,3.74,3.95,5.76,37.0,0.886,0.448,7.09
19000,126,11,44.6,0.9,22.8,1.5,8.5,0.0,1.19,6.7,11,1218,11.12,18.69,4,3,4,1.1,1.10,1.24,1.34,5.18,6.64,7.36,31.8,1.300,0.453,8.64
20000,96,524,13.9,0.3,0.0,0.8,14.6,0.0,1.09,9.1,322,621,26.54,1.46,96,147,281,0.0,1.06,1.13,1.09,3.93,4.25,5.81,38.5,0.892,0.451,7.23
20000,129,382,33.6,0.5,15.3,0.1,8.3,0.0,1.15,2.5,312,702,10.69,18.42,58,155,169,0.4,1.10,1.24,1.15,4.43,5.78,5.78,36.6,1.344,0.562,6.23
20000,126,8,46.5,1.2,22.2,1.9,9.5,0.0,1.29,4.8,8,2185,8.37,20.56,3,3,2,1.5,1.17,1.33,1.52,5.25,6.75,7.88,30.3,1.318,0.473,8.50
21000,96,603,15.9,0.4,0.0,1.6,16.1,0.0,1.11,7.7,367,519,25.02,1.96,95,200,308,0.0,1.05,1.16,1.11,4.22,4.65,6.05,38.0,0.896,0.456,7.21
21000,129,279,29.8,0.5,12.4,0.0,8.5,0.0,1.15,2.1,212,596,11.26,14.20,47,111,121,0.2,1.13,1.24,1.12,4.34,5.71,5.65,36.0,1.341,0.573,5.99
22000,96,457,12.7,0.5,0.0,0.7,12.7,0.0,1.20,10.5,337,536,24.68,2.17,92,150,215,0.0,1.15,1.25,1.20,3.53,4.01,5.24,36.6,0.901,0.444,7.14
22000,129,381,26.4,0.4,8.9,0.0,9.9,0.0,1.11,2.7,316,416,11.47,11.27,65,114,202,0.4,1.08,1.16,1.11,4.03,5.48,5.50,37.1,1.323,0.590,5.97
23000,96,653,18.0,0.6,0.0,2.6,17.3,0.0,1.19,7.8,387,430,21.22,2.40,109,195,349,0.0,1.10,1.26,1.21,4.35,4.83,6.25,37.7,0.901,0.442,7.44
23000,129,310,22.4,0.5,6.5,0.0,9.8,0.1,1.12,2.9,275,557,12.72,9.38,46,98,166,0.3,1.10,1.15,1.13,4.01,5.34,5.37,39.0,1.306,0.586,5.81
24000,96,748,16.1,0.9,0.0,2.0,14.9,0.0,1.25,9.7,508,464,24.31,3.08,120,245,383,0.0,1.10,1.39,1.27,3.97,4.64,5.77,37.2,0.902,0.453,7.49
24000,131,237,41.4,0.3,21.1,0.1,4.0,0.1,1.07,1.9,169,746,9.32,23.35,54,72,111,0.1,1.08,1.07,1.06,4.23,5.41,5.61,37.5,1.610,0.609,5.95
24000,129,225,23.8,0.7,5.5,0.4,10.8,0.1,1.18,3.1,204,597,13.10,10.07,51,81,93,0.2,1.19,1.15,1.19,3.96,5.20,5.34,36.0,1.318,0.589,5.81
25000,96,738,16.0,0.9,0.1,1.7,14.5,0.0,1.22,9.0,515,495,23.65,3.56,121,234,383,0.0,1.13,1.34,1.22,3.97,4.67,5.69,38.0,0.915,0.452,7.31
25000,131,226,37.6,0.2,17.0,0.1,5.2,0.0,1.09,2.3,191,618,8.37,20.48,53,59,114,0.1,1.10,1.09,1.09,3.85,5.30,5.62,38.0,1.652,0.624,5.95
25000,129,133,23.1,0.6,7.0,0.7,9.3,0.0,1.19,4.4,124,549,14.23,10.36,49,44,40,0.1,1.18,1.18,1.21,3.91,5.19,5.22,32.0,1.309,0.620,6.07
26000,96,885,15.1,0.8,0.1,1.7,14.3,0.0,1.20,8.5,564,513,23.48,3.33,141,275,469,0.0,1.13,1.32,1.19,4.08,4.59,5.76,38.3,0.895,0.450,7.19
26000,131,210,36.8,0.1,15.8,0.0,5.9,0.0,1.03,2.1,167,768,10.20,18.27,29,79,102,0.1,1.04,1.02,1.03,3.94,5.33,5.47,37.6,1.690,0.633,5.89
26000,139,188,37.3,0.2,17.5,0.1,3.8,0.0,1.03,1.2,138,466,4.49,19.03,25,78,85,0.1,1.05,1.01,1.04,3.80,4.95,5.07,36.8,1.719,0.601,5.28
26000,129,64,25.7,0.6,9.3,0.3,9.7,0.0,1.17,4.0,62,710,15.93,14.77,4,20,40,0.2,1.18,1.23,1.15,4.12,5.48,5.34,44.2,1.273,0.655,6.20
27000,96,979,15.1,0.9,0.1,1.6,14.1,0.0,1.22,9.1,648,484,22.29,3.35,122,325,532,0.0,1.09,1.36,1.23,3.94,4.50,5.73,38.9,0.893,0.449,7.27
27000,139,224,33.0,0.1,15.4,0.0,3.4,0.0,1.03,2.2,170,574,4.86,20.40,18,77,129,0.0,1.03,1.03,1.04,3.62,4.60,4.80,40.1,1.739,0.554,5.23
27000,131,112,29.3,0.1,12.1,0.0,5.3,0.0,1.03,3.4,95,715,10.71,17.28,9,52,51,0.0,1.03,1.04,1.02,3.67,5.17,5.44,37.3,1.678,0.635,6.10
27000,129,9,22.2,2.2,3.7,0.0,8.6,0.0,1.60,6.7,9,1250,10.08,16.22,1,7,1,0.6,1.28,2.02,1.58,4.22,5.11,5.11,33.1,1.344,0.664,6.22
28000,96,650,13.7,0.8,0.1,1.2,12.9,0.0,1.24,10.1,442,522,22.83,2.53,131,230,289,0.0,1.15,1.36,1.24,3.85,4.22,5.62,35.7,0.899,0.441,7.27
28000,139,393,36.0,0.0,15.6,0.1,4.6,0.0,1.02,2.2,288,431,6.64,18.15,84,119,190,0.0,1.02,1.02,1.02,3.76,4.79,4.95,37.2,1.763,0.538,5.39
28000,131,57,23.0,0.0,8.5,0.0,5.1,0.0,1.00,5.4,53,651,8.52,14.51,7,29,21,0.0,1.00,1.00,1.00,3.53,4.65,4.95,36.2,1.688,0.639,6.05
29000,96,621,15.3,0.9,0.0,0.6,14.8,0.0,1.21,10.0,407,483,22.10,2.12,116,220,285,0.0,1.08,1.35,1.21,3.91,4.48,5.81,37.7,0.896,0.439,7.47
29000,139,322,36.6,0.1,16.0,0.0,3.8,0.0,1.02,2.4,241,505,5.14,18.02,57,106,159,0.0,1.03,1.02,1.02,3.72,4.79,4.96,36.2,1.820,0.550,5.43
29000,131,22,25.3,0.0,11.3,0.0,4.4,0.0,1.00,4.5,16,370,4.36,6.57,6,8,8,0.0,1.00,1.00,1.00,4.14,4.50,5.41,34.8,1.603,0.612,6.09
30000,96,669,12.2,0.5,0.0,0.6,12.6,0.0,1.15,11.0,418,559,24.22,2.06,112,263,294,0.0,1.08,1.21,1.17,3.61,3.82,5.72,36.9,0.880,0.460,7.39
30000,139,225,43.5,1.0,17.4,0.0,4.3,0.2,1.25,1.8,185,703,6.31,21.87,44,65,116,0.4,1.33,1.10,1.30,4.06,5.12,5.31,36.9,1.826,0.537,5.63
30000,131,26,22.2,0.1,12.0,0.0,1.6,0.0,1.02,5.7,21,288,2.90,9.11,3,15,8,0.1,1.00,1.04,1.03,3.12,4.12,5.38,35.1,1.613,0.618,6.00
31000,96,584,12.3,0.7,0.0,0.5,12.4,0.0,1.18,11.1,372,689,27.79,2.05,103,215,266,0.0,1.10,1.26,1.19,3.65,3.88,5.64,36.1,0.877,0.457,7.39
31000,139,244,42.7,1.4,15.4,0.0,5.1,0.2,1.32,2.1,199,644,5.50,19.34,34,101,109,0.3,1.36,1.11,1.40,3.97,5.00,5.13,37.6,1.845,0.559,5.53
31000,131,87,22.8,0.4,9.7,0.0,3.9,0.0,1.12,4.5,71,338,3.35,9.71,24,28,35,0.1,1.08,1.17,1.11,3.56,4.63,5.61,33.1,1.578,0.613,6.11
31000,158,10,60.9,18.1,4.7,0.0,6.3,1.8,7.05,1.2,10,2401,9.86,11.14,1,0,9,2.3,8.11,4.94,7.78,5.60,5.80,6.30,42.6,1.298,0.803,6.30
32000,96,418,10.6,0.3,0.0,0.3,11.5,0.0,1.10,11.4,280,627,27.30,1.19,95,146,177,0.0,1.07,1.11,1.12,3.57,3.69,5.46,34.5,0.859,0.452,7.28
32000,139,231,38.0,1.2,13.0,0.0,5.3,0.2,1.30,1.7,191,540,5.29,16.40,53,90,88,0.5,1.28,1.21,1.36,3.99,5.03,5.10,34.7,1.834,0.587,5.43
32000,131,153,22.8,0.5,9.0,0.0,4.3,0.0,1.11,3.5,118,315,2.88,8.50,40,52,61,0.3,1.07,1.19,1.10,3.50,4.77,5.61,33.7,1.581,0.614,5.94
32000,164,48,8.0,0.0,0.0,0.0,9.7,0.0,1.00,11.6,28,376,16.66,0.48,8,6,34,0.0,1.00,1.00,1.00,2.96,3.06,5.69,45.1,0.824,0.321,7.12
32000,165,16,10.5,0.0,0.0,0.3,10.7,0.0,1.00,15.0,16,1226,60.24,1.40,7,5,4,0.0,1.00,1.00,1.00,3.00,3.06,5.44,27.1,0.962,0.529,8.00
32000,158,15,66.7,17.1,12.8,0.0,3.1,2.7,6.44,0.1,12,218,3.40,16.00,1,7,7,4.1,8.42,2.76,7.31,4.80,6.00,6.07,36.6,1.331,0.818,6.07
33000,96,323,8.9,0.1,0.0,0.1,10.0,0.0,1.03,12.8,187,818,34.01,1.03,91,109,123,0.0,1.03,1.04,1.03,3.26,3.14,5.25,33.0,0.865,0.453,7.27
33000,139,257,33.9,0.7,12.4,0.3,4.6,0.1,1.17,1.4,201,607,4.48,15.24,53,90,114,0.2,1.16,1.10,1.22,3.77,4.98,5.04,35.8,1.835,0.604,5.30
33000,164,77,8.7,0.0,0.0,0.0,10.7,0.0,1.00,12.0,54,600,24.87,0.54,20,23,34,0.0,1.00,1.00,1.00,3.31,3.25,5.69,36.3,0.819,0.324,7.30
33000,131,67,24.0,1.0,9.0,0.0,4.2,0.0,1.25,3.8,58,727,3.92,9.91,27,19,21,0.4,1.20,1.40,1.20,3.36,4.67,5.51,29.9,1.579,0.599,5.99
33000,165,11,12.6,0.0,0.0,0.0,12.6,0.0,1.00,15.1,11,789,34.96,3.16,2,8,1,0.0,1.00,1.00,1.00,2.91,3.27,5.55,30.7,0.985,0.519,8.00
33000,158,5,67.8,18.6,11.0,0.0,2.2,2.2,7.07,0.4,5,1183,4.11,21.44,2,0,3,3.4,8.89,4.35,7.55,4.80,6.00,6.20,32.8,1.340,0.815,6.20
34000,96,137,6.9,0.0,0.0,0.0,7.8,0.0,1.01,14.0,101,1361,52.33,1.53,40,44,53,0.0,1.02,1.01,1.01,2.84,2.70,4.66,33.9,0.874,0.448,7.06
34000,139,86,40.9,0.1,16.2,0.0,5.1,0.1,1.02,0.4,67,734,6.36,15.90,22,39,25,0.1,1.02,1.02,1.02,3.91,5.01,5.07,33.4,1.897,0.543,5.14
34000,164,81,6.6,0.0,0.0,0.0,8.0,0.0,1.00,13.5,52,779,31.05,0.63,23,33,25,0.0,1.00,1.00,1.00,2.77,2.36,5.62,31.9,0.819,0.322,7.20
34000,131,25,27.0,1.4,8.9,0.6,4.5,0.0,1.28,4.2,25,946,3.89,10.88,14,3,8,0.3,1.18,1.44,1.24,3.48,4.88,5.12,27.5,1.632,0.607,6.00
34000,158,6,66.1,18.8,9.7,0.0,2.3,2.7,7.47,1.0,6,1842,3.60,21.00,2,0,4,3.7,9.12,4.49,8.22,4.83,5.67,6.17,36.8,1.328,0.813,6.17
34000,165,5,4.9,0.0,0.0,0.0,5.0,0.0,1.00,22.0,5,1920,63.83,3.11,1,3,1,0.0,1.00,1.00,1.00,1.60,2.20,2.80,30.2,0.972,0.525,8.00
35000,96,42,6.6,0.0,0.0,0.0,7.7,0.0,1.00,13.6,31,1970,65.85,1.59,18,13,11,0.0,1.00,1.00,1.00,2.98,2.52,4.98,28.5,0.860,0.449,7.05
35000,139,28,41.8,0.0,16.2,0.0,5.7,0.0,1.00,0.4,23,1363,6.61,18.94,11,15,2,0.0,1.00,1.00,1.00,3.89,5.07,5.18,26.0,1.904,0.575,5.21
35000,164,20,5.3,0.0,0.0,0.0,6.5,0.0,1.00,15.3,18,1882,65.17,0.99,10,6,4,0.0,1.00,1.00,1.00,2.80,2.30,5.80,27.0,0.810,0.322,7.30
35000,131,9,21.8,0.4,8.8,0.0,3.7,0.0,1.08,4.2,9,1874,5.49,8.50,7,2,0,0.2,1.00,1.19,1.07,3.22,4.56,5.56,20.9,1.629,0.600,6.00
36000,139,26,42.7,0.4,17.6,0.0,4.0,0.1,1.15,0.2,19,1598,6.27,12.42,7,13,6,0.1,1.19,1.02,1.20,3.96,5.00,5.04,29.3,1.909,0.562,5.08
36000,96,16,8.8,0.0,0.0,0.0,10.5,0.0,1.00,10.5,9,1244,35.44,0.84,4,5,7,0.0,1.00,1.00,1.00,3.50,3.19,5.69,33.3,0.842,0.438,7.06
36000,164,14,8.6,0.0,0.0,0.0,10.4,0.0,1.00,10.9,7,1149,43.91,1.74,5,7,2,0.0,1.00,1.00,1.00,4.43,3.57,7.36,26.8,0.816,0.342,7.50
37000,96,305,10.0,0.0,0.0,0.1,11.8,0.0,1.00,8.5,60,481,24.01,0.34,68,103,134,0.0,1.00,1.00,1.00,3.86,3.33,6.75,35.1,0.839,0.436,7.02
37000,164,92,7.2,0.1,0.0,0.0,8.6,0.0,1.01,12.7,30,572,25.49,0.38,22,31,39,0.0,1.00,1.03,1.02,3.21,2.71,7.11,35.5,0.808,0.341,7.50
37000,131,11,55.5,0.2,25.5,0.0,9.9,0.0,1.03,0.0,3,188,4.44,11.10,1,1,9,0.5,1.08,1.00,1.03,5.73,6.00,6.00,43.4,1.555,0.497,6.00
37000,139,7,44.3,1.4,18.3,0.0,2.3,0.4,1.56,0.0,6,1386,4.46,4.26,5,0,2,0.4,1.71,1.06,1.74,4.00,5.29,5.29,24.6,1.891,0.498,5.29
38000,96,457,7.0,0.1,0.0,0.1,8.2,0.0,1.01,13.4,200,559,26.33,0.53,94,168,195,0.0,1.00,1.03,1.01,2.88,2.82,4.78,35.5,0.834,0.432,7.04
38000,131,437,38.1,0.7,16.7,0.1,6.8,0.0,1.18,2.8,359,244,4.15,14.22,129,129,179,0.2,1.24,1.13,1.18,4.19,5.58,5.60,33.3,1.540,0.558,6.19
38000,139,117,37.9,0.3,16.8,0.0,2.7,0.0,1.09,1.3,73,289,3.03,14.84,37,26,54,0.2,1.15,1.01,1.10,3.56,4.81,4.75,33.4,1.876,0.587,5.09
38000,164,113,5.9,0.0,0.0,0.0,7.2,0.0,1.00,16.2,75,750,31.08,0.77,29,44,40,0.0,1.01,1.00,1.00,2.51,2.37,4.66,34.3,0.810,0.332,7.39
39000,96,455,8.4,0.1,0.0,0.1,9.9,0.0,1.01,11.8,245,472,20.64,0.80,70,167,218,0.0,1.00,1.02,1.01,3.22,3.17,5.39,36.7,0.826,0.427,7.04
39000,164,201,9.4,0.0,0.0,0.0,11.3,0.0,1.00,12.1,123,460,20.38,1.13,42,64,95,0.0,1.00,1.00,1.00,3.41,3.34,5.50,36.8,0.819,0.327,7.23
39000,139,178,37.0,0.2,15.9,0.0,3.3,0.0,1.06,1.4,118,431,3.86,19.58,34,54,90,0.1,1.10,1.01,1.06,3.61,4.66,4.84,37.4,1.885,0.562,5.08
39000,131,178,37.0,0.6,14.6,0.1,8.0,0.0,1.23,3.4,162,541,7.92,15.21,26,61,91,0.1,1.25,1.17,1.25,4.09,5.45,5.46,37.1,1.553,0.533,6.24
40000,96,424,8.3,0.0,0.0,0.0,9.9,0.0,1.01,12.1,255,464,20.65,1.17,77,164,183,0.0,1.00,1.00,1.01,3.34,3.40,5.41,35.3,0.834,0.432,7.18
40000,164,201,10.3,0.0,0.0,0.0,12.7,0.0,1.00,11.0,136,391,18.09,1.28,29,57,115,0.0,1.00,1.00,1.01,3.70,3.90,6.09,42.6,0.804,0.347,7.54
40000,139,160,36.1,0.2,13.5,0.0,5.2,0.0,1.05,2.1,120,566,5.92,21.03,28,45,87,0.0,1.07,1.01,1.05,3.52,4.53,4.71,37.1,1.903,0.530,5.14
40000,131,76,41.3,1.0,19.0,0.0,6.0,0.1,1.26,3.5,70,690,7.48,16.63,15,23,38,0.4,1.27,1.19,1.29,4.64,5.61,5.88,36.0,1.552,0.525,6.49
41000,96,373,8.1,0.2,0.0,0.0,9.4,0.0,1.04,13.5,254,401,17.34,1.26,87,132,154,0.0,1.01,1.07,1.03,3.12,3.26,4.80,34.8,0.829,0.432,7.19
41000,164,227,8.7,0.1,0.0,0.2,10.4,0.0,1.03,15.7,185,400,18.33,2.16,30,76,121,0.0,1.03,1.05,1.03,3.05,3.19,5.05,40.3,0.822,0.357,7.79
41000,139,42,28.5,0.7,10.1,0.0,3.5,0.2,1.25,4.1,41,572,6.93,27.71,9,12,21,0.3,1.34,1.03,1.33,3.00,4.10,4.38,34.8,1.899,0.511,5.17
41000,131,36,23.1,0.4,11.2,0.0,3.8,0.0,1.23,6.3,35,578,7.06,17.44,9,12,15,0.0,1.47,1.12,1.20,3.44,5.06,4.78,33.8,1.482,0.565,6.22
42000,96,469,11.8,0.5,0.0,0.1,13.0,0.0,1.13,9.5,268,368,18.30,1.69,99,140,230,0.0,1.08,1.21,1.12,3.74,4.04,5.88,35.3,0.827,0.436,7.20
42000,164,235,11.1,0.1,0.4,0.0,12.8,0.0,1.02,13.6,188,386,19.91,2.99,21,62,152,0.0,1.01,1.03,1.02,3.55,3.84,5.96,41.3,0.822,0.362,8.03
42000,185,49,30.3,0.3,8.6,0.0,6.5,0.0,1.08,2.0,41,359,8.42,11.79,10,13,26,0.1,1.09,1.04,1.09,3.65,4.98,5.00,37.8,1.916,0.619,5.45
43000,96,529,10.7,0.3,0.0,0.1,12.1,0.0,1.12,11.4,333,347,16.07,1.87,89,150,290,0.0,1.11,1.14,1.11,3.50,4.00,5.26,37.9,0.829,0.428,7.24
43000,164,80,8.9,0.0,0.5,0.2,10.2,0.0,1.00,13.9,68,471,20.53,2.01,12,46,22,0.0,1.00,1.00,1.00,2.95,3.50,4.71,35.6,0.814,0.358,7.49
43000,185,43,20.9,0.4,5.2,0.0,4.8,0.1,1.20,5.1,40,563,12.76,15.92,9,12,22,0.1,1.17,1.17,1.29,3.14,4.74,4.23,34.0,1.944,0.685,5.58
44000,192,936,23.8,0.0,8.2,0.0,3.9,0.0,1.00,1.8,526,224,3.31,12.35,180,266,490,0.0,1.00,1.00,1.00,2.61,3.74,3.81,37.4,1.968,0.819,4.21
44000,96,548,8.6,0.2,0.0,0.1,9.9,0.0,1.07,13.0,368,339,17.34,2.20,85,231,232,0.0,1.08,1.10,1.06,2.97,3.56,4.75,35.0,0.835,0.428,7.19
44000,164,109,10.3,0.2,0.1,0.0,11.3,0.0,1.07,12.7,77,288,13.24,1.39,16,30,63,0.0,1.06,1.08,1.08,3.24,3.39,5.39,37.2,0.871,0.391,7.40
44000,195,80,11.0,0.0,0.0,0.0,14.2,0.0,1.00,15.1,53,191,12.87,4.03,4,5,71,0.0,1.00,1.01,1.00,3.39,4.62,4.68,53.8,0.763,0.289,8.12
45000,192,651,20.0,0.0,6.7,0.0,3.3,0.0,1.02,1.6,349,223,3.66,11.89,142,135,374,0.0,1.02,1.02,1.01,2.47,3.68,3.75,39.5,1.987,0.788,4.09
45000,96,353,9.2,0.3,0.0,0.3,10.1,0.0,1.08,12.0,242,289,14.83,1.21,65,169,119,0.0,1.06,1.13,1.08,3.24,3.59,5.00,34.7,0.834,0.421,7.08
45000,195,32,7.1,0.9,0.0,0.0,7.0,0.0,1.26,19.2,28,270,9.78,2.95,5,2,25,0.0,1.17,1.43,1.26,2.19,3.66,2.91,47.8,0.789,0.388,7.97
45000,164,9,7.5,0.0,0.0,0.0,8.4,0.0,1.00,13.6,8,583,27.59,1.78,3,2,4,0.0,1.00,1.00,1.00,2.44,2.56,4.78,30.8,0.889,0.373,7.00
46000,192,944,20.7,0.1,5.8,0.0,4.5,0.0,1.03,1.8,569,260,4.76,12.05,181,234,529,0.0,1.03,1.04,1.03,2.43,3.64,3.72,39.1,1.991,0.817,4.10
46000,96,468,10.7,0.4,0.0,0.1,11.8,0.0,1.10,10.6,330,282,15.29,1.66,101,147,220,0.0,1.04,1.15,1.10,3.63,4.02,5.46,34.7,0.842,0.413,7.07
47000,192,880,19.9,0.1,6.2,0.0,3.5,0.0,1.04,2.1,540,239,3.97,13.07,168,257,455,0.0,1.02,1.07,1.04,2.33,3.47,3.66,37.8,1.994,0.898,4.06
47000,96,615,9.3,0.3,0.0,0.0,10.6,0.0,1.08,12.4,445,290,14.99,2.57,118,189,308,0.0,1.04,1.13,1.08,3.16,3.69,4.97,37.6,0.831,0.412,7.12
47000,215,6,10.5,0.0,0.0,0.0,11.7,0.0,1.00,16.3,6,476,22.03,2.90,1,1,4,0.0,1.00,1.00,1.00,2.50,3.50,4.50,41.8,0.861,0.316,8.00
48000,192,767,23.9,0.2,7.0,0.0,4.6,0.0,1.07,1.7,507,279,7.20,13.19,166,263,338,0.1,1.04,1.10,1.07,2.56,3.75,3.78,36.2,1.997,0.882,4.16
48000,96,484,11.4,0.5,0.0,0.1,12.6,0.0,1.13,11.7,345,269,15.13,1.79,100,162,222,0.0,1.08,1.20,1.13,3.44,3.99,5.29,36.5,0.826,0.425,7.35
48000,222,18,7.7,0.0,0.0,1.9,8.6,0.0,1.00,12.1,17,339,16.37,0.94,4,13,1,0.0,1.00,1.00,1.00,2.50,3.44,4.17,30.7,0.817,0.361,6.78
49000,192,547,25.0,0.1,7.5,0.1,4.8,0.0,1.02,1.8,367,363,8.87,17.36,107,143,297,0.0,1.02,1.03,1.02,2.47,3.67,3.80,38.6,1.999,0.912,4.18
49000,96,208,10.8,0.5,0.0,0.3,12.0,0.0,1.12,11.2,169,302,16.87,1.41,45,84,79,0.0,1.06,1.21,1.11,3.40,4.23,5.56,33.8,0.818,0.420,7.38
49000,251,142,14.1,0.8,0.0,0.0,17.0,0.0,1.22,16.0,122,275,16.67,1.41,20,44,78,0.0,1.16,1.27,1.25,3.67,3.57,7.10,37.3,0.757,0.429,9.06
49000,222,6,13.8,0.0,0.0,0.0,14.7,0.0,1.00,9.7,6,124,10.14,0.04,1,4,1,0.0,1.00,1.00,1.00,2.67,4.00,5.17,34.2,0.889,0.306,7.00
50000,192,689,26.2,0.0,8.1,0.1,4.9,0.0,1.01,1.8,460,277,6.12,13.87,164,229,296,0.0,1.01,1.02,1.01,2.58,3.83,3.89,34.7,1.999,0.928,4.30
50000,96,208,7.9,0.2,0.0,0.0,9.2,0.0,1.07,14.2,172,365,18.62,1.37,45,91,72,0.0,1.04,1.09,1.07,2.85,3.44,4.77,33.2,0.823,0.409,7.44
50000,251,201,11.7,0.9,0.0,0.0,13.6,0.0,1.27,17.7,170,350,19.77,1.34,36,65,100,0.0,1.18,1.33,1.30,3.14,3.18,5.95,37.4,0.758,0.422,8.83
50000,222,17,6.6,0.1,0.0,0.2,7.6,0.0,1.03,14.1,17,470,22.37,0.69,2,4,11,0.0,1.00,1.04,1.04,2.41,3.65,4.06,37.1,0.842,0.302,7.00
51000,96,339,10.8,0.4,0.0,0.1,12.3,0.0,1.09,11.4,267,302,16.25,1.03,59,128,152,0.0,1.05,1.13,1.09,3.46,4.18,5.49,36.4,0.830,0.409,7.42
51000,192,315,24.6,0.0,8.5,0.0,3.8,0.0,1.00,1.5,203,417,6.50,16.55,88,78,149,0.0,1.00,1.00,1.00,2.55,3.65,3.79,36.7,2.000,0.923,4.09
51000,251,184,14.5,1.1,0.0,0.0,16.8,0.0,1.32,15.2,153,390,21.36,1.04,42,60,82,0.0,1.24,1.39,1.38,3.66,3.75,6.64,34.6,0.766,0.421,8.84
52000,192,310,24.4,0.0,7.7,0.0,4.4,0.0,1.00,1.5,202,407,7.00,17.31,89,92,129,0.0,1.00,1.00,1.00,2.51,3.61,3.77,34.9,2.000,0.913,4.07
52000,251,197,9.5,0.5,0.0,0.0,11.4,0.0,1.19,20.4,182,450,25.65,1.67,44,56,97,0.0,1.17,1.18,1.24,2.80,2.90,5.16,36.9,0.762,0.434,9.07
52000,96,175,8.3,0.2,0.0,0.1,9.9,0.0,1.06,14.6,154,425,20.97,0.94,34,68,73,0.0,1.03,1.09,1.06,3.11,3.36,4.83,35.1,0.805,0.419,7.50
53000,96,123,7.6,0.1,0.0,0.0,8.9,0.0,1.06,16.1,107,551,25.91,0.77,35,41,47,0.0,1.05,1.07,1.06,2.89,2.88,4.97,33.3,0.823,0.435,7.79
53000,251,120,7.9,0.2,0.0,0.0,10.0,0.0,1.08,22.0,115,705,36.19,0.86,26,37,57,0.0,1.06,1.06,1.10,2.62,2.60,4.93,36.0,0.752,0.434,9.14
53000,192,84,22.7,0.0,6.7,0.0,4.7,0.0,1.00,1.8,61,574,11.62,17.90,26,24,34,0.0,1.00,1.00,1.00,2.60,3.58,3.63,32.5,2.000,0.925,4.02
54000,96,75,8.2,0.0,0.0,0.0,9.8,0.0,1.00,14.8,59,762,33.61,0.46,32,23,20,0.0,1.00,1.00,1.00,3.00,3.17,5.61,29.8,0.832,0.434,7.92
54000,251,34,9.1,0.0,0.0,0.0,12.2,0.0,1.01,19.8,30,954,43.05,0.74,3,14,17,0.0,1.01,1.01,1.01,2.94,2.71,5.56,38.5,0.738,0.437,9.06
54000,192,31,23.2,0.0,5.8,0.0,5.8,0.0,1.00,0.5,10,820,17.24,16.35,12,8,11,0.0,1.00,1.00,1.00,3.06,3.90,3.94,32.6,2.000,0.916,4.03
55000,96,32,7.8,0.0,0.0,0.0,9.3,0.0,1.00,15.1,29,1531,59.07,0.78,7,12,13,0.0,1.00,1.00,1.00,2.84,2.72,5.88,35.0,0.838,0.430,7.81
55000,251,6,10.7,0.0,0.0,0.0,14.3,0.0,1.00,18.0,6,2043,94.15,0.90,1,3,2,0.0,1.00,1.00,1.00,2.83,3.17,6.17,32.3,0.744,0.429,9.17
56000,96,19,9.9,0.0,0.0,0.0,11.9,0.0,1.00,11.7,12,1330,52.28,0.42,6,8,5,0.0,1.00,1.00,1.00,3.58,3.26,7.16,31.8,0.832,0.437,7.89
57000,96,373,12.5,0.1,0.0,0.1,14.7,0.0,1.01,8.4,97,455,23.39,0.30,74,117,182,0.0,1.00,1.03,1.01,4.03,4.30,7.22,36.4,0.843,0.444,7.84
57000,251,7,12.4,0.0,0.0,0.0,16.7,0.0,1.00,18.0,2,545,30.27,0.04,1,6,0,0.0,1.00,1.00,1.00,3.86,2.00,9.00,29.6,0.742,0.542,10.00
58000,96,417,5.9,0.1,0.0,0.0,6.8,0.0,1.03,18.2,251,606,29.24,0.90,83,167,167,0.0,1.03,1.04,1.04,2.48,2.64,4.24,35.2,0.838,0.430,7.85
59000,96,515,10.2,0.3,0.0,0.1,11.4,0.0,1.08,12.2,288,348,17.39,1.11,55,168,292,0.0,1.02,1.12,1.09,3.41,4.03,5.92,40.1,0.843,0.428,7.82
60000,96,482,10.7,0.2,0.0,0.2,12.2,0.0,1.05,12.9,343,365,18.39,1.42,58,161,263,0.0,1.02,1.07,1.06,3.53,4.11,5.55,39.4,0.843,0.419,7.83
61000,96,626,12.3,0.2,0.0,0.2,13.8,0.0,1.05,11.3,382,355,18.45,1.56,86,201,339,0.0,1.02,1.09,1.04,3.70,4.50,5.83,39.2,0.848,0.424,7.83
62000,96,740,12.3,0.6,0.0,0.2,13.3,0.0,1.19,12.2,497,361,18.43,2.15,102,222,416,0.0,1.11,1.24,1.22,3.61,4.38,5.58,39.7,0.842,0.421,7.76
62000,304,356,43.7,0.1,16.3,0.0,5.3,0.0,1.04,2.3,274,612,11.68,27.44,79,131,146,0.0,1.03,1.04,1.04,3.77,4.95,5.09,35.5,2.000,0.906,5.54
62000,302,79,38.1,0.8,10.0,0.1,7.3,0.0,1.27,2.6,75,704,14.20,24.73,9,22,48,0.0,1.32,1.17,1.30,3.44,4.73,4.80,41.0,1.999,0.929,5.35
63000,96,800,12.5,0.6,0.0,0.5,13.1,0.0,1.17,12.1,593,382,19.76,2.26,138,273,389,0.0,1.09,1.23,1.18,3.50,4.44,5.29,37.3,0.846,0.422,7.73
63000,304,470,41.8,0.0,15.4,0.0,5.5,0.0,1.00,1.9,332,448,8.75,24.37,131,113,226,0.0,1.00,1.00,1.00,3.73,4.76,4.89,35.2,2.000,0.896,5.26
63000,302,19,42.1,1.1,13.4,0.1,5.4,0.0,1.52,2.1,19,993,16.44,23.89,5,4,10,0.0,1.61,1.44,1.51,3.42,5.26,4.89,36.2,2.000,0.956,5.47
64000,96,757,14.4,0.9,0.0,0.5,14.4,0.0,1.23,10.1,519,338,18.05,2.67,108,233,416,0.0,1.11,1.32,1.24,3.82,4.71,5.88,39.1,0.861,0.424,7.64
64000,304,398,37.8,0.0,12.9,0.0,6.0,0.0,1.01,1.9,290,617,12.50,25.62,114,109,175,0.0,1.02,1.01,1.01,3.50,4.61,4.70,34.8,2.000,0.876,5.11
64000,302,5,71.7,1.0,12.8,0.0,21.2,0.0,1.12,3.6,5,1178,30.33,32.34,0,1,4,0.2,1.00,1.28,1.11,5.00,6.40,6.60,42.5,1.993,0.780,7.40
65000,96,526,10.1,0.7,0.0,0.3,10.3,0.0,1.21,13.9,377,410,19.02,2.63,90,169,267,0.0,1.10,1.31,1.22,3.16,3.84,5.03,39.0,0.845,0.433,7.70
65000,304,460,34.8,0.1,11.1,0.0,6.1,0.0,1.02,1.7,323,571,11.68,23.65,119,144,197,0.0,1.02,1.00,1.02,3.20,4.34,4.47,35.3,2.000,0.886,4.80
66000,304,724,26.4,0.0,7.5,0.0,5.6,0.0,1.02,1.8,434,387,9.58,18.53,155,192,377,0.0,1.02,1.02,1.02,2.59,3.79,3.83,37.7,2.000,0.926,4.25
66000,96,408,10.9,0.4,0.0,0.2,12.1,0.0,1.10,14.0,300,390,20.05,2.28,55,139,214,0.0,1.05,1.15,1.10,3.30,4.01,5.14,37.2,0.841,0.446,7.84
67000,304,682,25.6,0.0,7.4,0.0,5.4,0.0,1.01,1.8,377,393,10.02,18.44,167,204,311,0.0,1.01,1.01,1.01,2.41,3.64,3.80,36.5,2.000,0.933,4.15
67000,96,491,10.5,0.4,0.0,0.2,11.5,0.0,1.14,13.8,345,360,17.82,1.46,94,206,191,0.0,1.08,1.18,1.15,3.30,3.84,5.33,35.4,0.838,0.444,7.87
68000,304,613,25.4,0.0,8.6,0.0,4.0,0.0,1.00,1.6,357,401,8.36,18.86,128,209,276,0.0,1.00,1.00,1.00,2.43,3.65,3.79,36.0,2.000,0.936,4.11
68000,96,557,10.3,0.3,0.0,0.5,11.3,0.0,1.11,13.9,402,362,18.74,2.39,104,197,256,0.0,1.05,1.15,1.11,3.20,4.03,5.26,37.4,0.841,0.439,7.87
68000,321,8,41.5,0.0,0.0,0.0,48.6,0.0,1.00,5.0,4,477,56.58,7.05,0,0,8,0.0,1.00,1.00,1.00,4.88,7.12,6.88,42.7,0.854,0.445,8.00
69000,304,580,27.2,0.0,9.5,0.0,4.0,0.0,1.01,1.1,320,380,7.02,17.88,182,165,233,0.0,1.01,1.01,1.01,2.65,3.83,3.91,33.7,2.000,0.924,4.13
69000,96,501,9.9,0.5,0.0,0.1,11.2,0.0,1.14,13.7,339,372,18.02,2.13,85,186,230,0.0,1.07,1.21,1.16,3.28,4.12,5.23,38.1,0.816,0.450,7.89
69000,327,145,15.2,1.3,0.0,0.2,17.4,0.0,1.37,12.8,136,474,27.42,2.70,35,46,64,0.0,1.29,1.43,1.41,3.96,5.41,5.30,35.4,0.750,0.373,8.33
70000,96,461,11.4,0.9,0.0,0.5,12.0,0.0,1.17,14.1,361,454,21.58,1.28,85,179,197,0.0,1.04,1.28,1.18,3.35,4.05,5.41,36.2,0.808,0.449,8.07
70000,304,299,25.4,0.0,8.3,0.0,4.3,0.0,1.02,1.3,171,419,7.29,19.32,73,88,138,0.0,1.02,1.01,1.02,2.48,3.66,3.83,35.5,2.000,0.899,4.06
70000,327,154,15.0,1.5,0.0,0.3,16.8,0.0,1.39,12.5,129,519,30.57,2.86,30,54,70,0.0,1.29,1.38,1.46,3.82,5.75,4.97,35.4,0.745,0.350,8.29
71000,96,424,10.2,0.5,0.0,0.2,11.5,0.0,1.13,14.1,301,444,21.49,1.55,65,140,219,0.0,1.07,1.17,1.15,3.31,3.82,5.38,37.6,0.818,0.445,7.92
71000,304,200,26.3,0.0,10.3,0.0,2.8,0.0,1.00,1.2,106,365,5.36,17.54,62,76,62,0.0,1.00,1.00,1.00,2.60,3.72,3.78,32.8,2.000,0.884,4.05
71000,327,98,12.0,0.6,0.0,0.4,15.4,0.0,1.13,14.8,95,704,39.18,2.69,21,43,34,0.0,1.14,1.07,1.16,3.54,5.65,4.40,33.2,0.720,0.313,8.45
72000,96,304,9.0,0.4,0.0,0.1,10.1,0.0,1.16,15.2,253,468,22.09,1.12,53,86,165,0.0,1.11,1.19,1.17,2.86,3.43,5.05,37.8,0.823,0.433,7.84
72000,304,265,27.9,0.0,10.8,0.0,3.1,0.0,1.01,0.7,103,376,5.69,19.42,69,98,98,0.0,1.00,1.02,1.01,2.58,3.83,3.84,33.7,2.000,0.870,4.00
72000,327,84,12.8,0.5,0.0,0.7,16.3,0.0,1.11,12.3,79,746,41.81,1.51,18,40,26,0.0,1.15,1.04,1.12,3.83,5.65,4.54,33.4,0.716,0.282,7.89
73000,304,224,27.5,0.1,10.4,0.0,3.2,0.0,1.03,0.9,91,588,9.85,25.66,82,58,84,0.0,1.04,1.03,1.03,2.70,3.83,3.76,32.8,2.000,0.864,4.01
73000,96,189,8.1,0.2,0.0,0.0,9.4,0.0,1.07,16.8,155,582,27.64,0.83,50,70,69,0.0,1.03,1.10,1.08,2.68,3.13,4.85,33.9,0.819,0.433,7.99
73000,327,49,9.2,0.7,0.0,0.4,11.4,0.0,1.14,16.4,43,1089,51.23,1.83,9,25,15,0.0,1.18,1.05,1.16,3.24,4.47,3.78,32.7,0.717,0.294,8.08
74000,96,135,8.1,0.0,0.0,0.0,9.8,0.0,1.00,15.7,102,897,39.59,0.94,37,48,50,0.0,1.00,1.00,1.00,2.87,3.02,5.14,33.8,0.822,0.438,7.93
74000,304,81,28.0,0.0,10.6,0.0,3.3,0.0,1.01,0.8,40,916,16.46,29.74,28,29,24,0.0,1.00,1.01,1.02,2.88,3.78,3.85,31.6,2.000,0.881,4.01
74000,357,55,27.6,0.0,10.7,0.0,3.1,0.0,1.00,0.9,29,772,15.24,16.25,22,14,19,0.0,1.00,1.00,1.00,2.80,3.73,3.91,32.0,2.000,0.980,4.05
74000,327,20,7.4,0.0,0.0,0.8,9.6,0.0,1.00,16.5,20,1394,64.71,1.67,7,7,6,0.0,1.00,1.00,1.00,2.80,3.65,4.00,31.0,0.724,0.285,7.80
74000,358,14,7.8,0.0,0.0,0.0,10.6,0.0,1.00,19.1,14,1531,68.37,2.09,6,4,4,0.0,1.00,1.00,1.00,2.57,3.21,3.79,31.7,0.730,0.402,8.29
75000,96,46,7.8,0.0,0.0,0.0,9.4,0.0,1.00,15.3,43,1823,66.77,1.49,14,20,12,0.0,1.00,1.00,1.00,2.83,2.91,5.22,31.9,0.829,0.429,7.80
75000,304,8,26.0,0.0,10.2,0.0,2.8,0.0,1.00,1.0,5,1970,29.91,28.69,3,4,1,0.0,1.00,1.00,1.00,2.62,3.62,3.88,28.6,2.000,0.863,4.00
75000,357,8,31.5,0.0,12.8,0.0,3.0,0.0,1.00,0.0,2,1738,34.76,28.30,3,2,3,0.0,1.00,1.00,1.00,3.62,4.00,4.00,34.5,2.000,0.978,4.00
76000,96,5,12.8,0.0,0.0,0.0,15.4,0.0,1.00,8.8,4,1419,58.80,1.16,2,2,1,0.0,1.00,1.00,1.00,3.40,3.60,6.80,26.2,0.833,0.480,7.40
77000,96,357,14.2,0.1,0.0,0.1,16.7,0.0,1.03,7.9,109,441,24.83,0.36,64,129,164,0.0,1.00,1.04,1.03,4.17,4.35,7.30,36.2,0.832,0.446,7.72
78000,96,702,12.6,0.0,0.0,0.1,15.1,0.0,1.02,8.5,155,732,38.52,0.33,170,222,310,0.0,1.01,1.01,1.03,4.13,4.13,7.26,35.3,0.827,0.446,7.75
78000,357,16,26.5,0.0,10.8,0.0,2.5,0.0,1.00,1.0,10,220,6.08,9.90,2,14,0,0.0,1.00,1.00,1.00,2.38,3.56,3.94,31.4,2.000,0.975,4.00
79000,357,1062,26.0,0.0,7.2,0.0,5.8,0.0,1.00,1.4,427,257,5.75,14.13,323,386,353,0.0,1.00,1.00,1.00,2.59,3.65,3.75,32.7,2.000,0.973,4.03
79000,96,357,7.0,0.0,0.0,0.1,8.4,0.0,1.02,17.3,276,900,41.70,1.51,84,138,135,0.0,1.01,1.01,1.02,2.59,2.88,4.32,34.4,0.829,0.438,7.73
80000,96,474,12.2,0.2,0.0,0.1,14.3,0.0,1.05,11.0,297,357,18.71,0.94,104,130,240,0.0,1.02,1.07,1.05,3.79,4.05,6.40,35.7,0.827,0.449,7.78
80000,357,259,28.4,0.0,8.4,0.0,5.8,0.0,1.00,0.8,96,625,15.66,22.00,70,76,113,0.0,1.00,1.00,1.00,2.65,3.80,3.88,36.3,2.000,0.973,4.04
81000,357,740,28.0,0.0,7.9,0.0,6.1,0.0,1.00,1.0,176,427,11.99,20.11,172,217,351,0.0,1.00,1.00,1.00,2.62,3.73,3.80,36.7,2.000,0.961,4.01
81000,96,379,9.8,0.2,0.0,0.2,11.2,0.0,1.10,15.2,305,377,19.40,1.39,53,125,201,0.0,1.08,1.12,1.10,3.07,3.66,5.08,38.0,0.828,0.450,7.95
82000,357,665,28.1,0.0,7.5,0.0,6.5,0.0,1.01,0.9,146,641,21.07,22.77,122,167,376,0.0,1.01,1.00,1.01,2.55,3.74,3.82,39.1,2.000,0.957,4.01
82000,96,322,13.9,0.8,0.0,0.3,14.9,0.0,1.18,11.8,257,261,16.36,1.28,55,97,170,0.0,1.07,1.29,1.19,3.78,4.42,6.03,38.4,0.842,0.447,7.89
83000,357,964,26.1,0.0,6.7,0.0,6.3,0.0,1.00,1.3,260,624,22.16,21.03,182,267,515,0.0,1.00,1.00,1.00,2.44,3.62,3.74,38.6,2.000,0.957,4.00
83000,96,317,12.5,0.6,0.0,0.2,13.5,0.0,1.12,13.9,260,322,18.11,1.29,51,108,158,0.0,1.05,1.19,1.12,3.37,4.06,5.60,36.1,0.830,0.446,8.03
84000,357,872,26.0,0.0,7.0,0.0,6.0,0.0,1.00,1.4,283,498,16.33,22.16,164,168,540,0.0,1.00,1.00,1.00,2.41,3.61,3.70,38.9,2.000,0.967,4.00
84000,96,416,11.7,0.5,0.0,0.0,13.0,0.0,1.16,13.1,323,304,16.65,1.19,108,145,163,0.0,1.10,1.21,1.17,3.53,4.25,5.91,34.7,0.834,0.434,7.97
85000,357,762,28.5,0.0,8.6,0.0,5.7,0.0,1.00,0.9,178,663,18.93,31.11,117,203,442,0.0,1.00,1.00,1.00,2.61,3.76,3.85,40.4,2.000,0.977,4.03
85000,96,383,11.7,0.3,0.0,0.1,13.4,0.0,1.08,13.5,301,362,19.49,1.21,98,187,98,0.0,1.04,1.13,1.09,3.32,3.94,5.70,31.4,0.836,0.426,8.00
86000,357,791,29.2,0.0,8.8,0.0,5.8,0.0,1.01,0.7,152,802,23.34,28.92,157,202,432,0.0,1.01,1.00,1.01,2.68,3.84,3.85,38.2,2.000,0.980,4.01
86000,96,358,12.7,0.9,0.0,0.2,13.4,0.0,1.22,13.1,285,375,20.55,1.47,75,114,169,0.0,1.10,1.33,1.23,3.59,4.19,5.86,34.9,0.831,0.430,8.08
87000,357,777,29.3,0.0,9.2,0.0,5.5,0.0,1.01,0.6,148,798,22.63,23.93,176,251,350,0.0,1.01,1.00,1.01,2.60,3.84,3.88,35.9,2.000,0.980,4.01
87000,96,551,12.2,0.6,0.0,0.1,13.3,0.0,1.18,13.4,426,342,18.92,1.88,67,169,315,0.0,1.10,1.26,1.18,3.60,3.93,5.97,39.3,0.829,0.421,8.01
88000,357,709,29.6,0.0,9.9,0.0,4.9,0.0,1.00,0.5,132,813,21.32,24.47,167,203,339,0.0,1.00,1.00,1.00,2.68,3.85,3.90,36.5,2.000,0.979,4.00
88000,96,456,13.1,0.6,0.0,0.1,14.4,0.0,1.19,13.4,347,361,20.11,1.92,85,167,204,0.0,1.11,1.25,1.20,3.55,4.05,6.03,37.5,0.830,0.421,8.16
89000,357,548,30.1,0.0,9.7,0.0,5.3,0.0,1.00,0.4,100,892,24.74,23.19,122,145,281,0.0,1.00,1.00,1.00,2.84,3.90,3.93,37.4,2.000,0.981,4.01
89000,96,387,13.9,0.3,0.0,0.2,16.2,0.0,1.12,12.3,288,346,19.67,1.66,65,121,201,0.0,1.08,1.14,1.13,3.76,4.24,6.21,37.9,0.820,0.429,8.09
90000,357,616,29.4,0.0,8.9,0.0,5.8,0.0,1.00,0.5,133,791,22.86,20.03,130,183,303,0.0,1.00,1.00,1.00,2.79,3.85,3.91,37.1,2.000,0.974,4.01
90000,96,467,12.8,0.4,0.0,0.2,14.3,0.0,1.11,12.8,348,323,18.58,0.99,86,173,208,0.0,1.05,1.18,1.11,3.64,4.09,5.94,36.0,0.844,0.432,7.97
91000,357,509,30.2,0.0,9.7,0.0,5.3,0.0,1.01,0.4,100,967,28.25,22.53,164,153,192,0.0,1.01,1.01,1.01,2.92,3.89,3.93,33.5,2.000,0.979,4.00
91000,96,303,13.4,0.5,0.0,0.1,14.5,0.0,1.13,14.0,269,395,23.80,1.85,62,97,144,0.0,1.08,1.21,1.13,3.52,4.05,5.44,36.6,0.845,0.433,8.07
92000,357,426,31.0,0.0,10.0,0.0,5.5,0.0,1.00,0.3,79,1177,35.73,24.68,134,149,143,0.0,1.00,1.00,1.00,3.11,3.96,3.95,32.6,2.000,0.979,4.02
92000,396,282,31.9,0.0,8.6,0.0,7.3,0.0,1.00,0.3,53,954,37.09,21.22,90,85,107,0.0,1.00,1.00,1.00,3.42,4.01,4.02,33.2,2.000,0.972,4.09
92000,96,215,11.7,0.4,0.0,0.1,12.8,0.0,1.08,15.5,187,448,25.56,1.83,42,82,91,0.0,1.06,1.14,1.07,3.20,3.65,5.13,34.9,0.852,0.401,8.11
93000,396,274,32.4,0.0,8.6,0.0,7.6,0.0,1.00,0.2,39,1193,45.22,21.67,80,95,99,0.0,1.00,1.00,1.00,3.48,4.01,4.05,33.2,2.000,0.973,4.08
93000,357,272,31.3,0.0,10.2,0.0,5.5,0.0,1.00,0.2,47,1342,42.56,21.72,85,88,99,0.0,1.00,1.00,1.00,3.33,3.96,3.97,32.4,2.000,0.986,4.02
93000,96,57,8.4,0.1,0.0,0.0,9.7,0.0,1.02,17.5,53,545,30.09,0.79,18,24,15,0.0,1.00,1.03,1.02,2.98,2.79,4.70,31.1,0.869,0.398,8.05
94000,396,128,32.1,0.0,8.1,0.0,8.0,0.0,1.00,0.2,25,1769,65.09,25.40,40,46,42,0.0,1.00,1.00,1.00,3.44,3.99,4.05,32.4,2.000,0.974,4.06
94000,357,96,31.9,0.0,10.0,0.0,6.0,0.0,1.00,0.1,17,1679,60.00,17.59,30,35,31,0.0,1.00,1.00,1.00,3.40,3.99,4.02,33.1,2.000,0.994,4.03
94000,96,15,6.9,0.0,0.0,0.0,8.0,0.0,1.00,19.6,13,880,38.24,1.40,6,2,7,0.0,1.00,1.00,1.00,2.40,2.73,4.00,35.6,0.875,0.403,8.07
95000,357,37,30.8,0.0,9.9,0.0,5.4,0.0,1.00,0.4,10,1891,58.08,12.72,18,9,10,0.0,1.00,1.00,1.00,3.19,3.84,4.05,28.7,2.000,0.995,4.05
95000,396,18,32.9,0.0,9.4,0.0,7.1,0.0,1.00,0.0,5,1966,63.07,18.36,6,7,5,0.0,1.00,1.00,1.00,3.11,4.06,4.06,30.5,2.000,0.974,4.06
96000,357,9,33.3,0.0,11.1,0.0,5.6,0.0,1.00,0.7,4,2343,59.27,10.51,1,5,3,0.0,1.00,1.00,1.00,3.11,4.00,4.11,32.9,2.000,0.994,4.22
98000,407,660,13.3,0.1,0.0,0.2,15.0,0.0,1.02,9.5,151,810,43.75,0.46,138,222,300,0.0,1.00,1.04,1.03,4.02,3.21,7.34,35.7,0.877,0.370,7.60
99000,407,436,6.7,0.1,0.0,0.1,7.5,0.0,1.06,17.2,301,1264,61.51,1.46,129,169,138,0.0,1.04,1.07,1.06,2.50,2.48,4.41,32.5,0.867,0.372,7.62
100000,407,205,11.2,0.4,0.0,0.2,12.0,0.0,1.14,14.6,186,366,22.63,0.47,31,75,99,0.0,1.12,1.19,1.13,3.40,3.65,5.56,37.2,0.860,0.356,7.96
