step,lineage,size,mass,hard,muscle,sensor,digestive,bite,shell,open,bodies,age,plant,meat,p0,p1,pnone,bite_any,shell_front,shell_back,shell_side,foot,len_fwd,len_side,height,density,digest
5000,14,582,26.5,0.3,3.7,0.1,17.4,0.0,1.07,9.0,275,163,13.59,13.09,324,253,5,0.0,1.02,1.10,1.09,4.18,4.55,7.09,23.4,1.166,0.491
5000,3,468,15.7,0.4,0.2,0.3,16.5,0.0,1.11,10.6,178,171,15.42,9.25,216,212,40,0.0,1.09,1.15,1.09,4.01,3.71,7.07,26.8,0.871,0.511
5000,4,305,24.1,0.4,0.2,0.2,21.2,0.0,1.08,8.5,128,207,14.60,11.75,118,140,47,0.0,1.04,1.11,1.08,4.60,5.30,6.49,29.2,1.074,0.541
5000,11,141,14.4,0.4,0.0,0.0,14.5,0.0,1.13,12.5,26,141,6.83,6.79,107,29,5,0.0,1.16,1.19,1.09,3.31,3.79,6.08,20.7,0.933,0.636
5000,5,134,10.8,0.0,0.1,0.0,10.1,0.0,1.00,14.9,33,153,6.43,5.72,49,75,10,0.0,1.00,1.00,1.00,3.08,5.55,3.04,27.2,1.069,0.496
5000,1,105,26.4,0.3,0.4,0.7,28.3,0.0,1.07,3.7,48,420,58.85,23.48,57,31,17,0.0,1.08,1.09,1.06,5.63,7.77,6.48,26.4,0.891,0.522
5000,2,49,11.2,0.1,0.0,0.1,14.6,0.0,1.02,14.3,24,170,10.34,7.27,22,22,5,0.0,1.00,1.04,1.03,3.29,3.94,4.90,27.6,0.751,0.640
5000,6,38,19.3,0.8,0.0,0.5,18.7,0.0,1.19,8.8,22,202,12.23,9.48,4,33,1,0.0,1.19,1.17,1.23,4.29,5.21,6.42,31.0,0.949,0.393
5000,15,12,10.4,0.0,0.0,0.0,10.8,0.0,1.00,17.5,4,218,10.71,9.31,0,12,0,0.0,1.00,1.00,1.00,3.00,3.75,3.50,31.8,0.962,0.468
6000,14,312,18.8,0.1,0.2,0.2,17.4,0.0,1.04,10.2,131,150,11.74,6.43,97,171,44,0.0,1.01,1.05,1.06,3.96,3.72,7.33,29.0,1.041,0.474
6000,11,190,14.1,0.3,0.0,0.0,14.5,0.0,1.11,12.5,33,144,6.24,7.81,150,35,5,0.0,1.16,1.15,1.08,3.59,3.84,6.21,20.6,0.927,0.632
6000,4,180,24.0,0.4,0.2,0.2,20.6,0.0,1.09,7.3,70,153,10.05,10.14,62,69,49,0.0,1.05,1.14,1.10,4.53,4.96,7.39,30.3,1.098,0.586
6000,3,72,19.4,0.4,0.2,2.8,18.8,0.0,1.11,7.5,34,110,8.48,3.97,21,25,26,0.0,1.00,1.13,1.17,5.15,4.88,7.79,34.7,0.899,0.475
6000,1,58,18.2,0.7,0.4,0.7,18.1,0.0,1.13,8.1,32,237,22.40,17.18,14,37,7,0.0,1.11,1.18,1.13,4.48,7.14,4.98,30.1,0.898,0.572
6000,36,41,10.6,0.6,0.0,0.2,10.1,0.0,1.33,18.0,16,266,15.64,11.11,26,15,0,0.0,1.29,1.28,1.39,3.05,3.95,3.02,25.0,0.917,0.389
6000,6,34,17.2,0.8,0.0,0.0,16.7,0.0,1.30,11.2,25,147,15.41,9.39,13,21,0,0.0,1.33,1.36,1.25,3.79,4.47,6.21,27.2,0.936,0.400
6000,35,14,12.4,0.0,0.0,0.0,11.9,0.0,1.00,16.6,6,163,12.22,6.50,4,10,0,0.0,1.00,1.00,1.00,2.57,4.57,3.14,29.0,1.047,0.392
6000,5,10,11.7,0.0,0.0,0.0,10.5,0.0,1.00,14.4,6,202,16.76,7.77,7,3,0,0.0,1.00,1.00,1.00,3.60,5.50,3.30,20.7,1.132,0.481
6000,32,7,14.9,1.1,0.0,4.6,7.6,0.0,1.30,14.6,6,238,14.52,7.44,0,7,0,0.0,2.07,1.00,1.21,2.71,6.14,2.86,27.8,1.247,0.425
6000,2,7,9.2,0.0,0.0,1.7,10.6,0.0,1.00,14.3,3,34,3.27,0.84,0,7,0,0.0,1.00,1.00,1.00,2.57,2.57,6.29,28.4,0.804,0.612
7000,14,334,19.7,0.5,0.2,0.3,17.7,0.0,1.13,10.3,167,191,15.87,7.86,147,171,16,0.0,1.05,1.20,1.13,3.97,4.11,6.91,27.2,1.044,0.453
7000,4,183,24.0,0.3,0.3,0.9,21.1,0.0,1.09,7.7,90,165,11.25,9.44,24,110,49,0.0,1.07,1.11,1.10,4.54,4.83,7.38,33.7,1.073,0.587
7000,3,84,20.7,0.1,0.1,3.3,20.4,0.0,1.02,7.1,52,235,25.75,8.34,39,29,16,0.0,1.01,1.03,1.02,5.46,5.60,7.29,29.2,0.915,0.445
7000,11,72,12.7,0.3,0.0,0.0,12.9,0.0,1.12,13.8,35,150,6.92,9.06,55,15,2,0.0,1.07,1.10,1.26,3.56,3.74,5.83,20.7,0.929,0.617
7000,5,26,10.4,0.0,0.0,0.0,10.0,0.0,1.00,15.1,9,125,5.69,4.00,20,6,0,0.0,1.00,1.00,1.00,3.04,5.19,3.27,22.3,1.071,0.525
7000,2,18,15.3,0.0,0.0,0.5,18.3,0.0,1.00,10.3,12,194,18.67,9.54,13,5,0,0.0,1.00,1.00,1.00,3.83,4.00,6.83,24.5,0.819,0.629
7000,36,17,8.5,0.0,0.0,0.0,9.5,0.0,1.00,18.7,9,148,7.17,3.22,10,3,4,0.0,1.00,1.00,1.00,2.24,3.82,2.82,28.0,0.905,0.383
7000,1,15,20.3,0.0,0.1,0.0,24.3,0.0,1.00,6.5,10,211,18.60,17.41,0,5,10,0.0,1.00,1.00,1.00,5.47,7.00,6.40,40.5,0.832,0.472
7000,6,12,14.9,0.0,0.0,0.0,16.2,0.0,1.00,11.3,5,170,13.14,6.40,4,1,7,0.0,1.00,1.00,1.00,4.08,2.92,7.42,33.7,0.916,0.393
7000,35,11,12.6,0.0,0.0,0.0,12.1,0.0,1.00,16.4,6,209,17.08,5.28,0,11,0,0.0,1.00,1.00,1.00,2.55,4.64,3.27,30.4,1.030,0.396
8000,14,394,18.0,0.6,0.1,0.2,16.1,0.0,1.13,9.8,174,182,13.47,8.29,183,186,25,0.0,1.04,1.18,1.15,3.88,4.24,7.15,26.1,1.026,0.440
8000,4,208,25.5,0.6,0.2,0.5,21.5,0.0,1.13,6.9,111,160,15.73,9.61,33,88,87,0.0,1.06,1.19,1.14,4.70,5.30,7.51,35.7,1.101,0.581
8000,3,58,13.9,0.0,0.0,1.2,16.1,0.0,1.00,10.5,24,204,17.84,7.73,34,24,0,0.0,1.00,1.00,1.00,4.24,3.76,7.33,24.4,0.826,0.478
8000,11,43,16.4,0.3,0.0,0.0,15.6,0.0,1.13,12.1,19,122,6.28,6.52,35,8,0,0.0,1.18,1.18,1.10,3.35,4.86,5.26,19.8,1.002,0.585
8000,6,22,32.4,0.0,0.2,0.0,33.5,0.0,1.00,2.9,11,133,12.46,8.50,0,19,3,0.0,1.00,1.00,1.00,6.32,6.64,8.00,33.2,0.965,0.394
8000,2,11,25.6,0.0,0.0,3.2,27.3,0.0,1.00,5.3,7,238,36.68,10.06,2,9,0,0.0,1.00,1.00,1.00,4.55,5.45,7.91,29.9,0.881,0.585
9000,14,675,17.6,0.2,0.1,0.1,15.9,0.0,1.05,10.3,253,165,11.90,7.05,320,287,68,0.0,1.02,1.07,1.07,3.77,4.44,6.56,27.1,1.055,0.443
9000,4,165,25.8,0.3,0.1,0.1,23.0,0.0,1.08,7.7,63,150,10.67,10.25,37,79,49,0.0,1.03,1.10,1.10,4.68,4.75,7.45,31.9,1.084,0.576
9000,3,69,10.4,0.0,0.1,0.5,12.6,0.0,1.00,13.1,35,172,14.55,5.91,29,40,0,0.0,1.00,1.00,1.00,3.22,3.16,6.57,26.0,0.802,0.495
9000,2,13,28.6,0.0,0.0,2.8,31.0,0.0,1.00,4.6,10,207,23.70,13.70,4,8,1,0.0,1.00,1.00,1.00,5.31,5.69,8.00,29.1,0.876,0.589
9000,6,13,18.4,0.5,0.0,0.0,18.0,0.0,1.11,9.7,6,145,7.94,6.15,0,12,1,0.0,1.12,1.10,1.12,4.08,3.69,7.46,33.2,0.950,0.396
10000,14,591,18.8,0.4,0.2,0.6,16.8,0.0,1.10,9.5,259,137,9.44,5.64,262,255,74,0.0,1.07,1.13,1.12,4.09,4.53,6.90,27.3,1.038,0.444
10000,4,216,24.6,0.6,0.3,0.1,21.9,0.0,1.14,7.9,102,134,10.89,7.77,59,95,62,0.0,1.13,1.17,1.14,4.60,4.72,7.48,31.5,1.036,0.556
10000,62,89,58.6,0.5,14.2,0.1,22.2,0.0,1.14,4.4,57,281,39.03,41.50,70,18,1,0.0,1.08,1.19,1.15,5.71,7.12,6.89,20.9,1.574,0.625
10000,67,57,34.5,2.6,0.7,0.1,21.7,0.0,1.41,4.6,25,195,14.80,10.44,34,23,0,0.0,1.31,1.72,1.26,5.37,6.63,7.61,22.4,1.238,0.489
10000,3,56,15.3,0.0,0.0,0.0,17.8,0.0,1.00,9.3,20,80,5.71,3.07,20,35,1,0.0,1.00,1.00,1.00,4.34,3.82,7.52,27.5,0.849,0.463
10000,64,25,11.9,0.0,0.0,0.0,10.7,0.0,1.00,15.0,4,105,5.13,3.22,4,20,1,0.0,1.00,1.00,1.00,2.76,4.36,4.16,31.5,1.114,0.525
10000,63,19,18.1,0.0,0.0,0.0,15.2,0.0,1.00,11.4,6,154,8.95,7.49,2,16,1,0.0,1.00,1.00,1.00,3.95,3.00,7.32,34.0,1.185,0.437
10000,75,14,86.8,0.0,25.3,0.0,28.4,0.0,1.00,0.0,8,178,28.51,29.54,7,7,0,0.0,1.00,1.00,1.00,8.14,8.00,8.00,26.0,1.636,0.558
11000,14,721,17.2,0.2,0.0,0.2,15.8,0.0,1.06,10.4,282,121,7.36,5.10,343,281,97,0.0,1.04,1.08,1.08,3.79,4.43,6.47,26.9,1.047,0.457
11000,4,193,20.7,0.3,0.3,0.4,18.7,0.0,1.06,9.0,91,143,9.73,7.81,66,91,36,0.0,1.03,1.08,1.07,4.10,4.19,7.40,28.5,1.033,0.570
11000,3,51,18.2,0.0,0.7,1.1,20.5,0.0,1.00,7.1,26,133,9.12,6.43,31,15,5,0.0,1.00,1.00,1.00,4.96,5.10,7.55,25.5,0.831,0.464
11000,67,31,37.7,0.5,1.9,0.0,27.6,0.0,1.04,1.2,15,108,9.22,7.72,11,20,0,0.2,1.00,1.03,1.06,5.74,7.81,7.81,27.1,1.234,0.430
11000,62,27,94.2,0.0,37.2,0.0,22.1,0.0,1.00,0.7,9,175,22.75,30.05,10,15,2,0.0,1.00,1.00,1.00,7.22,7.89,7.78,24.8,1.589,0.600
11000,75,19,82.7,0.0,19.9,1.1,31.9,0.0,1.00,0.1,16,140,11.18,31.94,17,2,0,0.0,1.00,1.00,1.00,7.16,8.00,7.95,20.6,1.589,0.518
12000,14,523,19.5,0.4,0.2,0.3,18.0,0.0,1.12,8.6,164,117,7.67,5.11,265,211,47,0.0,1.06,1.16,1.13,4.14,4.67,7.08,25.2,1.013,0.452
12000,4,83,22.3,0.3,1.0,0.5,21.1,0.0,1.06,7.8,35,91,5.62,5.37,19,36,28,0.0,1.00,1.09,1.09,4.41,4.43,7.90,33.2,0.963,0.578
12000,3,36,14.3,0.3,0.0,0.0,16.6,0.0,1.21,11.4,19,87,4.63,3.54,25,10,1,0.0,1.25,1.25,1.18,3.81,4.06,6.25,25.9,0.829,0.430
12000,67,16,35.3,0.2,1.0,0.0,28.8,0.0,1.02,1.8,10,123,9.51,5.70,8,8,0,0.0,1.00,1.07,1.00,5.19,7.88,7.25,24.3,1.162,0.350
13000,14,373,20.8,0.6,0.2,0.4,18.7,0.0,1.13,8.3,121,123,7.62,5.60,198,145,30,0.0,1.11,1.14,1.15,4.21,4.88,7.05,24.5,1.026,0.435
13000,4,42,18.3,0.2,0.0,0.2,19.7,0.0,1.12,8.8,18,120,6.49,6.84,27,9,6,0.0,1.14,1.14,1.10,3.93,3.83,7.79,20.4,0.900,0.575
13000,95,36,31.6,0.0,1.5,0.0,18.8,0.0,1.00,4.5,13,160,9.05,11.70,11,25,0,0.1,1.00,1.01,1.00,6.47,7.97,7.67,26.6,1.565,0.622
13000,67,19,33.7,0.0,5.3,0.0,22.5,0.0,1.00,0.8,11,106,6.61,9.63,18,1,0,0.0,1.00,1.00,1.00,5.58,7.74,7.95,19.9,1.217,0.335
13000,3,14,22.9,0.2,0.0,0.0,26.2,0.0,1.04,7.3,8,170,11.36,9.73,9,5,0,0.0,1.00,1.06,1.05,5.07,5.93,6.43,25.1,0.849,0.377
14000,14,425,21.0,0.4,0.1,0.5,19.3,0.0,1.09,8.1,125,117,8.12,4.88,154,233,38,0.0,1.04,1.13,1.10,4.26,5.16,6.84,27.8,1.028,0.441
14000,67,31,34.4,0.3,0.8,0.0,27.1,0.0,1.07,0.9,8,138,14.97,5.50,26,5,0,0.0,1.06,1.10,1.07,5.03,7.90,7.65,18.8,1.209,0.335
14000,95,21,28.4,0.0,0.0,0.0,18.2,0.0,1.00,5.6,5,399,27.82,22.79,8,13,0,0.0,1.00,1.00,1.00,6.95,7.38,7.71,25.8,1.566,0.629
14000,4,7,20.1,0.0,3.0,0.0,17.6,0.0,1.00,4.0,3,140,8.96,4.64,7,0,0,0.0,1.00,1.00,1.00,4.71,6.57,8.00,16.5,0.968,0.555
15000,14,417,19.0,0.3,0.1,0.7,17.3,0.0,1.09,8.9,116,121,7.90,4.71,228,136,53,0.0,1.07,1.10,1.10,3.97,5.27,6.34,25.9,1.029,0.441
15000,95,15,22.8,0.0,0.0,0.0,14.5,0.0,1.00,8.9,4,428,35.78,24.03,2,13,0,0.0,1.00,1.00,1.00,6.07,7.07,7.07,27.6,1.546,0.632
16000,14,330,20.9,0.3,0.1,0.8,19.5,0.0,1.06,6.8,70,115,7.98,4.98,154,124,52,0.0,1.02,1.09,1.06,4.56,5.90,6.72,27.0,1.008,0.453
16000,112,65,16.8,0.0,0.0,0.1,15.3,0.0,1.00,11.6,27,136,8.50,4.13,25,30,10,0.0,1.00,1.00,1.00,3.58,3.86,6.35,29.0,1.094,0.422
16000,95,34,29.3,0.1,0.5,0.0,18.0,0.1,1.02,4.4,11,290,18.53,14.24,7,26,1,0.1,1.02,1.01,1.02,6.76,7.82,8.00,30.0,1.561,0.631
16000,114,30,17.1,0.0,0.0,0.2,17.2,0.0,1.00,8.6,11,96,5.91,4.17,4,21,5,0.0,1.00,1.00,1.00,3.70,5.07,7.03,32.9,1.007,0.621
17000,14,712,16.9,0.1,0.2,0.3,15.9,0.0,1.04,9.1,175,131,7.77,4.80,340,311,61,0.0,1.03,1.05,1.03,3.94,4.57,6.88,26.3,1.029,0.452
17000,112,118,14.7,0.1,0.4,0.0,13.0,0.0,1.02,13.3,27,121,7.43,3.33,60,47,11,0.0,1.01,1.02,1.02,3.55,3.36,6.02,27.0,1.088,0.406
17000,114,49,19.3,0.0,0.5,0.0,18.3,0.0,1.00,8.2,15,97,5.96,4.96,28,7,14,0.0,1.00,1.00,1.00,3.39,4.59,7.31,23.0,1.025,0.613
17000,95,45,29.5,0.3,0.8,0.0,17.5,0.0,1.05,5.6,16,246,17.18,10.61,6,39,0,0.0,1.00,1.08,1.06,6.27,7.78,7.73,30.6,1.551,0.654
18000,14,862,18.2,0.4,0.1,0.5,16.5,0.0,1.11,8.9,234,133,7.76,5.08,431,347,84,0.0,1.10,1.13,1.12,4.10,4.43,7.17,25.9,1.029,0.447
18000,112,74,19.6,0.6,0.7,0.0,15.4,0.0,1.16,11.3,28,150,9.77,4.23,39,26,9,0.0,1.14,1.17,1.18,3.89,4.09,6.27,25.7,1.127,0.416
18000,114,66,17.1,0.7,0.3,0.0,14.8,0.0,1.17,9.6,20,128,6.51,5.17,36,25,5,0.0,1.00,1.23,1.23,4.06,4.05,7.26,23.5,1.040,0.609
18000,95,52,29.7,0.2,0.1,0.0,18.8,0.0,1.04,4.0,17,302,22.92,13.06,9,40,3,0.0,1.00,1.07,1.05,6.25,7.67,8.00,30.5,1.544,0.629
19000,14,1165,17.5,0.3,0.2,0.4,16.1,0.0,1.07,9.3,282,141,8.24,5.15,584,453,128,0.0,1.05,1.09,1.07,4.03,4.24,7.16,26.4,1.033,0.440
19000,95,85,28.2,0.5,0.2,0.0,17.9,0.0,1.13,6.2,28,296,21.20,11.54,21,60,4,0.0,1.08,1.20,1.12,6.01,7.27,7.68,29.5,1.497,0.607
19000,114,58,17.2,0.0,0.0,1.1,16.3,0.0,1.01,8.8,23,149,7.58,7.07,32,26,0,0.0,1.00,1.02,1.01,3.95,3.91,7.72,17.1,1.029,0.632
19000,112,28,18.6,2.4,0.0,0.0,11.6,0.0,1.51,13.6,12,148,6.89,4.76,23,5,0,0.0,1.00,1.89,1.59,3.14,3.54,5.68,23.1,1.140,0.432
20000,14,1392,18.0,0.3,0.2,0.2,16.5,0.0,1.08,9.0,329,141,8.36,6.12,677,561,154,0.0,1.07,1.11,1.09,4.08,4.39,7.20,26.3,1.039,0.449
20000,95,107,29.1,0.2,0.1,0.0,18.8,0.0,1.04,6.1,41,233,16.79,12.69,32,75,0,0.0,1.01,1.05,1.06,6.00,7.60,7.55,27.7,1.540,0.595
20000,114,74,16.0,0.2,0.0,0.2,14.7,0.0,1.06,9.8,32,142,7.23,6.04,50,19,5,0.0,1.00,1.08,1.07,3.74,4.03,7.18,18.0,1.044,0.608
20000,112,7,8.7,0.0,0.0,0.0,8.4,0.0,1.00,17.4,5,219,8.02,6.66,7,0,0,0.0,1.00,1.00,1.00,2.71,2.29,5.00,19.7,1.052,0.455
21000,14,914,19.7,0.4,0.1,0.4,18.4,0.0,1.09,8.0,208,151,10.29,7.52,461,339,114,0.0,1.08,1.10,1.09,4.23,4.97,7.08,26.2,1.007,0.467
21000,95,127,28.0,0.1,1.6,0.0,16.6,0.0,1.01,6.3,40,323,23.70,15.76,32,95,0,0.0,1.00,1.01,1.02,5.67,6.93,7.67,27.9,1.548,0.620
21000,114,73,22.4,2.1,0.0,1.0,16.6,0.0,1.43,7.0,35,149,9.14,7.67,47,20,6,0.0,1.00,1.65,1.54,4.23,4.97,7.67,20.3,1.054,0.604
21000,112,8,11.9,0.0,1.5,0.0,8.2,0.0,1.00,14.8,4,204,8.66,8.01,8,0,0,0.0,1.00,1.00,1.00,3.25,3.75,5.88,20.6,1.217,0.371
22000,14,1785,16.9,0.3,0.1,0.2,15.5,0.0,1.07,9.5,355,172,11.48,7.74,948,668,169,0.0,1.05,1.09,1.08,3.89,4.07,7.23,25.4,1.050,0.455
22000,137,160,16.8,0.1,0.0,0.0,14.3,0.0,1.02,10.1,29,172,10.85,7.01,101,53,6,0.0,1.02,1.02,1.03,3.88,3.28,7.74,24.0,1.155,0.478
22000,95,157,27.5,0.2,0.6,0.0,16.9,0.0,1.04,7.0,57,314,24.02,17.39,46,106,5,0.0,1.00,1.05,1.05,5.74,6.96,7.56,28.0,1.532,0.604
22000,114,23,16.5,0.0,0.0,0.0,15.1,0.0,1.00,10.3,9,200,10.33,9.39,19,3,1,0.0,1.00,1.00,1.00,4.04,3.65,7.35,14.4,1.075,0.591
23000,14,1252,16.5,0.2,0.2,0.3,15.5,0.0,1.05,10.0,299,180,12.35,8.52,697,435,120,0.0,1.04,1.07,1.05,3.80,4.61,6.49,25.1,1.010,0.474
23000,137,173,20.7,0.5,0.9,0.0,16.1,0.0,1.12,9.4,50,185,11.91,8.35,93,75,5,0.1,1.10,1.09,1.21,4.26,3.63,7.76,23.2,1.150,0.481
23000,95,170,31.2,0.2,0.3,0.0,19.6,0.0,1.01,4.9,54,375,30.82,21.47,66,98,6,0.0,1.00,1.01,1.01,6.39,7.57,7.83,25.5,1.542,0.604
23000,114,10,13.0,0.0,0.0,0.0,12.7,0.0,1.00,10.8,5,212,8.84,10.59,8,1,1,0.0,1.00,1.00,1.00,3.80,3.20,7.40,25.5,1.027,0.584
24000,14,1265,15.9,0.2,0.3,0.4,15.0,0.0,1.06,10.2,302,204,13.26,9.76,733,402,130,0.0,1.05,1.07,1.05,3.75,4.75,6.33,24.9,1.002,0.473
24000,137,181,17.7,0.5,0.2,0.0,14.4,0.0,1.10,10.2,50,215,13.97,10.81,115,57,9,0.0,1.05,1.13,1.12,4.05,3.44,7.46,23.1,1.132,0.484
24000,95,158,29.0,0.2,0.3,0.0,18.2,0.0,1.02,5.8,42,413,32.25,23.50,47,111,0,0.0,1.01,1.02,1.02,6.28,7.52,7.59,25.6,1.557,0.608
24000,114,27,12.1,0.0,0.0,0.0,11.8,0.0,1.00,11.6,5,255,13.85,12.07,26,1,0,0.0,1.00,1.00,1.00,3.74,3.00,7.22,20.8,1.026,0.579
25000,14,1726,15.9,0.1,0.2,0.2,15.1,0.0,1.03,10.3,377,205,14.03,9.26,987,598,141,0.0,1.02,1.04,1.03,3.75,4.36,6.55,25.4,1.021,0.468
25000,95,220,25.5,0.0,0.3,0.0,15.9,0.0,1.01,7.5,55,369,28.27,20.67,97,120,3,0.0,1.01,1.01,1.01,5.64,6.88,7.50,22.5,1.551,0.603
25000,137,216,18.1,0.3,0.0,0.0,15.4,0.0,1.06,9.6,49,220,18.12,9.77,129,68,19,0.0,1.02,1.09,1.07,4.12,3.72,7.54,24.2,1.127,0.462
25000,114,89,11.7,0.0,0.0,0.1,11.4,0.0,1.00,13.3,22,231,12.13,9.68,60,29,0,0.0,1.00,1.00,1.00,3.25,3.13,6.24,23.4,1.026,0.571
25000,147,37,13.7,0.8,0.0,0.2,11.8,0.0,1.18,10.7,13,227,20.61,9.05,3,33,1,0.0,1.10,1.21,1.24,3.59,3.68,7.11,31.5,0.987,0.312
25000,149,16,24.7,1.8,0.0,0.1,19.7,0.0,1.34,7.9,5,203,14.71,12.08,1,11,4,0.0,1.20,1.52,1.33,4.38,4.06,8.00,32.7,1.059,0.458
26000,14,1572,15.5,0.1,0.5,0.2,14.4,0.0,1.03,10.8,374,199,14.24,8.91,841,603,128,0.0,1.03,1.04,1.03,3.68,4.17,6.47,25.6,1.025,0.469
26000,95,225,25.7,0.1,0.3,0.0,16.0,0.0,1.01,7.3,72,358,26.70,21.84,98,125,2,0.0,1.01,1.02,1.02,5.65,7.06,7.35,23.7,1.564,0.606
26000,137,219,19.1,0.7,0.0,0.0,15.7,0.0,1.15,9.6,60,226,16.07,12.31,133,75,11,0.0,1.05,1.21,1.17,4.03,3.94,7.29,23.5,1.124,0.474
26000,114,106,12.4,0.0,0.0,0.0,12.1,0.0,1.00,12.0,25,218,10.33,9.98,73,31,2,0.0,1.00,1.00,1.00,3.70,3.37,6.81,22.4,1.027,0.576
26000,147,41,16.3,0.0,0.0,0.0,16.5,0.0,1.06,9.7,19,167,15.11,5.77,17,14,10,0.0,1.05,1.05,1.06,3.80,4.05,7.12,30.2,0.975,0.344
27000,14,1562,15.6,0.1,0.3,0.2,14.6,0.0,1.05,10.6,372,197,13.51,9.40,769,632,161,0.0,1.05,1.06,1.05,3.73,4.34,6.45,26.3,1.025,0.468
27000,95,210,28.1,0.1,0.2,0.0,17.5,0.0,1.04,6.1,58,360,26.36,22.59,112,95,3,0.0,1.01,1.05,1.06,5.94,7.30,7.85,22.0,1.574,0.606
27000,137,200,16.3,0.3,0.0,0.1,13.7,0.0,1.07,11.2,41,240,17.16,12.65,148,48,4,0.0,1.06,1.08,1.08,3.75,4.04,6.43,21.7,1.132,0.460
27000,114,114,15.7,0.0,0.1,0.1,14.9,0.0,1.01,9.5,45,203,9.61,10.71,66,45,3,0.0,1.00,1.01,1.02,3.96,4.30,7.32,24.0,1.035,0.584
27000,152,30,12.9,0.0,0.0,0.0,14.1,0.0,1.00,10.9,16,289,27.78,17.01,22,8,0,0.0,1.00,1.00,1.00,3.93,3.27,7.30,23.5,0.927,0.366
27000,147,6,18.7,0.3,0.0,0.0,17.8,0.0,1.05,6.0,3,474,55.07,23.78,4,2,0,0.0,1.00,1.10,1.04,4.17,5.33,7.67,24.3,1.011,0.310
28000,14,1636,15.6,0.1,0.2,0.2,14.7,0.0,1.04,10.8,369,188,11.46,8.87,791,693,152,0.0,1.04,1.06,1.04,3.73,4.31,6.37,26.4,1.028,0.463
28000,95,223,26.4,0.2,0.0,0.0,16.5,0.0,1.06,6.7,55,411,30.03,24.61,144,76,3,0.0,1.05,1.06,1.07,5.84,7.36,7.56,20.0,1.575,0.604
28000,137,206,18.1,0.4,0.0,0.1,14.9,0.0,1.13,10.9,61,183,11.52,9.78,138,58,10,0.0,1.08,1.16,1.16,3.70,4.26,6.44,23.3,1.145,0.462
28000,114,85,15.9,0.0,0.0,0.0,15.7,0.0,1.00,9.8,36,170,9.70,8.59,46,34,5,0.0,1.00,1.00,1.00,3.80,4.05,7.13,24.0,1.010,0.561
28000,147,27,17.1,0.9,0.0,2.1,14.4,0.0,1.40,7.6,8,86,5.65,4.40,24,3,0,0.0,1.41,1.41,1.39,4.26,5.00,7.22,18.3,0.995,0.308
28000,161,9,10.9,0.0,0.0,0.0,10.7,0.0,1.00,13.8,3,174,5.20,7.42,9,0,0,0.0,1.00,1.00,1.00,2.89,1.56,8.00,13.6,1.040,0.604
29000,14,1112,16.1,0.2,0.1,0.1,15.6,0.0,1.04,9.7,255,171,9.75,8.69,475,522,115,0.0,1.02,1.05,1.04,3.85,4.60,6.62,27.7,1.006,0.475
29000,95,261,27.0,0.1,0.1,0.0,17.1,0.0,1.02,7.1,73,365,25.86,22.39,164,97,0,0.0,1.03,1.02,1.02,5.89,7.75,7.42,19.3,1.570,0.596
29000,137,136,18.0,0.1,0.0,0.1,15.5,0.0,1.07,10.0,32,156,8.27,8.49,108,22,6,0.0,1.06,1.06,1.09,3.67,3.42,7.74,21.4,1.131,0.455
29000,114,74,13.2,0.0,0.0,0.1,13.0,0.0,1.00,11.6,21,166,9.00,9.34,24,47,3,0.0,1.00,1.00,1.00,3.39,3.73,6.61,27.5,1.016,0.578
29000,147,22,18.5,0.0,0.0,1.1,17.8,0.0,1.00,6.4,7,151,8.80,9.35,20,2,0,0.0,1.00,1.00,1.00,4.23,5.05,7.77,16.8,1.011,0.309
30000,14,1135,17.0,0.1,1.2,0.2,15.2,0.0,1.03,9.3,304,147,7.90,7.41,507,493,135,0.0,1.02,1.04,1.04,3.88,4.81,6.58,27.5,1.013,0.465
30000,95,266,24.7,0.0,0.3,0.0,15.4,0.0,1.01,7.7,68,364,24.51,19.51,161,101,4,0.0,1.00,1.02,1.02,5.74,7.60,7.09,20.4,1.566,0.584
30000,137,79,18.5,0.6,0.0,0.0,15.6,0.0,1.13,10.4,23,163,8.59,7.36,50,28,1,0.0,1.08,1.16,1.15,3.68,3.73,7.09,22.9,1.099,0.437
30000,114,48,12.4,0.0,0.0,0.0,11.9,0.0,1.00,13.8,22,179,8.29,7.43,17,29,2,0.0,1.00,1.00,1.00,3.27,3.31,5.85,28.0,1.026,0.580
31000,14,859,16.6,0.2,0.1,0.2,16.0,0.0,1.05,9.4,196,141,7.44,6.31,402,351,106,0.0,1.04,1.06,1.05,3.88,4.72,6.63,27.2,1.011,0.460
31000,95,225,27.3,0.2,0.2,0.0,17.1,0.0,1.03,6.6,70,394,24.89,21.00,120,101,4,0.0,1.01,1.03,1.03,6.01,7.42,7.59,22.5,1.554,0.588
31000,137,43,17.8,0.3,0.0,0.0,15.4,0.0,1.12,9.7,15,161,9.70,7.09,26,10,7,0.0,1.09,1.09,1.18,3.60,3.14,8.00,24.6,1.119,0.449
31000,114,41,13.9,0.0,0.7,0.1,13.9,0.0,1.00,9.5,18,239,9.53,11.25,19,21,1,0.0,1.00,1.00,1.00,3.68,3.66,7.63,23.7,0.946,0.599
31000,169,5,15.4,1.6,0.0,0.0,11.6,0.0,1.53,10.8,3,301,13.15,13.40,5,0,0,0.0,1.40,1.50,1.73,4.00,3.00,8.00,13.7,1.040,0.530
32000,14,571,18.1,0.1,0.2,0.2,17.1,0.0,1.01,8.5,150,136,7.36,6.52,261,234,76,0.0,1.00,1.02,1.01,3.94,4.96,6.82,27.7,1.026,0.451
32000,95,259,25.4,0.1,0.1,0.0,16.1,0.0,1.02,8.1,64,313,19.18,16.32,109,145,5,0.0,1.02,1.01,1.02,5.74,7.52,7.66,24.4,1.568,0.597
32000,137,62,19.0,0.3,0.0,0.0,16.4,0.0,1.09,8.7,22,146,8.22,7.04,42,19,1,0.0,1.06,1.11,1.09,3.95,3.74,8.00,23.3,1.120,0.488
32000,114,36,13.9,0.0,0.1,0.1,14.7,0.0,1.00,10.5,18,155,6.88,7.60,17,18,1,0.1,1.00,1.01,1.01,3.75,3.92,6.97,22.5,0.946,0.607
33000,14,460,18.1,0.1,0.2,0.4,17.1,0.0,1.03,8.2,130,132,7.95,5.57,222,189,49,0.0,1.02,1.05,1.04,4.01,5.29,6.68,27.0,1.022,0.457
33000,95,233,28.1,0.1,0.3,0.0,17.6,0.0,1.02,7.0,58,270,16.29,14.21,116,114,3,0.0,1.02,1.02,1.02,6.16,7.36,7.90,24.1,1.571,0.595
33000,137,32,25.0,0.0,0.0,0.0,22.0,0.0,1.00,8.1,13,104,6.26,5.09,19,12,1,0.0,1.00,1.00,1.00,4.28,3.97,8.00,23.5,1.134,0.468
33000,178,24,15.6,0.0,0.0,0.0,14.0,0.0,1.00,5.8,7,263,17.32,9.30,0,24,0,0.0,1.00,1.00,1.00,4.54,7.54,6.50,31.1,1.099,0.384
33000,114,11,12.9,0.0,0.0,0.0,13.9,0.0,1.00,8.2,6,196,7.20,9.84,5,6,0,0.0,1.00,1.00,1.00,3.45,4.00,7.91,20.4,0.916,0.618
34000,14,319,17.3,0.1,0.3,0.2,16.2,0.0,1.02,9.1,108,108,6.26,4.08,141,151,27,0.0,1.01,1.03,1.02,3.89,4.81,6.72,27.2,1.033,0.456
34000,95,212,30.0,0.2,0.1,0.0,18.9,0.0,1.05,6.1,62,293,21.57,14.05,113,95,4,0.0,1.02,1.06,1.06,6.33,7.52,7.80,22.7,1.555,0.595
34000,178,21,23.1,0.0,0.0,0.0,20.2,0.0,1.00,3.0,8,282,17.12,11.78,1,17,3,0.0,1.00,1.00,1.00,6.10,8.00,7.29,31.6,1.142,0.368
34000,137,9,19.5,0.0,0.0,0.0,17.7,0.0,1.00,7.8,3,185,10.19,6.89,1,5,3,0.0,1.00,1.00,1.00,3.33,4.11,8.00,32.4,1.105,0.437
35000,95,176,30.4,0.4,0.7,0.0,18.1,0.0,1.08,5.9,51,293,20.86,14.00,103,68,5,0.0,1.00,1.10,1.10,6.46,7.57,7.76,22.2,1.560,0.585
35000,14,97,15.1,0.1,0.1,0.0,15.0,0.0,1.06,8.5,28,103,6.09,3.65,34,41,22,0.0,1.04,1.04,1.09,3.79,5.06,6.70,29.6,0.981,0.436
35000,178,36,16.0,0.0,0.0,0.0,14.1,0.0,1.00,7.6,15,232,17.72,5.20,16,20,0,0.0,1.00,1.00,1.00,4.44,5.33,7.47,23.8,1.140,0.400
35000,195,11,14.5,0.7,0.0,0.0,13.4,0.0,1.19,10.9,5,113,5.60,3.82,11,0,0,0.0,1.00,1.20,1.29,3.36,4.45,6.18,13.5,0.983,0.443
35000,190,9,17.3,0.0,0.0,0.0,17.9,0.0,1.00,5.8,5,222,9.45,9.73,6,1,2,0.0,1.00,1.00,1.00,3.44,5.11,8.00,25.8,0.965,0.459
36000,95,160,33.1,0.0,0.7,0.0,20.7,0.0,1.00,5.1,39,268,21.79,12.21,94,62,4,0.0,1.00,1.00,1.00,6.52,7.79,7.83,23.9,1.563,0.581
36000,14,124,17.6,0.0,0.4,0.1,17.4,0.0,1.01,8.2,41,117,8.06,4.09,44,63,17,0.0,1.01,1.01,1.01,3.90,5.35,6.57,28.6,0.972,0.440
36000,196,104,18.1,0.0,0.0,0.3,16.0,0.0,1.00,10.2,29,133,7.31,5.19,37,60,7,0.0,1.00,1.00,1.00,3.53,4.10,6.78,28.8,1.109,0.496
36000,178,34,17.0,0.3,0.0,0.0,14.6,0.0,1.04,10.4,14,333,25.24,7.88,17,16,1,0.0,1.04,1.04,1.05,4.74,5.59,6.18,25.3,1.126,0.377
37000,196,242,15.8,0.0,0.1,0.3,13.9,0.0,1.00,11.1,51,144,7.46,4.91,87,118,37,0.0,1.00,1.00,1.00,3.45,4.22,6.37,29.2,1.110,0.485
37000,95,205,33.3,0.4,1.3,0.0,19.2,0.0,1.06,5.7,46,258,19.39,12.73,130,71,4,0.0,1.08,1.05,1.06,6.41,7.66,7.78,21.2,1.564,0.585
37000,14,145,16.6,0.0,0.1,0.0,17.2,0.0,1.01,8.3,41,111,6.52,4.41,58,63,24,0.0,1.01,1.01,1.01,4.10,5.21,6.67,28.3,0.954,0.431
37000,178,27,20.4,1.1,0.0,0.0,14.6,0.0,1.26,8.3,11,242,12.60,5.88,18,8,1,0.0,1.34,1.25,1.23,4.56,4.48,7.78,21.3,1.204,0.383
38000,14,432,17.8,0.1,0.2,0.2,16.6,0.0,1.03,8.7,134,116,7.17,4.67,213,175,44,0.0,1.03,1.03,1.02,3.86,5.46,6.27,26.8,1.045,0.468
38000,95,251,30.5,0.3,0.3,0.0,18.7,0.0,1.04,6.6,60,283,22.42,13.08,157,87,7,0.0,1.02,1.07,1.04,6.40,7.51,7.54,22.1,1.556,0.578
38000,196,174,16.3,0.0,0.2,0.1,14.4,0.0,1.00,10.9,41,107,5.46,3.96,57,92,25,0.0,1.00,1.01,1.00,3.57,4.01,6.56,29.5,1.096,0.515
38000,178,7,13.8,0.0,0.0,0.0,11.1,0.0,1.00,11.7,2,127,5.96,3.97,6,1,0,0.0,1.00,1.00,1.00,4.57,2.14,8.00,22.8,1.240,0.394
39000,95,675,22.4,0.1,0.3,0.1,16.3,0.0,1.01,8.2,149,216,14.64,9.78,340,284,51,0.0,1.01,1.02,1.01,4.87,5.78,7.18,25.5,1.306,0.523
39000,14,201,18.0,0.0,0.1,0.0,18.0,0.0,1.00,7.7,57,126,8.35,5.41,71,101,29,0.0,1.00,1.00,1.00,4.12,5.29,6.90,28.4,0.987,0.427
39000,213,13,17.1,0.5,0.0,0.0,16.4,0.0,1.12,9.8,6,199,12.26,6.49,4,9,0,0.0,1.00,1.15,1.16,3.38,4.00,7.31,30.6,0.988,0.455
40000,95,558,17.2,0.0,0.2,0.2,14.9,0.0,1.01,10.5,125,135,6.96,5.62,325,202,31,0.0,1.01,1.01,1.01,3.57,4.46,6.30,24.3,1.122,0.497
40000,14,318,16.7,0.0,0.3,0.0,16.9,0.0,1.01,8.2,81,146,8.82,6.31,124,159,35,0.0,1.00,1.01,1.01,3.77,5.50,6.45,28.1,0.973,0.428
40000,213,11,19.7,0.0,0.0,0.0,19.9,0.0,1.00,8.0,2,99,5.95,4.95,9,1,1,0.0,1.00,1.00,1.00,3.64,4.00,8.00,23.8,0.989,0.491
41000,95,1656,19.8,0.1,0.4,0.2,15.7,0.0,1.02,9.0,418,197,13.22,9.38,827,700,129,0.0,1.02,1.02,1.02,4.34,5.44,6.76,25.4,1.188,0.490
41000,213,32,20.9,0.2,0.0,0.0,20.5,0.0,1.06,8.1,7,114,7.16,5.91,20,10,2,0.0,1.00,1.08,1.09,4.22,4.28,7.78,25.2,0.993,0.487
42000,95,1565,20.8,0.1,0.5,0.1,15.7,0.0,1.02,8.9,387,203,13.00,10.32,783,659,123,0.0,1.01,1.02,1.02,4.51,5.48,6.84,25.1,1.242,0.505
42000,213,53,18.8,0.4,0.2,0.0,18.3,0.0,1.08,9.1,19,127,9.67,7.51,37,15,1,0.0,1.00,1.11,1.10,4.28,3.94,7.79,21.3,0.981,0.489
43000,95,1259,22.4,0.1,0.2,0.0,16.2,0.0,1.02,8.6,266,260,18.17,13.70,618,600,41,0.0,1.01,1.02,1.03,4.83,5.60,7.15,24.7,1.313,0.527
43000,221,144,14.3,0.0,0.0,0.4,13.4,0.0,1.03,11.4,31,191,8.85,8.18,73,61,10,0.0,1.03,1.03,1.03,3.67,4.14,6.17,26.1,1.043,0.480
43000,213,28,31.2,2.6,0.5,0.0,24.5,0.0,1.43,5.4,11,193,12.93,11.93,13,14,1,0.0,1.00,1.80,1.46,6.04,5.50,7.96,24.3,1.034,0.476
44000,95,1407,21.7,0.2,0.2,0.1,15.6,0.0,1.04,9.2,329,272,19.28,14.76,771,571,65,0.0,1.02,1.05,1.05,4.71,5.46,7.04,23.8,1.314,0.529
44000,221,109,14.7,0.0,0.0,0.6,13.2,0.0,1.00,12.0,25,173,8.80,7.54,54,43,12,0.0,1.00,1.00,1.00,3.60,4.47,5.57,28.4,1.076,0.475
44000,213,14,30.0,2.2,0.1,0.1,24.7,0.1,1.53,5.6,9,454,77.87,17.05,9,5,0,0.1,1.46,1.65,1.50,5.14,5.71,8.00,23.1,1.032,0.498
45000,95,698,26.9,0.1,0.2,0.0,17.0,0.0,1.02,8.4,152,360,27.83,20.74,397,293,8,0.0,1.01,1.03,1.02,5.92,6.81,7.36,23.0,1.542,0.565
45000,221,104,17.2,0.1,0.0,0.4,15.9,0.0,1.01,8.7,23,169,9.43,7.64,57,45,2,0.0,1.00,1.02,1.01,4.21,5.41,6.41,25.7,1.054,0.459
45000,213,17,34.6,6.6,0.6,0.2,21.6,0.4,2.56,4.4,11,696,124.51,29.29,11,6,0,0.4,2.32,2.96,2.48,5.71,6.35,8.00,23.3,1.002,0.464
46000,95,716,27.5,0.2,0.3,0.0,17.0,0.0,1.02,8.3,163,379,28.19,22.28,410,297,9,0.0,1.01,1.03,1.03,6.01,7.09,7.40,22.7,1.558,0.564
46000,229,295,15.4,0.1,0.5,0.1,13.9,0.0,1.02,10.0,74,204,15.11,10.14,106,142,47,0.0,1.00,1.03,1.02,3.53,4.53,6.53,29.5,1.048,0.443
46000,221,54,15.0,0.0,0.0,0.1,14.0,0.0,1.00,10.6,18,229,11.49,10.59,21,33,0,0.0,1.00,1.00,1.00,3.80,4.26,6.61,25.8,1.059,0.473
46000,230,53,10.2,0.0,0.1,0.2,10.0,0.0,1.00,14.2,22,192,8.86,7.06,22,27,4,0.0,1.00,1.00,1.00,2.87,4.45,4.47,27.0,1.011,0.470
46000,233,48,13.5,0.0,0.2,0.0,13.7,0.0,1.00,13.6,13,149,10.12,7.50,33,11,4,0.0,1.00,1.00,1.00,3.10,3.42,5.79,22.5,0.981,0.436
46000,213,25,29.4,1.7,0.1,0.6,24.8,0.1,1.36,4.5,13,682,109.84,41.06,10,15,0,0.1,1.26,1.50,1.34,5.52,6.04,7.96,25.7,1.033,0.476
46000,234,10,23.5,0.0,0.0,0.1,18.1,0.0,1.00,3.6,3,170,7.23,10.46,9,1,0,0.0,1.00,1.00,1.00,5.40,7.40,8.00,20.0,1.300,0.468
47000,95,1399,21.6,0.1,0.3,0.1,15.3,0.0,1.02,9.4,333,283,19.82,15.48,826,536,37,0.0,1.02,1.03,1.03,4.77,5.83,6.98,23.2,1.346,0.540
47000,229,255,15.3,0.3,0.5,0.5,13.4,0.0,1.06,10.0,67,207,13.21,10.30,103,115,37,0.1,1.05,1.08,1.06,3.51,5.00,6.13,29.6,1.045,0.430
47000,236,100,15.5,0.1,0.0,0.0,12.3,0.0,1.04,13.0,22,152,6.79,6.27,59,33,8,0.0,1.02,1.03,1.14,3.36,4.97,4.59,26.2,1.245,0.524
47000,235,92,12.8,0.2,0.5,0.0,11.9,0.0,1.07,10.4,32,264,18.22,10.14,27,55,10,0.0,1.08,1.05,1.07,3.43,4.76,6.57,29.2,0.980,0.473
47000,230,82,13.2,0.0,0.1,0.0,13.3,0.0,1.00,11.4,24,133,6.90,5.86,35,26,21,0.0,1.00,1.00,1.00,3.39,5.18,5.21,29.0,0.988,0.463
47000,213,62,15.4,0.3,0.1,0.4,14.1,0.0,1.12,11.3,19,277,27.93,16.33,21,40,1,0.0,1.36,1.31,1.08,4.13,3.35,7.66,27.2,1.025,0.509
47000,221,50,15.4,0.0,0.0,0.0,14.2,0.0,1.01,10.5,11,165,8.76,7.25,6,44,0,0.0,1.01,1.01,1.01,3.76,4.44,6.40,29.2,1.075,0.473
47000,233,41,17.5,0.0,0.4,0.0,17.7,0.0,1.00,10.5,17,125,9.15,6.26,14,23,4,0.0,1.00,1.00,1.00,3.83,4.12,6.63,28.6,0.947,0.455
47000,237,18,13.1,0.0,0.0,1.6,11.7,0.0,1.00,12.0,6,290,19.62,8.69,7,11,0,0.0,1.00,1.00,1.00,4.11,7.89,4.00,27.7,1.044,0.324
47000,234,10,22.0,0.0,0.0,0.4,17.5,0.0,1.00,8.8,3,82,4.14,4.31,10,0,0,0.0,1.00,1.00,1.00,4.40,3.60,8.00,15.1,1.269,0.449
48000,95,1259,22.6,0.1,0.4,0.1,15.7,0.0,1.03,8.9,296,311,22.63,16.86,758,472,29,0.0,1.02,1.04,1.03,5.01,5.93,7.19,23.0,1.356,0.544
48000,229,257,15.3,0.1,0.0,0.6,14.2,0.0,1.03,9.8,56,177,9.42,8.63,114,111,32,0.0,1.04,1.03,1.03,3.55,5.45,5.75,27.7,1.044,0.431
48000,235,125,13.6,0.0,0.7,0.1,12.9,0.0,1.00,10.0,48,233,13.94,10.30,29,85,11,0.0,1.00,1.00,1.00,3.57,5.34,5.78,29.6,0.999,0.471
48000,236,97,16.2,0.2,0.1,0.3,12.9,0.0,1.05,13.2,31,200,9.33,9.09,48,43,6,0.0,1.02,1.09,1.08,3.27,4.91,4.48,25.9,1.210,0.514
48000,213,56,14.2,0.0,0.0,0.2,13.7,0.0,1.00,12.5,11,433,34.88,17.78,19,34,3,0.0,1.00,1.00,1.00,3.93,2.96,8.00,27.3,1.030,0.523
48000,221,48,14.5,0.0,0.0,0.0,13.3,0.0,1.00,11.4,10,160,9.22,7.21,15,33,0,0.0,1.00,1.00,1.00,3.42,4.46,5.85,26.4,1.108,0.464
48000,237,15,13.6,0.0,0.0,0.0,13.1,0.0,1.00,13.6,3,264,22.67,8.30,6,9,0,0.0,1.00,1.00,1.00,2.87,6.80,2.40,26.3,1.041,0.330
48000,248,8,30.1,0.0,0.0,0.0,25.2,0.0,1.00,6.2,4,352,39.10,20.33,8,0,0,0.0,1.00,1.00,1.00,5.50,4.88,8.00,18.5,1.192,0.457
48000,233,7,23.0,0.7,0.0,0.0,21.4,0.0,1.57,9.7,3,342,51.70,11.25,3,4,0,0.0,1.39,1.39,1.93,4.00,4.57,6.57,24.2,0.966,0.465
49000,95,719,27.8,0.2,1.0,0.0,16.5,0.0,1.06,8.5,196,376,28.65,23.00,410,299,10,0.0,1.07,1.07,1.05,5.84,7.06,7.27,23.0,1.548,0.570
49000,229,278,15.7,0.1,0.1,0.4,14.6,0.0,1.03,9.4,57,161,9.01,6.57,120,120,38,0.0,1.03,1.04,1.02,3.74,5.47,5.88,28.3,1.045,0.431
49000,221,88,19.9,0.3,0.0,0.2,16.0,0.0,1.09,12.1,31,161,8.33,7.90,39,45,4,0.0,1.01,1.14,1.11,3.67,5.80,4.23,26.7,1.189,0.462
49000,236,75,15.0,0.0,0.0,0.0,12.0,0.0,1.00,14.6,19,154,6.53,6.22,64,9,2,0.0,1.00,1.00,1.00,2.99,4.48,4.23,21.6,1.254,0.529
49000,213,59,12.8,0.0,0.0,0.5,12.1,0.0,1.01,12.0,11,480,30.49,18.00,23,33,3,0.0,1.01,1.01,1.02,3.76,2.83,7.88,27.4,1.027,0.530
49000,235,30,14.6,0.0,0.5,0.0,13.9,0.0,1.00,10.1,13,172,8.03,8.04,6,17,7,0.0,1.00,1.00,1.00,3.67,4.93,6.27,30.5,1.020,0.474
49000,237,8,15.0,0.0,0.0,2.0,13.5,0.0,1.00,10.0,2,380,41.04,11.55,4,4,0,0.0,1.00,1.00,1.00,3.50,8.00,3.50,23.9,1.034,0.337
49000,248,7,31.8,0.0,0.0,0.0,26.9,0.0,1.00,3.4,2,189,15.01,11.95,6,1,0,0.0,1.00,1.00,1.00,6.29,6.29,8.00,20.7,1.182,0.436
50000,95,719,26.3,0.3,0.6,0.0,16.0,0.0,1.07,8.6,196,344,23.17,19.22,392,318,9,0.0,1.04,1.08,1.07,5.92,7.10,7.40,23.3,1.540,0.568
50000,229,354,15.1,0.1,0.1,0.1,14.0,0.0,1.03,10.6,73,150,8.80,6.01,147,154,53,0.0,1.03,1.04,1.03,3.57,5.42,5.30,28.3,1.053,0.429
50000,221,84,18.8,0.1,0.0,0.6,15.6,0.0,1.02,11.7,26,160,8.48,7.04,29,37,18,0.0,1.00,1.04,1.04,3.93,6.05,4.25,31.8,1.166,0.445
50000,213,76,13.1,0.2,0.1,0.2,12.2,0.0,1.03,11.8,15,219,11.61,10.92,35,41,0,0.0,1.01,1.06,1.03,4.01,2.67,7.91,25.4,1.019,0.522
50000,236,70,18.3,0.2,0.2,0.7,13.8,0.1,1.03,11.3,20,135,6.34,5.76,57,13,0,0.1,1.01,1.05,1.04,3.47,5.36,5.00,21.7,1.250,0.540
50000,235,30,16.9,0.0,0.0,0.0,16.9,0.0,1.00,8.9,8,151,9.24,7.00,6,21,3,0.0,1.00,1.00,1.00,4.13,4.10,7.43,30.1,0.999,0.478
50000,255,12,6.9,0.0,0.0,0.0,7.7,0.0,1.00,16.7,3,231,9.72,4.18,0,4,8,0.0,1.00,1.00,1.00,2.25,3.75,3.92,37.8,0.906,0.424
51000,95,596,26.9,0.2,0.3,0.0,16.9,0.0,1.03,8.1,148,314,19.42,16.85,286,301,9,0.0,1.00,1.04,1.03,6.04,7.26,7.79,24.5,1.544,0.566
51000,229,366,15.5,0.0,0.2,0.1,14.3,0.0,1.01,10.0,69,126,7.14,4.96,168,126,72,0.0,1.01,1.01,1.02,3.68,5.58,5.46,29.2,1.058,0.427
51000,221,71,19.6,0.0,0.0,0.4,15.9,0.0,1.00,11.6,17,137,7.07,5.72,39,28,4,0.0,1.00,1.01,1.00,3.94,6.13,4.08,25.0,1.208,0.449
51000,213,67,9.8,0.0,0.0,0.7,9.4,0.0,1.00,13.6,13,183,8.37,6.42,5,62,0,0.0,1.00,1.00,1.00,3.64,3.06,7.93,30.5,1.013,0.506
51000,236,51,14.8,0.0,0.0,0.4,11.8,0.0,1.00,13.1,15,129,5.07,5.32,36,12,3,0.0,1.00,1.00,1.00,3.10,5.14,4.29,21.5,1.229,0.533
51000,235,36,15.7,0.0,2.3,0.0,13.5,0.0,1.00,8.8,11,207,16.93,10.39,8,28,0,0.0,1.00,1.00,1.00,3.78,5.64,5.97,27.7,0.989,0.479
51000,255,26,7.3,0.0,0.0,0.0,8.0,0.0,1.00,16.0,1,146,4.59,6.00,13,13,0,0.0,1.00,1.00,1.00,2.27,4.00,4.00,24.5,0.907,0.419
52000,95,477,30.8,0.2,0.4,0.0,19.0,0.0,1.03,6.7,151,310,19.30,15.57,239,228,10,0.0,1.03,1.05,1.03,6.51,7.81,7.76,24.2,1.557,0.568
52000,229,375,15.2,0.1,0.2,0.2,14.0,0.0,1.03,10.1,68,132,7.27,4.86,127,165,83,0.0,1.03,1.04,1.03,3.55,5.24,5.92,30.8,1.052,0.424
52000,221,64,19.0,0.3,0.0,0.0,15.3,0.0,1.07,12.1,14,149,7.41,6.42,37,24,3,0.0,1.01,1.09,1.08,3.83,5.84,4.12,22.9,1.184,0.429
52000,255,17,9.2,0.0,0.0,0.2,9.8,0.0,1.00,13.8,4,99,4.51,3.43,1,16,0,0.0,1.00,1.00,1.00,3.06,4.53,4.59,31.2,0.923,0.423
52000,213,11,10.9,0.0,0.0,0.0,10.8,0.0,1.00,11.8,3,269,9.50,10.91,1,10,0,0.0,1.00,1.00,1.00,3.55,2.18,7.91,30.8,1.006,0.515
52000,236,9,11.0,0.0,0.0,1.1,10.0,0.0,1.00,15.3,3,97,3.73,4.30,9,0,0,0.0,1.00,1.00,1.00,3.22,3.89,4.44,16.0,1.035,0.480
53000,229,456,17.6,0.3,0.3,0.2,15.7,0.0,1.08,8.9,109,145,8.17,5.68,191,220,45,0.0,1.05,1.10,1.08,3.87,5.46,6.27,27.8,1.049,0.434
53000,95,343,28.0,0.1,0.2,0.0,17.6,0.0,1.03,7.3,89,293,18.02,13.70,181,151,11,0.0,1.02,1.03,1.03,6.48,7.75,7.91,23.7,1.564,0.561
53000,260,136,14.2,0.1,0.2,0.3,12.9,0.0,1.03,11.8,46,145,6.31,6.19,84,52,0,0.0,1.02,1.04,1.04,3.40,3.79,6.43,22.8,1.037,0.513
53000,221,37,18.5,0.1,0.0,0.1,15.4,0.0,1.11,12.2,6,128,5.93,5.37,16,20,1,0.0,1.11,1.11,1.11,3.76,5.84,4.08,25.8,1.195,0.450
53000,213,12,8.4,0.1,0.0,0.0,8.2,0.0,1.05,15.3,4,221,8.58,7.70,2,9,1,0.0,1.03,1.03,1.08,3.25,2.83,6.25,33.1,1.006,0.506
54000,229,368,15.5,0.2,0.3,0.6,13.8,0.0,1.06,9.4,89,132,7.46,4.59,177,159,32,0.0,1.04,1.07,1.08,3.64,5.00,6.51,26.8,1.055,0.424
54000,95,283,31.2,0.3,0.0,0.0,19.2,0.0,1.10,6.7,87,297,19.80,13.97,132,144,7,0.0,1.10,1.08,1.15,6.58,7.72,7.92,24.9,1.572,0.568
54000,260,133,17.1,0.0,1.2,0.0,14.1,0.0,1.00,11.8,31,137,6.70,5.47,67,56,10,0.0,1.00,1.00,1.00,3.57,3.58,6.60,25.7,1.111,0.512
54000,221,22,22.9,0.0,0.0,2.7,17.9,0.0,1.00,8.6,9,148,10.65,6.84,7,15,0,0.0,1.00,1.00,1.00,4.50,7.36,4.32,27.0,1.195,0.448
54000,213,7,13.8,0.0,0.0,0.0,13.1,0.0,1.00,8.6,2,121,4.29,4.60,3,4,0,0.0,1.00,1.00,1.00,3.86,3.71,8.00,27.9,1.050,0.532
55000,229,478,17.2,0.2,0.3,0.3,15.4,0.0,1.04,9.1,128,130,7.68,4.77,211,191,76,0.0,1.03,1.04,1.05,3.76,4.82,6.69,28.1,1.061,0.444
55000,95,274,28.6,0.4,0.1,0.0,17.5,0.0,1.09,7.5,73,238,15.52,10.76,120,142,12,0.0,1.07,1.13,1.08,6.54,7.62,7.78,25.8,1.568,0.570
55000,260,26,16.8,0.0,0.0,0.0,14.7,0.0,1.00,8.0,9,111,6.72,2.99,19,7,0,0.0,1.00,1.00,1.00,3.73,4.35,7.81,22.9,1.139,0.467
55000,221,7,14.5,0.1,0.0,1.3,11.6,0.0,1.03,13.1,4,155,5.77,5.95,4,1,2,0.0,1.00,1.06,1.04,3.14,4.86,4.57,30.5,1.164,0.493
56000,229,387,16.7,0.2,0.4,0.3,14.8,0.0,1.06,8.9,105,133,7.96,4.76,177,166,44,0.0,1.06,1.05,1.07,3.75,5.19,6.50,26.7,1.056,0.433
56000,95,231,26.6,0.2,0.1,0.0,16.4,0.0,1.05,7.8,50,297,19.87,11.64,93,124,14,0.0,1.04,1.05,1.06,6.39,7.81,7.88,26.8,1.585,0.573
56000,221,9,13.8,0.0,0.0,0.0,12.0,0.0,1.00,14.0,1,140,7.66,4.06,9,0,0,0.0,1.00,1.00,1.00,2.78,4.00,5.00,18.6,1.147,0.508
57000,229,599,17.1,0.2,0.4,0.3,15.3,0.0,1.05,9.2,164,132,8.23,4.57,277,234,88,0.0,1.05,1.05,1.06,3.82,5.40,6.11,27.4,1.058,0.427
57000,95,288,27.8,0.1,0.3,0.0,17.4,0.0,1.01,7.3,94,269,20.95,12.20,138,148,2,0.0,1.01,1.02,1.01,6.23,7.41,7.59,25.1,1.558,0.554
58000,229,855,17.7,0.2,0.2,0.4,15.9,0.0,1.04,8.8,204,140,8.35,5.27,414,326,115,0.0,1.03,1.05,1.04,3.98,5.19,6.61,26.3,1.060,0.438
58000,95,251,27.8,0.1,0.1,0.0,17.8,0.0,1.02,7.1,66,296,22.73,14.39,107,142,2,0.0,1.02,1.02,1.02,6.06,7.47,7.37,26.0,1.547,0.550
58000,270,9,8.5,0.0,0.3,0.0,8.9,0.0,1.00,13.3,2,120,4.47,2.39,1,8,0,0.0,1.00,1.00,1.00,3.33,1.89,7.44,30.7,0.921,0.426
59000,229,907,17.9,0.2,0.4,0.3,16.1,0.0,1.04,8.7,257,147,8.65,5.81,471,331,105,0.0,1.01,1.05,1.05,3.97,5.07,6.64,25.9,1.058,0.442
59000,95,388,29.9,0.2,0.4,0.0,18.4,0.0,1.03,6.2,114,274,19.85,12.95,185,196,7,0.0,1.02,1.04,1.04,6.39,7.61,7.77,25.8,1.554,0.561
59000,270,10,9.5,0.0,0.0,0.9,9.9,0.0,1.00,12.6,4,174,6.95,6.00,0,10,0,0.0,1.00,1.00,1.00,3.40,2.30,7.40,33.3,0.912,0.417
60000,229,1031,17.1,0.1,0.2,0.6,15.5,0.0,1.03,8.6,247,137,8.00,5.79,518,383,130,0.0,1.01,1.04,1.03,3.91,5.06,6.68,26.1,1.050,0.440
60000,95,489,27.9,0.2,0.2,0.0,17.1,0.0,1.06,6.7,124,304,22.44,14.97,241,240,8,0.0,1.06,1.08,1.06,6.31,7.53,7.73,25.9,1.581,0.559
61000,229,1096,17.6,0.2,0.3,0.3,15.8,0.0,1.05,8.6,284,156,9.55,6.85,578,415,103,0.0,1.04,1.06,1.05,4.04,5.04,6.72,25.1,1.054,0.437
61000,95,588,27.2,0.2,0.0,0.0,17.0,0.0,1.05,7.2,156,327,22.19,16.24,301,282,5,0.0,1.03,1.06,1.05,6.27,7.52,7.77,25.6,1.576,0.558
61000,279,70,27.0,0.3,0.0,0.0,17.7,0.0,1.09,10.1,10,455,38.01,26.91,53,17,0,0.0,1.10,1.10,1.09,7.44,8.00,7.79,21.4,1.468,0.544
62000,229,1036,16.9,0.1,0.4,0.5,15.3,0.0,1.04,9.0,279,168,11.56,7.40,528,378,130,0.0,1.03,1.06,1.04,3.89,5.17,6.42,25.7,1.049,0.435
62000,95,748,26.2,0.1,0.2,0.0,16.3,0.0,1.04,8.1,198,315,21.04,15.95,385,351,12,0.0,1.05,1.04,1.05,5.88,7.45,7.57,25.3,1.569,0.557
62000,279,83,26.5,0.2,0.0,0.0,17.4,0.0,1.02,11.2,12,481,44.99,27.82,57,26,0,0.0,1.02,1.02,1.02,6.96,7.43,8.00,22.9,1.482,0.545
63000,229,1050,16.9,0.2,0.3,0.6,15.0,0.0,1.06,8.7,280,183,13.08,8.54,551,377,122,0.0,1.04,1.07,1.06,3.94,5.04,6.73,25.7,1.049,0.439
63000,95,861,26.1,0.3,0.3,0.0,15.7,0.0,1.09,8.1,239,333,23.64,16.57,456,401,4,0.0,1.08,1.10,1.10,5.94,7.43,7.65,24.5,1.563,0.559
63000,279,102,27.7,0.1,0.0,0.0,18.6,0.0,1.07,10.3,16,387,29.58,22.37,56,46,0,0.0,1.07,1.07,1.07,7.25,7.79,7.88,24.4,1.476,0.544
64000,229,1000,16.5,0.1,0.4,0.4,14.9,0.0,1.03,9.3,261,254,21.27,11.33,556,341,103,0.0,1.03,1.04,1.03,3.89,4.69,6.76,25.1,1.051,0.438
64000,95,913,25.9,0.3,0.2,0.0,15.8,0.0,1.07,8.1,234,368,26.15,18.41,505,398,10,0.0,1.06,1.09,1.07,5.85,7.40,7.68,24.0,1.568,0.560
64000,279,106,27.0,0.5,0.0,0.0,17.0,0.0,1.29,10.1,15,397,30.13,23.78,55,49,2,0.0,1.29,1.29,1.29,7.11,7.71,7.68,25.4,1.492,0.550
65000,95,1157,22.9,0.2,0.1,0.0,14.4,0.0,1.05,9.9,251,359,24.05,17.59,623,522,12,0.0,1.04,1.06,1.05,5.70,7.29,7.54,23.9,1.549,0.559
65000,229,763,14.6,0.0,0.2,0.2,13.7,0.0,1.01,10.9,185,266,21.36,11.97,450,252,61,0.0,1.01,1.01,1.01,3.71,4.36,6.42,24.4,1.045,0.443
65000,283,20,13.4,0.0,0.1,0.0,12.6,0.0,1.00,13.9,4,159,7.94,6.86,6,11,3,0.0,1.00,1.00,1.00,2.75,2.85,6.20,30.1,1.070,0.566
65000,279,6,33.4,0.0,3.5,0.0,22.5,0.0,1.00,0.3,3,232,21.38,15.93,0,6,0,0.0,1.00,1.00,1.00,7.50,8.00,8.00,31.8,1.283,0.655
66000,95,1113,22.6,0.2,0.2,0.0,14.0,0.0,1.05,9.8,293,347,21.26,16.57,646,457,10,0.0,1.04,1.06,1.06,5.48,7.22,7.48,23.0,1.562,0.560
66000,229,663,14.1,0.0,0.2,0.2,13.1,0.0,1.01,11.5,177,240,16.26,11.48,388,221,54,0.0,1.01,1.02,1.01,3.62,4.42,6.08,25.2,1.049,0.443
67000,95,1272,21.7,0.2,0.2,0.0,13.6,0.0,1.06,10.5,280,366,22.60,17.04,741,519,12,0.0,1.05,1.06,1.06,5.70,7.24,7.48,23.3,1.538,0.565
67000,229,695,15.6,0.1,0.2,0.4,14.2,0.0,1.02,10.2,212,247,20.19,11.13,352,269,74,0.0,1.01,1.03,1.03,3.76,4.97,6.25,26.3,1.059,0.435
68000,95,1150,22.0,0.2,0.0,0.0,13.7,0.0,1.06,10.2,258,335,20.54,15.68,615,514,21,0.0,1.06,1.07,1.06,5.39,7.03,7.53,24.0,1.567,0.561
68000,229,521,14.3,0.0,0.1,0.3,13.2,0.0,1.01,11.4,150,223,14.64,9.30,261,173,87,0.0,1.00,1.01,1.01,3.40,4.97,5.46,26.8,1.061,0.429
69000,95,1184,22.2,0.3,0.1,0.0,14.0,0.0,1.08,10.4,241,342,18.64,16.49,648,531,5,0.0,1.08,1.09,1.08,5.96,7.41,7.72,23.5,1.532,0.565
69000,229,537,15.9,0.1,0.2,0.4,14.5,0.0,1.02,9.3,138,178,10.88,8.27,240,247,50,0.0,1.01,1.02,1.02,3.82,5.20,6.26,27.4,1.063,0.433
70000,95,1161,22.7,0.2,0.1,0.0,14.5,0.0,1.04,10.3,233,300,15.52,14.09,619,533,9,0.0,1.04,1.05,1.05,6.08,7.62,7.77,23.9,1.529,0.564
70000,229,338,15.2,0.1,0.2,0.2,13.9,0.0,1.02,10.2,81,181,9.88,7.64,122,164,52,0.0,1.01,1.02,1.02,3.75,5.89,5.05,28.7,1.064,0.425
71000,95,756,25.2,0.2,0.2,0.0,15.4,0.0,1.10,8.3,219,313,17.51,14.53,399,349,8,0.0,1.09,1.12,1.10,5.90,7.53,7.70,24.0,1.572,0.563
71000,229,295,14.9,0.0,0.2,0.4,13.8,0.0,1.01,9.5,84,178,10.13,7.76,148,115,32,0.0,1.00,1.01,1.01,3.83,5.24,6.35,26.5,1.048,0.435
71000,296,9,14.9,1.7,0.2,0.0,11.0,0.0,1.40,14.9,3,223,12.85,6.09,1,5,3,0.1,1.48,1.51,1.31,3.78,5.11,3.56,36.4,1.034,0.457
71000,295,6,7.2,0.0,0.0,0.0,6.7,0.0,1.00,17.3,2,319,12.07,5.57,0,5,1,0.0,1.00,1.00,1.00,3.33,3.33,8.00,31.0,1.087,0.419
72000,95,808,24.3,0.2,0.2,0.0,15.4,0.0,1.04,9.4,187,271,14.54,12.11,408,387,13,0.0,1.03,1.05,1.04,6.19,7.62,7.82,24.6,1.539,0.566
72000,229,100,17.7,0.1,0.0,0.0,17.0,0.0,1.02,5.8,23,132,6.94,6.27,41,51,8,0.0,1.01,1.03,1.02,4.40,5.48,7.67,26.7,1.033,0.421
73000,95,647,26.4,0.3,0.2,0.0,16.5,0.0,1.09,8.7,163,279,17.10,12.55,334,304,9,0.0,1.06,1.09,1.11,6.38,7.74,7.85,24.3,1.546,0.560
73000,229,94,15.3,0.0,1.1,0.4,13.2,0.0,1.00,8.2,17,139,7.50,4.51,21,56,17,0.0,1.00,1.00,1.00,4.48,5.99,7.27,31.0,1.059,0.440
74000,95,488,27.4,0.2,0.1,0.0,17.3,0.0,1.04,8.4,129,283,17.84,13.16,260,224,4,0.0,1.03,1.05,1.05,6.55,7.72,7.80,24.0,1.556,0.560
74000,229,116,21.2,0.1,0.0,1.0,18.9,0.0,1.02,5.4,27,115,7.71,4.81,55,44,17,0.0,1.02,1.04,1.02,4.66,6.39,7.05,29.0,1.067,0.433
75000,95,432,26.1,0.1,0.0,0.0,16.7,0.0,1.04,8.5,105,290,19.37,11.78,228,192,12,0.0,1.04,1.05,1.04,6.53,7.74,7.75,24.7,1.554,0.549
75000,229,86,16.7,0.1,0.0,0.4,15.7,0.0,1.01,6.2,17,141,10.03,4.38,31,39,16,0.0,1.00,1.02,1.00,4.10,5.85,7.06,29.4,1.047,0.434
75000,309,29,15.8,0.0,0.0,0.6,14.7,0.0,1.00,8.8,6,103,6.80,2.90,6,7,16,0.0,1.00,1.00,1.00,3.93,5.83,5.76,42.4,1.059,0.415
76000,95,271,27.1,0.3,0.2,0.1,16.5,0.0,1.06,7.6,94,262,17.17,10.62,168,100,3,0.0,1.05,1.08,1.06,6.05,7.45,7.69,23.7,1.573,0.560
76000,314,136,15.2,0.3,0.3,0.4,13.2,0.0,1.07,11.2,31,126,7.23,3.90,34,85,17,0.0,1.00,1.10,1.08,3.54,5.19,5.21,30.9,1.054,0.438
76000,310,83,15.7,0.1,0.8,0.1,13.8,0.0,1.02,8.0,20,163,8.81,6.47,52,25,6,0.0,1.01,1.03,1.03,3.76,4.76,7.41,23.6,1.051,0.438
76000,309,78,23.8,0.0,0.3,0.2,21.9,0.0,1.00,6.5,19,110,10.00,3.88,30,34,14,0.0,1.00,1.00,1.00,4.35,6.38,6.38,30.1,1.064,0.416
76000,229,63,19.5,0.0,0.0,0.0,18.4,0.0,1.00,5.6,18,153,9.96,5.78,13,34,16,0.0,1.00,1.00,1.00,4.71,5.60,7.65,30.7,1.052,0.427
77000,310,216,16.1,0.2,0.1,0.4,15.0,0.0,1.06,7.8,42,143,8.01,5.25,110,83,23,0.0,1.05,1.05,1.06,3.81,4.67,7.63,26.1,1.044,0.436
77000,95,195,25.1,0.0,0.0,0.0,16.3,0.0,1.00,8.0,52,276,16.47,10.16,89,103,3,0.0,1.00,1.00,1.00,6.04,7.62,7.83,26.2,1.568,0.557
77000,309,163,17.9,0.0,0.1,0.2,16.6,0.0,1.03,7.4,32,122,8.35,4.17,71,63,29,0.0,1.03,1.03,1.03,3.96,6.23,6.08,27.4,1.060,0.422
77000,314,97,13.5,0.1,0.0,0.3,12.5,0.0,1.02,11.6,20,149,7.95,4.03,14,72,11,0.0,1.00,1.03,1.03,3.39,5.04,5.30,31.9,1.048,0.432
77000,229,49,17.7,0.0,0.0,0.5,16.3,0.0,1.00,6.0,9,117,7.40,4.18,11,34,4,0.0,1.00,1.00,1.00,4.33,5.59,7.43,30.4,1.061,0.437
78000,310,290,18.0,0.1,0.5,0.2,16.1,0.0,1.04,7.2,67,135,8.05,5.42,135,125,30,0.0,1.07,1.06,1.03,4.01,4.90,7.53,26.6,1.052,0.443
78000,95,267,26.2,0.1,0.1,0.0,16.6,0.0,1.02,7.7,75,254,17.11,10.00,138,124,5,0.0,1.03,1.03,1.01,6.20,7.77,7.67,25.2,1.563,0.554
78000,309,137,14.8,0.2,0.0,0.2,13.6,0.0,1.05,9.6,26,117,7.17,3.48,79,48,10,0.0,1.05,1.02,1.11,3.33,5.63,5.55,22.6,1.064,0.410
78000,314,84,14.3,0.0,0.5,0.1,12.9,0.0,1.01,10.8,25,125,6.89,4.12,33,44,7,0.1,1.00,1.01,1.01,3.55,4.75,5.93,29.4,1.046,0.438
78000,229,57,19.0,0.0,0.0,0.0,18.0,0.0,1.00,5.5,13,127,8.44,4.07,7,31,19,0.0,1.00,1.00,1.00,4.42,5.47,7.77,35.5,1.048,0.431
79000,95,358,26.7,0.1,0.2,0.0,16.6,0.0,1.04,7.5,87,319,22.91,13.54,175,176,7,0.0,1.03,1.04,1.04,6.22,7.72,7.89,25.6,1.568,0.556
79000,310,355,17.4,0.1,0.7,0.3,15.4,0.0,1.01,7.4,86,156,9.11,5.70,204,136,15,0.0,1.01,1.01,1.01,4.03,4.71,7.68,24.4,1.058,0.432
79000,309,263,14.3,0.1,0.3,0.3,13.0,0.0,1.02,11.6,59,148,7.92,5.04,89,134,40,0.0,1.02,1.03,1.01,3.40,5.22,4.99,28.1,1.053,0.397
79000,229,73,16.8,0.0,0.1,0.2,15.9,0.0,1.00,6.4,19,178,11.60,5.47,19,28,26,0.0,1.00,1.00,1.00,4.37,5.51,7.32,35.0,1.048,0.431
79000,314,62,16.2,0.4,0.0,0.2,15.0,0.0,1.08,9.6,20,191,10.30,7.37,20,32,10,0.0,1.00,1.12,1.10,3.85,4.58,6.63,30.5,1.034,0.440
80000,95,718,26.0,0.3,0.2,0.0,16.2,0.0,1.07,9.0,151,337,24.76,15.83,367,344,7,0.0,1.05,1.07,1.08,6.38,7.66,7.69,24.3,1.542,0.552
80000,310,374,17.8,0.2,0.6,0.3,15.6,0.1,1.05,7.7,94,145,8.97,5.78,218,126,30,0.1,1.03,1.07,1.06,4.15,4.53,7.68,24.4,1.049,0.435
80000,309,234,14.5,0.1,0.2,0.2,13.2,0.0,1.02,10.8,50,144,8.36,4.88,84,118,32,0.0,1.00,1.03,1.02,3.43,5.41,5.27,28.1,1.050,0.403
80000,229,120,18.8,0.4,0.1,0.7,16.8,0.0,1.11,5.4,38,134,8.36,5.90,45,63,12,0.0,1.10,1.12,1.11,4.36,6.06,7.24,29.5,1.047,0.442
80000,314,15,12.8,0.0,0.0,0.0,12.3,0.0,1.00,10.9,2,157,12.41,4.27,15,0,0,0.0,1.00,1.00,1.00,4.20,2.87,7.93,14.8,1.041,0.442
81000,95,876,25.9,0.2,0.1,0.0,16.4,0.0,1.04,9.0,181,346,24.97,16.34,488,374,14,0.0,1.04,1.05,1.05,6.30,7.55,7.69,23.8,1.542,0.554
81000,310,423,16.1,0.1,0.3,0.4,14.4,0.0,1.02,8.5,90,171,9.79,6.53,262,142,19,0.0,1.03,1.03,1.02,3.81,4.45,7.46,23.3,1.058,0.432
81000,309,176,14.0,0.0,0.3,0.2,12.9,0.0,1.00,11.0,34,152,8.61,5.22,64,83,29,0.0,1.00,1.01,1.00,3.43,5.37,5.28,29.0,1.044,0.396
81000,229,102,17.4,0.0,0.1,0.2,16.2,0.0,1.00,6.9,22,127,8.69,5.61,10,78,14,0.0,1.00,1.00,1.00,4.18,6.07,6.50,31.7,1.059,0.439
81000,320,26,25.3,0.0,0.2,0.0,16.9,0.0,1.00,6.8,10,270,19.12,13.63,1,25,0,0.0,1.00,1.00,1.00,6.31,8.00,7.31,32.9,1.490,0.440
82000,95,950,25.9,0.2,0.1,0.0,16.6,0.0,1.04,9.4,164,370,25.91,18.16,544,399,7,0.0,1.06,1.05,1.04,6.33,7.67,7.67,23.6,1.532,0.550
82000,310,477,15.4,0.0,0.7,0.3,13.5,0.0,1.00,9.2,127,184,11.33,7.82,294,154,29,0.0,1.00,1.01,1.00,3.81,4.34,7.22,23.9,1.055,0.432
82000,309,319,13.2,0.0,0.1,0.1,12.5,0.0,1.01,11.9,56,138,7.60,5.11,147,138,34,0.0,1.01,1.01,1.01,3.34,5.40,4.75,26.6,1.039,0.398
82000,229,61,15.7,0.0,0.0,1.0,14.0,0.0,1.00,8.2,17,185,10.30,7.10,26,21,14,0.0,1.00,1.00,1.00,3.80,5.34,6.56,30.5,1.084,0.444
82000,320,37,24.8,0.1,0.7,0.0,15.4,0.0,1.01,9.1,20,267,24.84,15.71,7,30,0,0.0,1.02,1.02,1.01,4.41,7.32,5.57,28.8,1.542,0.426
83000,95,1167,24.3,0.1,0.1,0.0,15.7,0.0,1.04,10.1,193,352,23.73,17.20,655,495,17,0.0,1.04,1.05,1.04,6.19,7.61,7.50,23.4,1.524,0.555
83000,310,443,15.2,0.1,0.4,0.2,13.7,0.0,1.03,8.8,111,226,14.72,9.41,257,142,44,0.1,1.03,1.04,1.03,3.74,4.76,7.40,24.8,1.051,0.436
83000,309,307,13.1,0.1,0.1,0.0,12.2,0.0,1.03,12.0,49,170,9.27,6.01,133,147,27,0.0,1.02,1.05,1.02,3.21,5.14,4.87,25.4,1.042,0.403
83000,320,33,28.1,0.9,0.8,0.0,15.5,0.0,1.08,10.8,15,205,14.68,11.08,10,23,0,0.0,1.05,1.05,1.11,4.45,6.76,4.36,28.4,1.518,0.399
83000,229,28,21.2,0.0,0.1,0.6,18.7,0.0,1.00,7.1,14,249,14.97,11.56,10,9,9,0.0,1.00,1.00,1.00,4.00,5.68,6.75,32.3,1.130,0.439
84000,95,1258,23.9,0.1,0.0,0.0,15.5,0.0,1.03,10.3,200,391,27.61,19.76,706,547,5,0.0,1.03,1.03,1.03,6.16,7.47,7.57,23.3,1.532,0.553
84000,310,471,14.8,0.1,0.4,0.1,13.4,0.0,1.04,10.4,122,225,15.27,9.21,285,129,57,0.0,1.02,1.04,1.06,3.76,4.82,6.86,25.8,1.056,0.435
84000,309,231,14.1,0.0,0.1,0.1,13.2,0.0,1.00,10.8,45,171,9.88,7.08,153,64,14,0.0,1.00,1.00,1.00,3.44,5.51,5.11,22.3,1.058,0.435
84000,229,14,18.2,0.0,0.0,0.3,16.9,0.0,1.00,7.0,5,278,22.75,9.56,4,4,6,0.0,1.00,1.00,1.00,4.50,6.50,6.00,37.2,1.067,0.439
84000,320,8,32.1,0.0,0.1,0.0,23.1,0.0,1.00,6.2,6,216,9.29,15.28,0,8,0,0.0,1.00,1.00,1.00,5.50,7.25,6.12,30.2,1.381,0.433
85000,95,1437,22.7,0.2,0.1,0.0,14.4,0.0,1.06,11.2,245,380,24.77,19.26,814,608,15,0.0,1.06,1.07,1.07,5.85,7.18,7.60,23.1,1.530,0.557
85000,310,460,14.2,0.1,0.4,0.4,12.6,0.0,1.04,10.4,103,233,15.13,9.37,280,121,59,0.0,1.04,1.05,1.04,3.82,4.82,7.20,25.3,1.053,0.431
85000,309,123,15.3,0.2,0.0,0.6,13.9,0.0,1.03,10.2,32,203,12.72,8.74,77,42,4,0.0,1.00,1.07,1.03,3.81,5.54,5.46,21.6,1.046,0.441
85000,324,33,16.6,0.0,0.0,0.0,15.1,0.0,1.00,6.7,13,281,21.14,11.96,15,14,4,0.0,1.00,1.00,1.00,4.27,6.76,6.52,26.7,1.108,0.363
86000,95,1645,21.8,0.2,0.1,0.0,13.9,0.0,1.05,11.1,263,371,23.65,18.22,887,743,15,0.0,1.04,1.06,1.06,5.78,7.15,7.47,24.0,1.525,0.555
86000,310,413,13.0,0.1,0.2,0.2,11.8,0.0,1.03,11.1,81,236,14.25,9.70,252,104,57,0.0,1.03,1.03,1.02,3.68,4.74,7.12,26.2,1.058,0.432
86000,324,75,13.2,0.1,0.2,0.0,11.6,0.0,1.01,11.5,22,191,11.04,6.49,45,8,22,0.0,1.01,1.02,1.01,3.52,6.23,4.33,28.0,1.115,0.365
86000,309,72,14.6,0.0,0.0,0.2,13.5,0.0,1.00,11.0,18,178,8.39,7.85,48,18,6,0.0,1.00,1.00,1.00,3.60,5.14,5.38,22.8,1.075,0.485
86000,321,14,27.2,0.1,0.1,0.0,18.3,0.0,1.04,6.7,6,176,12.30,7.90,0,14,0,0.0,1.00,1.04,1.07,6.50,8.00,8.00,34.3,1.487,0.527
87000,95,1575,22.6,0.1,0.1,0.0,14.5,0.0,1.04,11.0,258,389,24.37,19.08,844,712,19,0.0,1.04,1.04,1.04,5.89,7.21,7.53,23.8,1.523,0.556
87000,310,353,14.2,0.0,0.3,0.1,13.0,0.0,1.01,10.1,100,232,13.75,9.52,234,80,39,0.0,1.00,1.01,1.01,3.71,4.85,7.15,24.7,1.054,0.434
87000,324,73,15.4,0.2,0.0,0.0,13.6,0.0,1.03,10.7,22,182,10.55,7.06,38,6,29,0.0,1.00,1.06,1.03,3.85,6.58,4.48,29.0,1.105,0.362
87000,309,39,15.3,0.0,0.0,0.0,13.3,0.0,1.00,9.7,8,151,6.03,6.91,27,10,2,0.0,1.00,1.00,1.00,3.41,5.56,5.56,22.5,1.172,0.547
87000,321,7,22.3,0.0,1.9,0.0,13.1,0.0,1.00,8.3,5,300,21.77,10.59,0,7,0,0.0,1.00,1.00,1.00,6.00,7.00,8.00,34.1,1.483,0.518
88000,95,1557,22.7,0.2,0.1,0.0,14.5,0.0,1.06,10.9,274,364,21.47,18.24,834,710,13,0.0,1.05,1.06,1.07,5.86,7.31,7.51,23.6,1.522,0.557
88000,310,316,16.0,0.1,0.7,0.2,14.1,0.0,1.03,8.9,93,176,11.15,7.59,171,110,35,0.0,1.04,1.03,1.04,3.98,4.97,7.29,26.5,1.058,0.431
88000,324,54,12.4,0.0,0.0,0.0,11.4,0.0,1.00,11.8,13,193,10.93,5.01,18,15,21,0.0,1.00,1.00,1.00,3.85,6.02,5.28,33.1,1.086,0.343
88000,309,23,20.4,0.0,0.0,0.0,17.6,0.0,1.00,9.9,4,132,4.80,6.99,19,4,0,0.0,1.00,1.00,1.00,3.70,5.52,5.52,17.3,1.152,0.583
88000,321,9,25.6,2.0,0.2,0.0,12.7,0.0,1.70,7.1,2,282,17.27,10.07,0,9,0,0.0,1.44,1.67,1.89,5.22,7.56,8.00,34.0,1.511,0.530
89000,95,1360,23.2,0.2,0.1,0.0,14.6,0.0,1.08,10.9,222,364,21.59,18.16,691,654,15,0.0,1.07,1.09,1.09,6.08,7.53,7.63,23.7,1.527,0.557
89000,310,351,17.1,0.1,1.1,0.2,15.0,0.0,1.03,8.3,86,189,13.60,7.73,170,117,64,0.0,1.01,1.04,1.06,4.03,5.10,7.56,27.9,1.038,0.428
89000,324,37,12.9,0.4,0.5,0.0,10.8,0.0,1.09,12.2,9,180,10.81,4.90,9,14,14,0.1,1.13,1.11,1.07,3.76,6.19,4.89,33.5,1.060,0.349
89000,321,19,26.2,0.3,0.7,0.0,16.4,0.0,1.04,7.4,9,143,8.55,5.01,0,19,0,0.2,1.00,1.09,1.04,6.00,8.00,7.63,34.0,1.493,0.524
89000,309,15,16.1,0.0,0.0,0.0,14.3,0.0,1.00,8.9,3,223,9.54,11.71,15,0,0,0.0,1.00,1.00,1.00,4.07,7.60,3.93,13.6,1.138,0.583
90000,95,1300,23.1,0.1,0.1,0.0,14.7,0.0,1.05,10.7,197,343,18.88,16.87,648,633,19,0.0,1.03,1.05,1.05,6.12,7.51,7.76,24.2,1.532,0.554
90000,310,352,14.0,0.1,0.2,0.2,13.1,0.0,1.03,9.2,69,159,9.58,5.39,167,133,52,0.0,1.03,1.03,1.03,3.74,4.73,7.49,26.6,1.041,0.427
90000,324,38,16.1,0.2,0.0,0.0,14.2,0.0,1.02,10.9,11,149,7.22,5.57,16,13,9,0.0,1.00,1.05,1.02,4.13,6.16,5.82,30.3,1.084,0.338
90000,321,12,23.1,0.0,0.0,0.0,15.5,0.0,1.00,10.7,4,176,8.75,7.40,0,12,0,0.0,1.00,1.00,1.00,5.92,7.42,7.42,34.2,1.486,0.511
90000,309,10,14.1,0.0,0.0,0.0,12.4,0.0,1.00,10.0,4,181,10.05,7.48,10,0,0,0.0,1.00,1.00,1.00,3.30,7.60,3.40,15.0,1.144,0.574
91000,95,1149,23.7,0.2,0.2,0.0,15.0,0.0,1.05,11.0,196,311,16.65,14.60,537,595,17,0.0,1.04,1.05,1.05,6.28,7.65,7.77,24.5,1.528,0.553
91000,310,276,14.8,0.1,0.4,0.5,13.3,0.0,1.04,8.7,63,173,10.02,6.59,146,105,25,0.0,1.04,1.04,1.06,3.83,4.79,7.66,25.8,1.047,0.428
91000,324,34,11.7,0.4,0.0,0.1,9.9,0.0,1.18,12.5,7,215,12.03,5.06,10,18,6,0.0,1.12,1.29,1.16,3.85,6.59,4.62,30.6,1.082,0.350
91000,309,10,15.7,0.0,0.0,0.0,13.8,0.0,1.00,8.0,2,106,6.18,3.33,10,0,0,0.0,1.00,1.00,1.00,3.70,8.00,4.00,14.3,1.142,0.577
92000,95,956,25.3,0.3,0.2,0.0,16.0,0.0,1.05,10.3,192,283,15.60,12.93,448,491,17,0.0,1.04,1.05,1.05,6.47,7.67,7.75,24.6,1.523,0.551
92000,310,260,16.0,0.0,0.5,0.4,14.4,0.0,1.00,7.9,66,162,8.99,5.85,117,100,43,0.0,1.00,1.00,1.00,4.05,5.03,7.71,28.6,1.054,0.438
92000,324,14,16.8,0.0,0.0,0.0,15.5,0.0,1.00,9.9,6,262,13.24,5.96,3,6,5,0.0,1.00,1.00,1.00,4.21,7.36,4.14,31.2,1.085,0.344
93000,95,748,25.9,0.2,0.2,0.0,16.8,0.0,1.04,9.6,170,262,16.00,11.87,376,354,18,0.0,1.03,1.05,1.04,6.60,7.66,7.78,24.5,1.505,0.558
93000,310,240,14.7,0.1,0.2,0.1,13.5,0.0,1.03,8.3,53,143,8.09,4.93,99,92,49,0.0,1.04,1.04,1.03,3.56,4.53,7.38,27.8,1.050,0.434
93000,324,5,26.5,0.0,0.0,1.0,23.2,0.0,1.00,2.4,5,100,6.99,6.16,0,5,0,0.0,1.00,1.00,1.00,5.80,8.00,6.80,32.3,1.102,0.398
94000,95,606,26.9,0.2,0.2,0.0,17.4,0.0,1.06,9.4,138,269,17.38,11.84,306,291,9,0.0,1.06,1.08,1.06,6.69,7.79,7.73,24.5,1.510,0.566
94000,310,184,16.8,0.2,0.4,0.2,15.2,0.0,1.03,7.1,51,160,8.98,5.87,66,76,42,0.0,1.00,1.06,1.03,4.16,5.15,7.38,30.6,1.050,0.434
95000,95,572,27.8,0.4,0.2,0.0,17.4,0.0,1.11,8.8,109,260,18.18,11.07,277,284,11,0.0,1.11,1.11,1.12,6.86,7.86,7.87,25.1,1.508,0.563
95000,310,151,15.6,0.0,0.3,0.4,14.3,0.0,1.00,6.8,39,151,8.93,5.16,73,48,30,0.0,1.00,1.00,1.00,3.92,5.56,7.10,27.5,1.053,0.441
96000,95,569,29.6,0.3,0.2,0.0,19.1,0.0,1.06,7.9,116,283,22.13,11.16,302,258,9,0.0,1.05,1.06,1.07,6.98,7.85,7.92,24.4,1.511,0.557
96000,310,123,17.6,0.1,0.7,0.1,15.7,0.0,1.03,6.4,37,166,9.43,5.05,49,44,30,0.0,1.05,1.02,1.03,4.06,5.12,7.76,30.0,1.052,0.439
97000,95,609,28.4,0.2,0.1,0.0,18.4,0.0,1.05,8.5,91,266,22.25,10.99,293,293,23,0.0,1.05,1.06,1.05,7.06,7.85,7.86,25.6,1.505,0.551
97000,310,187,17.3,0.0,0.4,0.8,15.7,0.0,1.00,5.9,46,137,8.59,4.79,69,76,42,0.0,1.00,1.01,1.00,4.33,5.37,7.74,30.0,1.049,0.430
98000,95,753,28.1,0.4,0.2,0.0,18.0,0.0,1.10,8.3,103,290,23.91,12.32,392,346,15,0.0,1.09,1.12,1.09,6.90,7.78,7.85,24.8,1.495,0.550
98000,310,188,16.9,0.1,0.6,0.1,15.1,0.0,1.03,6.8,57,160,9.91,5.62,85,80,23,0.0,1.03,1.04,1.03,4.18,5.56,7.16,26.6,1.050,0.434
99000,95,932,26.8,0.2,0.3,0.0,17.7,0.0,1.08,9.0,145,288,23.61,13.34,483,419,30,0.0,1.08,1.08,1.08,6.79,7.82,7.75,25.0,1.473,0.546
99000,310,183,17.7,0.1,0.6,0.4,15.7,0.0,1.03,6.1,53,151,9.82,5.88,95,60,28,0.0,1.00,1.05,1.03,4.32,5.60,7.56,25.5,1.053,0.436
100000,95,1143,27.5,0.4,0.2,0.0,18.0,0.0,1.10,8.8,159,323,26.23,15.27,618,506,19,0.0,1.10,1.09,1.11,6.88,7.86,7.77,24.3,1.460,0.540
100000,310,250,18.0,0.1,0.9,0.2,16.1,0.0,1.02,5.5,78,179,12.62,6.12,99,98,53,0.0,1.01,1.02,1.02,4.28,5.74,7.67,29.1,1.044,0.438
