step,place,pop,mass,hard,muscle,sensor,digestive,bite,shell,biters,cover,plant_intake,meat_intake,lineages,movers,foot,shell_front,shell_back,dead,carrion,soil,barren,regrowth,cells,rain,trees
10000,0,665,11.12,0.01,0.02,0.14,10.95,0.00,1.00,0.000,0.085,462607.3,36695.2,1,66,3.35,1.00,1.00,5.2708,17.33,109817.7,0.0000,41.0634,5462,40.3449,127
10000,1,654,11.03,0.00,0.03,0.14,10.86,0.00,1.00,0.000,0.083,446512.5,35278.2,1,54,3.34,1.00,1.00,5.0913,14.54,22409.3,1.7018,39.4817,5461,40.3376,95
10000,2,544,12.52,0.01,0.02,0.13,12.36,0.00,1.00,0.000,0.078,366208.4,30508.9,1,58,3.41,1.00,1.00,4.5615,16.65,797.5,12.9050,31.8220,5461,40.3376,226
20000,0,690,9.84,0.09,0.06,0.10,9.58,0.00,1.04,0.001,0.078,380168.6,7778.8,1,48,3.29,1.03,1.04,0.8928,10.61,113701.0,0.0000,37.1761,5462,35.8524,102
20000,1,676,9.27,0.05,0.01,0.12,9.10,0.00,1.02,0.000,0.071,373831.3,7905.5,1,53,3.18,1.01,1.02,0.9181,13.95,20230.5,1.0660,36.5130,5461,35.8458,155
20000,2,668,8.37,0.05,0.00,0.01,8.31,0.00,1.03,0.000,0.064,351264.7,5277.8,1,39,2.98,1.03,1.03,0.6064,4.43,211.1,3.9556,34.0655,5461,35.8458,7
30000,0,696,9.83,0.23,0.01,0.08,9.51,0.00,1.07,0.000,0.078,385823.6,8639.5,1,54,3.24,1.02,1.08,1.0258,18.09,113103.3,0.0000,37.7813,5462,36.5248,211
30000,1,656,9.26,0.09,0.22,0.05,8.90,0.00,1.03,0.000,0.070,376453.0,8291.6,1,61,3.17,1.01,1.03,0.9769,11.28,20199.7,1.2925,36.7847,5461,36.5182,167
30000,2,665,8.34,0.04,0.00,0.08,8.22,0.00,1.02,0.000,0.063,364164.2,4679.0,1,28,2.98,1.01,1.02,0.5265,4.62,194.0,1.8295,35.4263,5461,36.5182,2
40000,0,722,8.82,0.18,0.13,0.05,8.46,0.00,1.06,0.000,0.073,392508.7,9710.4,1,52,3.05,1.03,1.07,1.1572,19.32,112929.7,0.0000,38.3859,5462,36.9799,182
40000,1,658,9.31,0.14,0.06,0.07,9.04,0.00,1.04,0.000,0.070,380771.8,8735.5,1,60,3.13,1.01,1.05,1.0401,19.85,20345.3,0.8302,37.2779,5461,36.9731,174
40000,2,663,8.55,0.17,0.00,0.07,8.30,0.00,1.07,0.000,0.065,366047.0,4551.2,1,48,3.04,1.04,1.08,0.5091,3.18,249.1,1.3884,35.6630,5461,36.9731,5
50000,0,681,9.18,0.04,0.00,0.08,9.06,0.00,1.02,0.000,0.072,390124.5,8537.1,1,58,3.18,1.02,1.02,1.0118,16.84,112991.6,0.0000,38.1380,5462,36.7922,225
50000,1,729,8.72,0.11,0.08,0.10,8.43,0.00,1.05,0.000,0.073,379073.3,8039.4,1,53,3.02,1.03,1.05,0.9509,18.76,20083.8,1.1477,37.0717,5461,36.7854,172
50000,2,699,7.70,0.01,0.00,0.04,7.64,0.00,1.00,0.000,0.062,364757.2,4512.5,1,28,2.79,1.00,1.00,0.5061,6.34,204.3,1.6556,35.5359,5461,36.7854,3
60000,0,707,9.47,0.05,0.23,0.03,9.15,0.00,1.01,0.000,0.076,394546.0,8177.1,1,57,3.08,1.00,1.02,0.9815,18.32,112432.7,0.0000,38.5782,5462,37.1883,265
60000,1,705,8.79,0.08,0.10,0.05,8.56,0.00,1.02,0.000,0.071,384184.3,7679.9,1,55,2.95,1.00,1.03,0.9131,13.26,19830.3,0.8250,37.5912,5461,37.1815,239
60000,2,727,7.00,0.10,0.00,0.02,6.88,0.00,1.04,0.000,0.058,366308.0,3850.1,1,29,2.51,1.01,1.04,0.4409,4.98,277.3,2.0685,35.8195,5461,37.1815,38
70000,0,754,7.85,0.06,0.04,0.03,7.72,0.00,1.03,0.000,0.067,391976.7,6621.6,1,71,2.77,1.02,1.03,0.7803,12.47,112379.7,0.0000,38.1464,5462,36.3120,132
70000,1,718,8.01,0.05,0.09,0.07,7.79,0.00,1.02,0.000,0.066,380948.6,6531.4,1,71,2.78,1.01,1.02,0.7709,8.14,20595.4,1.3220,37.2159,5461,36.3053,157
70000,2,706,7.49,0.02,0.03,0.11,7.33,0.00,1.01,0.000,0.061,344280.7,4233.7,1,43,2.65,1.00,1.01,0.5156,4.43,446.7,6.7903,33.8000,5461,36.3053,86
80000,0,723,7.70,0.06,0.00,0.01,7.64,0.00,1.02,0.000,0.063,386685.6,5498.7,1,58,2.68,1.01,1.03,0.6441,7.43,112997.1,0.0000,37.6742,5462,36.3565,53
80000,1,734,7.69,0.08,0.01,0.00,7.59,0.00,1.02,0.000,0.065,381079.7,5619.2,1,76,2.76,1.02,1.03,0.6624,8.80,21679.1,1.1250,37.1603,5461,36.3498,45
80000,2,677,7.21,0.02,0.00,0.08,7.11,0.00,1.01,0.000,0.056,349633.8,3957.1,1,54,2.55,1.00,1.01,0.4773,7.71,259.5,5.5249,34.3457,5461,36.3498,83
90000,0,756,7.92,0.02,0.04,0.02,7.84,0.00,1.01,0.000,0.068,390736.3,6256.1,2,66,2.75,1.01,1.01,0.7466,10.51,111847.1,0.0000,38.1992,5462,36.1231,118
90000,1,740,7.77,0.00,0.02,0.05,7.71,0.00,1.00,0.000,0.066,381842.5,6228.3,2,54,2.68,1.00,1.00,0.7487,8.45,20784.4,1.2826,37.4464,5461,36.1165,129
90000,2,663,7.74,0.08,0.12,0.09,7.45,0.00,1.02,0.000,0.059,336725.0,4580.4,2,56,2.62,1.00,1.03,0.5671,10.94,801.1,8.0580,33.2148,5461,36.1165,155
100000,0,736,8.06,0.03,0.00,0.03,8.00,0.00,1.01,0.000,0.068,390931.5,6166.1,2,69,2.78,1.00,1.01,0.7354,14.17,111278.1,0.0000,38.1767,5462,36.0622,148
100000,1,739,7.79,0.08,0.00,0.06,7.65,0.00,1.02,0.000,0.066,381503.1,6511.2,2,55,2.73,1.01,1.03,0.7832,9.13,21171.3,1.7513,37.2812,5461,36.0556,104
100000,2,665,7.64,0.03,0.00,0.06,7.55,0.00,1.01,0.000,0.058,336772.7,4541.6,2,47,2.65,1.00,1.01,0.5603,10.75,663.0,8.4412,33.1027,5461,36.0556,206
110000,0,751,7.83,0.05,0.10,0.08,7.62,0.00,1.01,0.000,0.068,391186.0,6220.0,2,74,2.72,1.01,1.02,0.7406,10.68,112363.8,0.0000,38.1103,5462,36.0690,130
110000,1,736,7.85,0.06,0.00,0.06,7.73,0.00,1.03,0.000,0.066,383561.6,6110.2,2,81,2.73,1.02,1.04,0.7314,9.73,20424.2,0.9146,37.5492,5461,36.0624,139
110000,2,692,7.34,0.00,0.03,0.01,7.31,0.00,1.00,0.000,0.058,333785.0,5021.9,2,45,2.58,1.00,1.00,0.6227,8.05,530.4,8.8067,32.8726,5461,36.0624,148
120000,0,779,7.83,0.07,0.00,0.13,7.63,0.00,1.02,0.000,0.070,390667.7,5891.6,2,78,2.72,1.00,1.03,0.7000,8.21,111187.6,0.0000,38.0794,5462,36.2562,95
120000,1,709,7.82,0.00,0.02,0.03,7.77,0.00,1.00,0.000,0.064,383207.3,6414.6,2,81,2.73,1.00,1.00,0.7737,12.54,21929.6,1.5719,37.3874,5461,36.2496,106
120000,2,679,7.32,0.01,0.04,0.03,7.24,0.00,1.00,0.000,0.057,342449.7,4331.9,2,59,2.64,1.00,1.00,0.5301,8.14,568.8,7.3121,33.5905,5461,36.2496,157
130000,0,727,8.03,0.06,0.01,0.10,7.86,0.00,1.02,0.000,0.067,391812.3,6158.8,3,70,2.83,1.01,1.03,0.7348,17.20,112029.7,0.0000,38.1839,5462,36.5021,132
130000,1,762,7.72,0.02,0.04,0.11,7.56,0.00,1.01,0.000,0.067,382466.1,6022.3,3,76,2.74,1.00,1.01,0.7217,13.54,20907.3,1.2746,37.3894,5461,36.4954,143
130000,2,716,7.34,0.01,0.06,0.03,7.23,0.00,1.00,0.000,0.060,349320.2,4265.3,2,39,2.55,1.00,1.01,0.5190,9.73,456.6,5.9058,34.2775,5461,36.4954,108
140000,0,770,7.93,0.06,0.06,0.06,7.75,0.00,1.02,0.000,0.070,390887.6,6197.6,2,59,2.74,1.00,1.02,0.7339,13.71,112458.5,0.0000,38.1107,5462,36.7790,153
140000,1,747,8.31,0.08,0.02,0.08,8.13,0.00,1.02,0.000,0.070,381991.5,6319.2,2,75,2.77,1.01,1.03,0.7586,16.58,20549.2,1.2884,37.4562,5461,36.7723,201
140000,2,722,7.32,0.10,0.00,0.04,7.18,0.00,1.03,0.000,0.061,357634.9,3923.0,2,43,2.55,1.00,1.04,0.4720,5.07,312.4,4.1693,35.0840,5461,36.7723,76
150000,0,765,7.75,0.04,0.02,0.15,7.55,0.00,1.01,0.000,0.068,394790.3,6835.8,2,54,2.73,1.00,1.01,0.8172,7.43,112241.5,0.0000,38.4956,5462,36.7376,81
150000,1,737,8.06,0.03,0.12,0.04,7.87,0.00,1.01,0.000,0.068,383026.0,7262.6,2,78,2.78,1.00,1.01,0.8847,11.53,21176.7,2.1087,37.4847,5461,36.7309,183
150000,2,748,6.86,0.06,0.00,0.04,6.75,0.00,1.02,0.000,0.058,351734.3,4355.2,2,48,2.48,1.00,1.02,0.5327,5.17,319.4,5.4057,34.5661,5461,36.7309,62
160000,0,786,8.19,0.13,0.06,0.04,7.96,0.00,1.04,0.000,0.074,392034.9,6367.2,2,66,2.82,1.03,1.06,0.7592,13.50,112066.0,0.0000,38.2309,5462,36.8713,159
160000,1,724,8.51,0.07,0.06,0.07,8.31,0.00,1.01,0.000,0.071,383350.4,6324.2,2,55,2.80,1.00,1.01,0.7580,17.97,20517.0,1.3501,37.5185,5461,36.8645,187
160000,2,703,6.76,0.02,0.00,0.02,6.72,0.00,1.00,0.000,0.054,359308.8,3899.6,2,51,2.48,1.00,1.01,0.4705,9.63,404.2,3.9372,35.2518,5461,36.8645,77
170000,0,755,7.30,0.04,0.00,0.03,7.23,0.00,1.01,0.000,0.063,391188.0,5980.6,2,62,2.62,1.00,1.02,0.7097,6.74,111944.7,0.0000,38.0454,5462,36.7211,66
170000,1,751,8.00,0.13,0.03,0.03,7.80,0.00,1.03,0.000,0.069,384258.6,6601.3,2,80,2.77,1.00,1.05,0.7965,16.05,21013.4,1.5875,37.5547,5461,36.7144,191
170000,2,669,7.46,0.06,0.05,0.00,7.35,0.00,1.02,0.000,0.057,354950.5,4033.0,2,49,2.53,1.00,1.02,0.4917,11.92,459.2,4.8296,34.8425,5461,36.7144,171
180000,0,761,7.15,0.01,0.00,0.01,7.12,0.00,1.00,0.000,0.062,392566.6,6514.8,2,65,2.69,1.00,1.00,0.7845,14.91,112273.7,0.0000,38.3240,5462,36.6665,117
180000,1,729,7.72,0.04,0.08,0.00,7.60,0.00,1.01,0.000,0.064,384943.5,6722.4,2,66,2.68,1.00,1.01,0.8164,14.83,20572.5,1.6029,37.6106,5461,36.6598,155
180000,2,691,7.66,0.04,0.09,0.07,7.46,0.00,1.01,0.000,0.060,350901.8,4198.3,2,52,2.64,1.00,1.01,0.5101,8.07,506.3,5.6736,34.4239,5461,36.6598,165
190000,0,759,7.68,0.12,0.01,0.08,7.48,0.00,1.04,0.000,0.067,390708.9,6289.4,3,58,2.70,1.02,1.04,0.7515,9.10,112867.8,0.0000,38.2199,5462,36.3919,128
190000,1,761,7.80,0.02,0.00,0.06,7.72,0.00,1.01,0.000,0.068,383693.1,6364.4,3,81,2.70,1.00,1.01,0.7646,9.99,20812.5,1.4469,37.4449,5461,36.3852,146
190000,2,726,6.98,0.09,0.00,0.06,6.84,0.00,1.02,0.000,0.058,344791.6,4478.6,2,50,2.52,1.01,1.03,0.5514,12.66,243.8,6.9767,33.7939,5461,36.3852,53
200000,0,770,7.01,0.08,0.01,0.03,6.89,0.00,1.02,0.000,0.062,396373.4,6780.7,3,58,2.57,1.01,1.03,0.8127,13.64,112859.9,0.0000,38.6662,5462,36.9260,126
200000,1,764,7.52,0.07,0.02,0.12,7.31,0.00,1.02,0.000,0.065,384481.0,6870.9,3,78,2.58,1.00,1.02,0.8338,10.81,20996.5,1.9186,37.5703,5461,36.9192,118
200000,2,765,6.45,0.01,0.00,0.00,6.45,0.00,1.00,0.000,0.057,355532.6,3900.2,2,59,2.43,1.00,1.00,0.4708,6.63,262.3,4.7559,34.8693,5461,36.9192,33
210000,0,759,7.31,0.04,0.02,0.10,7.16,0.00,1.01,0.000,0.064,394389.0,6696.9,2,67,2.65,1.01,1.01,0.8029,11.24,112712.4,0.0000,38.5457,5462,37.0338,130
210000,1,763,7.24,0.07,0.02,0.16,7.00,0.00,1.02,0.000,0.063,384386.3,6631.1,2,71,2.56,1.01,1.03,0.7979,14.58,20844.9,1.7219,37.7048,5461,37.0271,128
210000,2,740,6.68,0.03,0.00,0.21,6.44,0.00,1.01,0.000,0.057,358484.5,3835.3,2,49,2.44,1.00,1.02,0.4601,6.38,350.7,4.0765,35.2017,5461,37.0271,43
220000,0,779,7.61,0.08,0.01,0.00,7.51,0.00,1.03,0.000,0.068,396610.8,6849.6,2,88,2.68,1.01,1.03,0.8203,12.60,112249.2,0.0000,38.6462,5462,37.0519,118
220000,1,731,7.21,0.06,0.04,0.06,7.05,0.00,1.02,0.000,0.060,387062.2,6499.3,2,70,2.60,1.01,1.02,0.7840,10.42,21438.4,1.4735,37.7400,5461,37.0451,107
220000,2,751,6.67,0.03,0.01,0.08,6.54,0.00,1.01,0.000,0.057,358123.9,3928.6,2,61,2.42,1.01,1.02,0.4752,4.05,362.0,4.2959,35.0925,5461,37.0451,64
230000,0,728,7.55,0.18,0.00,0.00,7.37,0.00,1.05,0.000,0.063,392513.9,6439.9,2,64,2.67,1.01,1.07,0.7669,15.79,112160.1,0.0000,38.4380,5462,36.8806,236
230000,1,732,7.59,0.09,0.01,0.08,7.41,0.00,1.02,0.000,0.064,383490.6,6575.7,2,72,2.65,1.00,1.04,0.7961,18.84,19795.5,1.4508,37.7271,5461,36.8738,310
230000,2,740,6.53,0.05,0.00,0.03,6.46,0.00,1.02,0.000,0.055,356228.9,3873.7,2,38,2.42,1.00,1.02,0.4684,6.94,280.7,4.5340,34.9842,5461,36.8738,83
240000,0,784,6.99,0.02,0.00,0.01,6.96,0.00,1.01,0.000,0.063,396742.5,7144.6,2,72,2.57,1.01,1.01,0.8567,8.99,112618.0,0.0000,38.6850,5462,37.0222,67
240000,1,749,7.06,0.03,0.03,0.00,6.99,0.00,1.01,0.000,0.061,388193.2,7299.5,2,81,2.62,1.00,1.01,0.8835,9.31,21888.8,1.8779,37.7929,5461,37.0154,66
240000,2,727,6.70,0.04,0.00,0.15,6.51,0.00,1.01,0.000,0.056,353335.0,4331.6,2,61,2.49,1.00,1.01,0.5295,9.48,351.4,5.3118,34.7046,5461,37.0154,42
250000,0,753,8.20,0.06,0.01,0.07,8.07,0.00,1.03,0.000,0.070,394096.8,6654.5,2,69,2.75,1.01,1.03,0.7965,14.12,111145.2,0.0000,38.6445,5462,36.7525,260
250000,1,771,7.42,0.06,0.05,0.05,7.27,0.00,1.02,0.000,0.066,384150.9,6702.5,2,58,2.60,1.00,1.02,0.8085,9.00,21156.3,1.6981,37.6722,5461,36.7458,156
250000,2,707,6.48,0.04,0.00,0.00,6.43,0.00,1.02,0.000,0.052,350751.4,3985.5,2,54,2.40,1.01,1.02,0.4856,9.57,320.8,5.5062,34.5052,5461,36.7458,111
260000,0,744,8.19,0.01,0.01,0.14,8.03,0.00,1.00,0.000,0.070,396355.1,6808.7,2,62,2.74,1.00,1.00,0.8131,13.54,110976.2,0.0000,38.5727,5462,36.6096,153
260000,1,723,8.25,0.07,0.04,0.09,8.05,0.00,1.02,0.000,0.068,380976.8,6759.0,2,72,2.78,1.00,1.02,0.8230,20.02,21107.4,2.5184,37.3163,5461,36.6029,235
260000,2,676,6.98,0.07,0.00,0.07,6.84,0.00,1.02,0.000,0.054,349258.6,4091.3,2,42,2.49,1.00,1.03,0.5026,9.45,451.8,5.8204,34.3051,5461,36.6029,183
270000,0,749,7.79,0.11,0.01,0.07,7.59,0.00,1.03,0.000,0.067,395484.5,6804.5,2,68,2.64,1.01,1.04,0.8109,12.31,112251.2,0.0000,38.6641,5462,37.0785,153
270000,1,769,7.06,0.07,0.11,0.07,6.82,0.00,1.02,0.000,0.062,383346.9,6306.5,2,77,2.53,1.00,1.02,0.7564,10.63,20882.7,1.5619,37.5519,5461,37.0717,120
270000,2,717,6.64,0.01,0.04,0.02,6.58,0.00,1.00,0.000,0.054,359722.2,3949.3,2,55,2.44,1.00,1.00,0.4762,7.65,434.3,4.0549,35.2403,5461,37.0717,131
280000,0,774,7.26,0.02,0.01,0.09,7.14,0.00,1.01,0.000,0.064,394875.2,6603.5,2,72,2.56,1.00,1.01,0.7844,8.70,112688.2,0.0000,38.5366,5462,36.8190,87
280000,1,736,7.30,0.04,0.02,0.06,7.17,0.00,1.01,0.000,0.061,384797.0,6750.3,2,76,2.59,1.01,1.02,0.8131,8.65,21299.1,1.9828,37.7068,5461,36.8123,97
280000,2,711,6.44,0.00,0.00,0.00,6.44,0.00,1.00,0.000,0.053,351275.3,4229.6,2,45,2.40,1.00,1.00,0.5154,7.14,344.7,5.5917,34.4778,5461,36.8123,68
290000,0,754,7.71,0.11,0.01,0.10,7.49,0.00,1.05,0.000,0.066,395925.9,6833.8,2,62,2.66,1.04,1.04,0.8200,15.38,112082.7,0.0000,38.7446,5462,37.2471,133
290000,1,766,7.92,0.04,0.09,0.06,7.74,0.00,1.01,0.000,0.070,386945.5,6830.5,2,69,2.71,1.00,1.01,0.8233,17.87,20735.9,1.6438,37.9741,5461,37.2403,227
290000,2,720,6.51,0.06,0.00,0.03,6.42,0.00,1.02,0.000,0.054,361836.3,3798.6,2,41,2.49,1.01,1.03,0.4573,7.39,275.6,3.4917,35.4838,5461,37.2403,68
300000,0,783,7.51,0.08,0.02,0.08,7.32,0.00,1.02,0.000,0.067,395280.1,6456.6,2,54,2.63,1.00,1.04,0.7655,8.22,111905.6,0.0000,38.6250,5462,37.1297,114
300000,1,722,7.99,0.16,0.01,0.13,7.70,0.00,1.05,0.000,0.066,385834.0,6649.2,2,71,2.69,1.01,1.06,0.7963,14.04,20834.3,1.5740,37.7268,5461,37.1229,204
300000,2,714,6.82,0.07,0.00,0.06,6.69,0.00,1.03,0.000,0.056,360018.6,3902.9,2,52,2.43,1.03,1.03,0.4705,8.04,417.3,3.8353,35.3488,5461,37.1229,107
310000,0,783,7.99,0.09,0.00,0.07,7.83,0.00,1.03,0.000,0.072,394728.2,6508.8,2,71,2.73,1.00,1.04,0.7718,12.80,112264.8,0.0000,38.5735,5462,37.1544,162
310000,1,769,7.58,0.08,0.00,0.01,7.49,0.00,1.02,0.000,0.067,383605.0,6326.9,2,77,2.68,1.01,1.03,0.7601,23.22,20530.7,1.7776,37.5275,5461,37.1476,210
310000,2,752,6.59,0.02,0.00,0.05,6.52,0.00,1.01,0.000,0.057,364004.3,3728.3,2,44,2.43,1.00,1.01,0.4454,10.51,397.1,3.0949,35.6634,5461,37.1476,48
320000,0,757,7.26,0.01,0.00,0.03,7.21,0.00,1.01,0.000,0.063,396669.6,6664.4,2,57,2.60,1.01,1.01,0.7925,16.79,112314.0,0.0000,38.6243,5462,37.1227,71
320000,1,761,7.16,0.00,0.02,0.06,7.08,0.00,1.00,0.000,0.062,386539.3,6848.7,2,92,2.58,1.00,1.00,0.8250,6.84,21687.2,1.8189,37.7488,5461,37.1159,86
320000,2,710,6.77,0.16,0.00,0.01,6.60,0.00,1.07,0.000,0.055,358341.6,4089.2,2,54,2.45,1.04,1.07,0.4959,8.19,495.9,4.2655,35.2039,5461,37.1159,85
330000,0,791,7.47,0.04,0.00,0.04,7.39,0.00,1.02,0.000,0.067,393045.0,6401.8,2,79,2.61,1.02,1.03,0.7609,10.97,112224.5,0.0000,38.4994,5462,36.8006,131
330000,1,755,7.74,0.03,0.02,0.04,7.64,0.00,1.01,0.000,0.068,383900.5,6745.4,2,59,2.63,1.00,1.01,0.8134,9.81,20968.6,1.8969,37.6931,5461,36.7939,137
330000,2,709,6.36,0.01,0.00,0.03,6.32,0.00,1.00,0.000,0.052,352529.8,4142.4,2,45,2.39,1.00,1.00,0.5070,13.52,412.5,5.2727,34.6357,5461,36.7939,88
340000,0,770,7.95,0.03,0.02,0.04,7.85,0.00,1.01,0.000,0.070,393411.0,6438.0,2,57,2.67,1.01,1.02,0.7640,11.81,112275.8,0.0000,38.5548,5462,37.0248,177
340000,1,766,8.28,0.04,0.01,0.19,8.04,0.00,1.01,0.000,0.073,384277.9,6247.6,2,83,2.77,1.01,1.02,0.7477,15.75,20147.6,1.3957,37.7442,5461,37.0180,265
340000,2,753,6.29,0.03,0.03,0.01,6.22,0.00,1.01,0.000,0.054,358789.6,4030.2,2,39,2.41,1.00,1.01,0.4821,8.08,373.7,4.2545,35.1634,5461,37.0180,45
350000,0,759,7.50,0.00,0.02,0.00,7.48,0.00,1.00,0.000,0.065,393248.5,6239.3,2,64,2.65,1.00,1.00,0.7384,7.31,111965.8,0.0000,38.4698,5462,37.0804,131
350000,1,698,7.61,0.05,0.00,0.09,7.47,0.00,1.01,0.000,0.060,383758.4,6309.0,2,56,2.62,1.00,1.01,0.7518,12.49,20611.1,1.8126,37.5878,5461,37.0737,240
350000,2,665,6.57,0.07,0.00,0.13,6.37,0.00,1.02,0.000,0.051,361325.5,3611.1,2,41,2.46,1.00,1.03,0.4331,6.27,318.7,3.3743,35.4673,5461,37.0737,124
360000,0,752,7.62,0.06,0.01,0.06,7.49,0.00,1.02,0.000,0.066,393946.6,6488.5,2,65,2.66,1.01,1.02,0.7743,15.55,112343.6,0.0000,38.5120,5462,37.0946,160
360000,1,764,7.31,0.15,0.02,0.10,7.04,0.00,1.03,0.000,0.064,385116.9,6316.6,2,69,2.57,1.00,1.05,0.7566,9.95,20753.7,1.4161,37.6602,5461,37.0878,192
360000,2,731,6.57,0.20,0.00,0.08,6.29,0.00,1.06,0.000,0.055,361586.4,3808.9,2,35,2.42,1.04,1.07,0.4566,10.57,324.2,3.7331,35.3693,5461,37.0878,52
370000,0,765,7.91,0.11,0.15,0.08,7.57,0.00,1.04,0.000,0.069,394580.2,6617.4,2,72,2.72,1.02,1.04,0.7910,10.10,112323.1,0.0000,38.5184,5462,37.0818,195
370000,1,801,7.00,0.09,0.00,0.11,6.80,0.00,1.04,0.000,0.064,385619.0,6855.4,2,65,2.55,1.02,1.03,0.8318,11.87,20996.0,1.9633,37.7071,5461,37.0750,110
370000,2,722,6.40,0.00,0.00,0.16,6.25,0.00,1.00,0.000,0.053,360362.6,3739.9,2,43,2.41,1.00,1.00,0.4462,11.45,255.8,3.6706,35.3372,5461,37.0750,52
380000,0,744,7.91,0.01,0.03,0.04,7.82,0.00,1.01,0.000,0.067,399844.6,7703.2,2,79,2.71,1.00,1.01,0.9327,12.95,112289.1,0.0000,38.9270,5462,37.2324,101
380000,1,766,7.63,0.02,0.01,0.03,7.57,0.00,1.00,0.000,0.067,386991.5,7628.0,2,66,2.61,1.00,1.01,0.9327,8.28,21463.6,2.1652,37.8387,5461,37.2256,122
380000,2,740,6.52,0.16,0.00,0.00,6.36,0.00,1.05,0.000,0.055,359610.6,3862.3,2,56,2.43,1.02,1.06,0.4621,9.78,353.1,4.0290,35.2712,5461,37.2256,52
390000,0,757,7.77,0.09,0.04,0.02,7.62,0.00,1.02,0.000,0.067,394196.4,6523.2,2,77,2.62,1.00,1.03,0.7805,14.55,112158.0,0.0000,38.6171,5462,37.0022,202
390000,1,774,7.46,0.06,0.05,0.01,7.33,0.00,1.01,0.000,0.066,384428.1,6694.8,2,64,2.59,1.00,1.02,0.8102,15.27,20634.8,1.7388,37.7779,5461,36.9955,204
390000,2,758,6.67,0.13,0.00,0.21,6.34,0.00,1.03,0.000,0.058,356931.7,3925.8,2,45,2.43,1.00,1.04,0.4729,8.18,246.1,4.3363,35.0522,5461,36.9955,34
400000,0,783,7.57,0.11,0.07,0.06,7.34,0.00,1.04,0.000,0.068,394572.8,6427.0,2,62,2.58,1.02,1.04,0.7675,11.20,112280.7,0.0000,38.6119,5462,37.1049,161
400000,1,775,7.25,0.09,0.01,0.08,7.07,0.00,1.03,0.000,0.064,386075.9,6565.9,2,71,2.56,1.01,1.03,0.7871,11.46,20871.2,1.7343,37.7671,5461,37.0981,116
400000,2,732,6.36,0.02,0.00,0.07,6.27,0.00,1.01,0.000,0.053,358506.4,3906.9,2,46,2.41,1.01,1.01,0.4721,8.83,336.3,4.1707,35.2132,5461,37.0981,93
410000,0,793,7.53,0.08,0.00,0.03,7.41,0.00,1.02,0.000,0.068,393330.1,6006.6,2,71,2.47,1.00,1.03,0.7096,10.63,112825.3,0.0000,38.5022,5462,37.1186,128
410000,1,755,7.08,0.07,0.01,0.01,6.99,0.00,1.04,0.000,0.061,384764.4,5760.8,2,75,2.50,1.03,1.03,0.6842,10.56,20915.5,1.1567,37.6961,5461,37.1118,102
410000,2,744,6.45,0.00,0.00,0.05,6.40,0.00,1.00,0.000,0.055,360928.0,3676.4,2,46,2.42,1.00,1.00,0.4391,5.76,310.0,3.7019,35.3756,5461,37.1118,27
420000,0,766,7.61,0.15,0.00,0.13,7.33,0.00,1.05,0.000,0.067,395646.3,5454.8,2,71,2.52,1.01,1.06,0.6388,7.15,112881.2,0.0000,38.6747,5462,37.2619,127
420000,1,769,7.25,0.09,0.00,0.11,7.06,0.00,1.03,0.000,0.064,384318.7,5473.6,2,77,2.46,1.01,1.04,0.6498,13.88,20776.0,1.3273,37.7331,5461,37.2551,132
420000,2,746,6.47,0.08,0.00,0.02,6.37,0.00,1.03,0.000,0.055,363146.0,3719.5,2,44,2.38,1.01,1.03,0.4442,6.10,258.4,3.2579,35.6449,5461,37.2551,29
430000,0,761,7.31,0.01,0.01,0.02,7.28,0.00,1.01,0.000,0.063,394063.7,5502.5,2,64,2.51,1.00,1.01,0.6458,7.52,112565.3,0.0000,38.5656,5462,37.1758,83
430000,1,781,7.38,0.06,0.03,0.07,7.22,0.00,1.02,0.000,0.066,385718.9,5615.0,2,90,2.46,1.00,1.02,0.6635,12.54,21027.6,1.3106,37.8645,5461,37.1690,128
430000,2,704,6.31,0.07,0.00,0.01,6.24,0.00,1.02,0.000,0.051,359584.5,3765.1,2,40,2.39,1.00,1.02,0.4498,9.75,388.5,3.9526,35.3467,5461,37.1690,73
440000,0,772,7.47,0.09,0.01,0.07,7.30,0.00,1.03,0.000,0.066,392191.5,5542.0,2,67,2.55,1.00,1.04,0.6496,11.37,112805.4,0.0000,38.4748,5462,37.2543,134
440000,1,781,7.30,0.11,0.00,0.11,7.08,0.00,1.05,0.000,0.065,386182.9,5669.9,2,76,2.52,1.03,1.05,0.6701,11.22,20644.2,1.2554,37.8799,5461,37.2475,151
440000,2,748,6.38,0.02,0.00,0.09,6.27,0.00,1.01,0.000,0.055,364311.3,3753.5,2,49,2.41,1.00,1.01,0.4441,6.02,226.5,3.1692,35.6916,5461,37.2475,31
450000,0,776,7.78,0.07,0.02,0.08,7.61,0.00,1.02,0.000,0.069,394445.7,5542.4,2,70,2.48,1.01,1.03,0.6475,8.49,112632.5,0.0000,38.6602,5462,37.3564,135
450000,1,771,7.54,0.04,0.02,0.08,7.41,0.00,1.01,0.000,0.066,385709.8,5706.0,2,69,2.45,1.00,1.02,0.6761,6.00,20874.9,1.3478,37.9108,5461,37.3495,133
450000,2,759,6.50,0.09,0.00,0.07,6.34,0.00,1.02,0.000,0.057,364255.9,3698.6,2,48,2.40,1.00,1.03,0.4388,7.34,269.1,2.9961,35.7418,5461,37.3495,31
460000,0,783,7.77,0.08,0.00,0.09,7.59,0.00,1.03,0.000,0.069,395215.0,5556.9,2,73,2.48,1.01,1.04,0.6517,6.85,112933.4,0.0000,38.7493,5462,37.2983,76
460000,1,756,7.30,0.03,0.00,0.05,7.22,0.00,1.01,0.000,0.063,384834.4,5566.2,2,88,2.46,1.00,1.01,0.6570,6.01,21012.4,1.5507,37.7901,5461,37.2915,97
460000,2,777,6.62,0.08,0.02,0.03,6.50,0.00,1.02,0.000,0.059,362341.8,3817.6,2,54,2.40,1.00,1.03,0.4556,4.82,354.6,3.3914,35.5592,5461,37.2915,40
470000,0,766,7.44,0.08,0.04,0.01,7.31,0.00,1.03,0.000,0.065,394754.2,5277.2,2,67,2.51,1.01,1.03,0.6154,9.25,113351.5,0.0000,38.6576,5462,37.3763,90
470000,1,754,7.25,0.01,0.02,0.11,7.11,0.00,1.00,0.000,0.063,384929.1,5366.5,2,70,2.50,1.00,1.00,0.6314,9.47,20734.1,1.3735,37.7586,5461,37.3695,134
470000,2,750,6.14,0.03,0.00,0.02,6.09,0.00,1.02,0.000,0.053,366534.7,3677.0,2,37,2.36,1.01,1.02,0.4357,9.12,177.9,2.6512,35.9512,5461,37.3695,17
480000,0,780,7.42,0.02,0.03,0.05,7.32,0.00,1.01,0.000,0.066,392848.4,5441.0,2,75,2.57,1.00,1.01,0.6363,6.87,113072.8,0.0000,38.4249,5462,37.1692,86
480000,1,772,7.37,0.10,0.00,0.03,7.24,0.00,1.03,0.000,0.065,385310.0,5633.5,2,74,2.51,1.00,1.04,0.6637,10.20,20846.0,1.5340,37.7873,5461,37.1624,151
480000,2,779,6.25,0.05,0.00,0.04,6.16,0.00,1.02,0.000,0.056,362383.7,3675.2,2,43,2.37,1.00,1.02,0.4360,8.36,220.1,3.3890,35.5548,5461,37.1624,31
490000,0,757,7.36,0.00,0.00,0.01,7.35,0.00,1.00,0.000,0.064,393643.5,5653.1,2,63,2.45,1.00,1.00,0.6642,7.46,112636.5,0.0000,38.5660,5462,37.2030,81
490000,1,768,7.27,0.03,0.00,0.05,7.19,0.00,1.02,0.000,0.064,385585.0,5618.0,2,76,2.45,1.01,1.01,0.6670,8.35,21098.8,1.5780,37.8140,5461,37.1962,136
490000,2,721,6.59,0.07,0.00,0.14,6.39,0.00,1.02,0.000,0.055,361528.2,3650.5,2,48,2.41,1.01,1.03,0.4350,5.00,267.0,3.4752,35.5028,5461,37.1962,56
500000,0,770,7.48,0.05,0.06,0.05,7.31,0.00,1.02,0.000,0.066,393581.9,5375.7,2,76,2.49,1.01,1.03,0.6291,7.72,111623.4,0.0000,38.5824,5462,36.9832,82
500000,1,766,7.38,0.04,0.00,0.02,7.33,0.00,1.01,0.000,0.065,384772.5,5431.0,2,76,2.49,1.00,1.02,0.6379,8.22,21908.4,1.3788,37.7514,5461,36.9764,88
500000,2,745,6.81,0.03,0.01,0.18,6.59,0.00,1.02,0.000,0.058,354512.9,3868.4,2,56,2.40,1.01,1.02,0.4656,5.75,497.9,4.9990,34.8637,5461,36.9764,100
510000,0,784,7.53,0.02,0.05,0.12,7.34,0.00,1.01,0.000,0.068,393816.1,5413.6,2,76,2.50,1.00,1.01,0.6322,9.04,112374.4,0.0000,38.6113,5462,37.2125,95
510000,1,758,7.40,0.03,0.02,0.18,7.18,0.00,1.01,0.000,0.064,386894.6,5376.8,2,80,2.51,1.01,1.01,0.6330,8.41,21246.3,0.9744,37.9799,5461,37.2057,109
510000,2,737,6.55,0.00,0.00,0.01,6.53,0.00,1.00,0.000,0.055,359728.3,3849.3,2,54,2.43,1.00,1.00,0.4599,8.03,338.6,4.1001,35.2998,5461,37.2057,76
520000,0,764,7.58,0.08,0.01,0.03,7.45,0.00,1.03,0.000,0.066,392439.1,5349.2,2,64,2.52,1.00,1.04,0.6242,10.10,112676.3,0.0000,38.4722,5462,37.1630,103
520000,1,770,7.38,0.05,0.00,0.06,7.27,0.00,1.02,0.000,0.066,384779.6,5322.8,2,81,2.50,1.01,1.03,0.6241,10.44,21091.5,1.2945,37.7382,5461,37.1562,129
520000,2,757,6.43,0.02,0.02,0.04,6.36,0.00,1.01,0.000,0.055,362038.6,3660.4,2,59,2.39,1.01,1.01,0.4338,4.57,246.7,3.4250,35.5078,5461,37.1562,28
530000,0,790,7.35,0.06,0.01,0.07,7.21,0.00,1.04,0.000,0.067,392588.7,5076.1,2,67,2.52,1.03,1.03,0.5879,7.82,112808.9,0.0000,38.4945,5462,37.1726,100
530000,1,764,7.18,0.09,0.00,0.07,7.02,0.00,1.02,0.000,0.063,384608.2,5167.8,2,88,2.48,1.01,1.03,0.6058,6.90,20905.8,1.1827,37.7218,5461,37.1658,94
530000,2,754,6.61,0.15,0.00,0.07,6.39,0.00,1.04,0.000,0.057,361703.9,3647.5,2,64,2.39,1.00,1.05,0.4340,6.79,318.8,3.5280,35.5244,5461,37.1658,66
540000,0,770,7.20,0.02,0.00,0.06,7.11,0.00,1.01,0.000,0.064,393042.1,5113.7,2,68,2.47,1.01,1.01,0.5953,12.13,113112.9,0.0000,38.4947,5462,37.2611,103
540000,1,763,7.15,0.06,0.00,0.00,7.09,0.00,1.02,0.000,0.062,384800.4,5308.4,2,91,2.47,1.00,1.02,0.6220,12.32,20915.2,1.1470,37.8060,5461,37.2542,117
540000,2,766,6.19,0.00,0.00,0.01,6.18,0.00,1.00,0.000,0.054,363936.2,3636.1,2,49,2.34,1.00,1.00,0.4333,9.06,224.6,3.0778,35.6898,5461,37.2542,23
550000,0,762,7.40,0.09,0.02,0.04,7.25,0.00,1.02,0.000,0.064,392348.8,5113.0,2,68,2.44,1.00,1.03,0.5941,12.81,113098.1,0.0000,38.4955,5462,37.3437,115
550000,1,776,7.06,0.08,0.00,0.05,6.93,0.00,1.03,0.000,0.063,385861.4,5199.4,2,83,2.44,1.02,1.03,0.6098,11.33,20800.0,1.0664,37.8421,5461,37.3368,103
550000,2,754,6.38,0.02,0.00,0.11,6.25,0.00,1.01,0.000,0.055,366024.9,3515.5,2,40,2.41,1.00,1.01,0.4160,10.20,266.1,2.6282,35.9252,5461,37.3368,30
560000,0,765,7.08,0.02,0.00,0.06,7.01,0.00,1.01,0.000,0.062,393392.6,5148.0,2,81,2.46,1.00,1.01,0.5965,11.00,113093.7,0.0000,38.5249,5462,37.2780,104
560000,1,760,7.17,0.09,0.01,0.02,7.04,0.00,1.03,0.000,0.062,385012.1,5112.5,2,81,2.47,1.01,1.04,0.5981,8.27,20803.3,1.1922,37.8174,5461,37.2711,126
560000,2,753,6.55,0.17,0.00,0.07,6.32,0.00,1.04,0.000,0.057,363878.8,3548.3,2,62,2.37,1.01,1.06,0.4199,4.52,274.0,3.0190,35.7114,5461,37.2711,25
570000,0,761,7.07,0.03,0.00,0.02,7.02,0.00,1.01,0.000,0.062,392628.8,5122.8,2,73,2.52,1.00,1.01,0.5972,8.34,112693.8,0.0000,38.4007,5462,37.0732,78
570000,1,766,6.96,0.01,0.00,0.00,6.95,0.00,1.00,0.000,0.061,384087.2,5189.6,2,71,2.42,1.00,1.00,0.6084,10.47,21211.2,1.5156,37.6940,5461,37.0664,111
570000,2,724,6.44,0.01,0.00,0.02,6.42,0.00,1.01,0.000,0.053,360057.1,3707.2,2,80,2.37,1.00,1.01,0.4429,9.64,320.6,3.8427,35.3511,5461,37.0664,64
580000,0,785,7.41,0.09,0.01,0.06,7.24,0.00,1.03,0.000,0.067,392595.8,5229.9,2,57,2.46,1.00,1.05,0.6102,4.95,113209.7,0.0000,38.4778,5462,37.2626,105
580000,1,776,7.31,0.05,0.00,0.08,7.18,0.00,1.01,0.000,0.065,383729.5,5314.1,2,78,2.46,1.00,1.02,0.6242,5.36,20800.6,1.3500,37.6778,5461,37.2557,115
580000,2,752,6.32,0.03,0.00,0.12,6.16,0.00,1.01,0.000,0.054,365862.8,3722.1,2,49,2.38,1.00,1.01,0.4407,6.32,230.7,2.7577,35.8659,5461,37.2557,23
590000,0,765,7.26,0.03,0.00,0.01,7.23,0.00,1.01,0.000,0.064,393622.6,5176.7,2,69,2.43,1.01,1.01,0.6011,8.46,113312.8,0.0000,38.5864,5462,37.3216,109
590000,1,772,6.92,0.02,0.00,0.02,6.88,0.00,1.01,0.000,0.061,386851.2,4997.8,2,93,2.39,1.01,1.01,0.5846,9.66,20695.1,1.1117,37.9641,5461,37.3148,106
590000,2,741,6.30,0.05,0.00,0.03,6.22,0.00,1.02,0.000,0.053,362855.4,3688.0,2,43,2.39,1.02,1.03,0.4389,4.80,283.9,3.2751,35.6327,5461,37.3148,30
600000,0,786,7.31,0.09,0.01,0.05,7.15,0.00,1.02,0.000,0.066,392713.5,5033.9,2,59,2.45,1.00,1.04,0.5871,10.25,113258.8,0.0000,38.4465,5462,37.0893,101
600000,1,767,6.96,0.06,0.00,0.05,6.85,0.00,1.01,0.000,0.061,385309.1,5085.9,2,77,2.45,1.00,1.02,0.5958,9.43,20529.4,1.0741,37.7560,5461,37.0825,128
600000,2,735,6.57,0.10,0.01,0.04,6.41,0.00,1.03,0.000,0.055,359633.5,3824.7,2,39,2.42,1.01,1.03,0.4562,7.68,291.3,3.9206,35.3166,5461,37.0825,34
610000,0,800,7.22,0.03,0.00,0.10,7.09,0.00,1.01,0.000,0.066,392600.4,5273.8,2,87,2.51,1.00,1.02,0.6155,8.35,112853.6,0.0000,38.5001,5462,37.2853,131
610000,1,783,7.10,0.09,0.01,0.01,6.98,0.00,1.03,0.000,0.064,385474.0,5275.1,2,73,2.43,1.01,1.04,0.6185,6.72,20804.2,1.3743,37.8137,5461,37.2784,118
610000,2,753,6.28,0.05,0.00,0.03,6.20,0.00,1.03,0.000,0.054,364723.5,3572.7,2,42,2.38,1.02,1.03,0.4223,6.22,264.4,2.8339,35.7880,5461,37.2784,35
620000,0,757,7.10,0.04,0.00,0.07,6.99,0.00,1.01,0.000,0.061,392982.1,5096.3,2,66,2.54,1.00,1.02,0.5927,6.21,113436.8,0.0000,38.3953,5462,37.1141,73
620000,1,790,7.16,0.10,0.00,0.17,6.89,0.00,1.03,0.000,0.065,385583.8,5106.8,2,71,2.50,1.00,1.04,0.5951,4.84,20679.5,1.2242,37.7839,5461,37.1073,90
620000,2,705,6.37,0.01,0.00,0.07,6.29,0.00,1.01,0.000,0.051,359574.6,3790.2,2,55,2.39,1.01,1.01,0.4516,7.60,306.1,3.9193,35.3392,5461,37.1073,57
630000,0,789,7.51,0.05,0.08,0.04,7.34,0.00,1.02,0.000,0.068,393061.5,5380.6,2,65,2.44,1.01,1.02,0.6302,10.49,112707.7,0.0000,38.5115,5462,37.2249,97
630000,1,766,7.30,0.02,0.00,0.10,7.18,0.00,1.01,0.000,0.064,386855.6,5383.6,2,102,2.51,1.00,1.01,0.6321,14.02,21030.5,0.9053,37.8945,5461,37.2181,118
630000,2,738,6.42,0.11,0.00,0.01,6.30,0.00,1.03,0.000,0.054,362216.4,3730.6,2,56,2.41,1.00,1.03,0.4436,5.95,437.1,3.5018,35.5342,5461,37.2181,45
640000,0,770,7.35,0.11,0.03,0.06,7.14,0.00,1.03,0.000,0.065,392643.1,5054.5,2,62,2.47,1.01,1.04,0.5860,8.04,112994.2,0.0000,38.4388,5462,37.2915,89
640000,1,785,7.10,0.08,0.02,0.10,6.91,0.00,1.03,0.000,0.064,384718.5,5181.3,2,89,2.53,1.01,1.03,0.6059,11.48,20763.1,1.0409,37.7821,5461,37.2847,149
640000,2,750,6.34,0.03,0.00,0.02,6.29,0.00,1.01,0.000,0.054,365957.0,3656.7,2,58,2.40,1.01,1.01,0.4337,4.53,227.9,2.5797,35.8954,5461,37.2847,45
650000,0,751,7.44,0.07,0.04,0.05,7.29,0.00,1.02,0.000,0.064,392838.8,5195.1,2,79,2.50,1.00,1.03,0.6055,8.55,112957.3,0.0000,38.4896,5462,37.1486,110
650000,1,769,7.27,0.14,0.01,0.04,7.09,0.00,1.04,0.000,0.064,384180.3,5243.7,2,78,2.49,1.01,1.05,0.6153,7.83,21049.5,1.3751,37.6468,5461,37.1418,105
650000,2,752,6.39,0.04,0.00,0.05,6.30,0.00,1.01,0.000,0.055,362022.8,3830.2,2,47,2.42,1.01,1.01,0.4558,4.23,250.8,3.4040,35.5178,5461,37.1418,25
660000,0,786,7.32,0.17,0.00,0.13,7.02,0.00,1.05,0.000,0.066,392156.3,5205.4,2,83,2.51,1.01,1.06,0.6020,4.20,112912.6,0.0000,38.4243,5462,37.1973,90
660000,1,765,7.22,0.10,0.00,0.01,7.11,0.00,1.03,0.000,0.063,385329.1,5181.1,2,73,2.49,1.01,1.04,0.6037,8.11,20656.9,1.0474,37.8064,5461,37.1905,131
660000,2,705,6.24,0.00,0.00,0.00,6.24,0.00,1.00,0.000,0.051,362610.7,3760.5,2,56,2.39,1.00,1.00,0.4460,8.18,307.4,3.1944,35.6219,5461,37.1905,85
670000,0,762,7.31,0.14,0.00,0.03,7.15,0.00,1.05,0.000,0.064,393618.3,5112.6,2,65,2.44,1.01,1.05,0.5949,7.92,112833.6,0.0000,38.6090,5462,37.1805,79
670000,1,789,7.25,0.05,0.01,0.12,7.07,0.00,1.02,0.000,0.065,386404.6,5067.1,2,70,2.48,1.00,1.02,0.5916,10.38,21293.7,0.8891,37.8455,5461,37.1737,82
670000,2,753,6.53,0.04,0.00,0.15,6.34,0.00,1.01,0.000,0.056,359396.6,3889.1,2,62,2.42,1.01,1.02,0.4641,4.73,351.5,4.1753,35.2561,5461,37.1737,44
680000,0,789,7.24,0.05,0.00,0.09,7.11,0.00,1.01,0.000,0.065,393509.6,5245.3,2,66,2.42,1.00,1.02,0.6097,8.64,112890.0,0.0000,38.6117,5462,37.3377,94
680000,1,796,6.98,0.04,0.00,0.03,6.91,0.00,1.02,0.000,0.064,385510.5,5084.5,2,84,2.47,1.01,1.02,0.5948,8.02,20700.0,0.9198,37.8575,5461,37.3309,94
680000,2,710,6.38,0.06,0.00,0.05,6.27,0.00,1.02,0.000,0.052,364802.8,3677.3,2,54,2.41,1.01,1.03,0.4388,8.47,424.8,2.8632,35.8183,5461,37.3309,103
690000,0,777,7.61,0.05,0.03,0.12,7.40,0.00,1.02,0.000,0.068,393271.8,5144.2,2,76,2.52,1.01,1.02,0.5966,8.27,113178.9,0.0000,38.5643,5462,37.3247,99
690000,1,773,7.21,0.06,0.00,0.02,7.13,0.00,1.02,0.000,0.064,386035.1,5148.1,2,94,2.49,1.00,1.03,0.5998,4.39,20922.3,1.0710,37.8618,5461,37.3178,89
690000,2,759,6.48,0.03,0.00,0.04,6.40,0.00,1.01,0.000,0.056,364825.2,3810.5,2,47,2.40,1.00,1.01,0.4513,4.97,283.4,3.1379,35.7348,5461,37.3178,30
700000,0,758,7.54,0.08,0.01,0.12,7.32,0.00,1.02,0.000,0.065,391788.1,5061.8,2,79,2.52,1.00,1.03,0.5890,6.51,112984.8,0.0000,38.3672,5462,37.2257,109
700000,1,802,7.14,0.07,0.01,0.03,7.03,0.00,1.02,0.000,0.066,384692.7,5247.6,2,80,2.47,1.01,1.03,0.6164,6.90,20680.2,1.2061,37.7728,5461,37.2189,105
700000,2,738,6.52,0.10,0.00,0.17,6.25,0.00,1.03,0.000,0.055,364771.8,3691.1,2,45,2.43,1.00,1.04,0.4381,8.51,324.4,2.8807,35.8053,5461,37.2189,64
710000,0,771,7.40,0.08,0.00,0.09,7.23,0.00,1.02,0.000,0.066,392250.6,5045.3,2,70,2.51,1.00,1.03,0.5855,8.93,113547.5,0.0000,38.3886,5462,37.1736,108
710000,1,772,7.12,0.04,0.03,0.09,6.96,0.00,1.01,0.000,0.063,384584.9,5132.7,2,76,2.49,1.00,1.01,0.6000,8.68,20682.0,1.0977,37.7207,5461,37.1668,87
710000,2,767,6.30,0.02,0.00,0.06,6.22,0.00,1.01,0.000,0.055,363031.8,3670.0,2,42,2.40,1.01,1.01,0.4357,8.03,216.7,3.3427,35.5875,5461,37.1668,19
720000,0,774,7.36,0.07,0.05,0.03,7.21,0.00,1.02,0.000,0.065,391032.6,5098.7,2,61,2.56,1.00,1.03,0.5952,8.18,112781.6,0.0000,38.3156,5462,37.1982,94
720000,1,779,7.27,0.05,0.01,0.02,7.19,0.00,1.02,0.000,0.065,385166.5,5367.0,2,84,2.50,1.01,1.02,0.6280,10.02,21142.5,1.1012,37.8130,5461,37.1914,125
720000,2,755,6.52,0.05,0.00,0.05,6.42,0.00,1.01,0.000,0.056,363900.1,3883.2,2,45,2.43,1.00,1.02,0.4619,4.41,316.4,3.0904,35.7226,5461,37.1914,28
730000,0,732,7.46,0.02,0.01,0.07,7.36,0.00,1.01,0.000,0.062,390285.9,5154.9,2,65,2.61,1.00,1.01,0.5972,7.07,112739.7,0.0000,38.2256,5462,36.8691,100
730000,1,778,7.60,0.04,0.06,0.13,7.36,0.00,1.01,0.000,0.068,383632.7,5250.1,2,79,2.59,1.00,1.01,0.6162,12.91,20778.1,1.0954,37.6249,5461,36.8624,135
730000,2,716,6.58,0.02,0.01,0.12,6.43,0.00,1.00,0.000,0.053,356333.4,3799.2,2,55,2.40,1.00,1.00,0.4550,8.83,318.6,4.4939,35.0305,5461,36.8624,86
740000,0,770,7.45,0.01,0.02,0.04,7.38,0.00,1.00,0.000,0.066,387138.9,5226.1,2,79,2.58,1.00,1.00,0.6076,9.88,113325.2,0.0000,37.9883,5462,36.9860,136
740000,1,777,7.02,0.07,0.01,0.16,6.78,0.00,1.02,0.000,0.062,383841.2,5148.5,2,70,2.51,1.01,1.03,0.6015,13.08,20250.0,0.8275,37.6659,5461,36.9792,128
740000,2,762,6.56,0.07,0.02,0.09,6.38,0.00,1.02,0.000,0.057,362324.2,3780.8,2,47,2.40,1.01,1.03,0.4499,5.32,313.3,3.2860,35.5282,5461,36.9792,32
750000,0,771,7.51,0.05,0.05,0.09,7.32,0.00,1.02,0.000,0.066,388722.5,5174.8,2,83,2.57,1.01,1.03,0.5991,7.27,113767.9,0.0000,38.0500,5462,37.1524,75
750000,1,768,7.29,0.11,0.00,0.09,7.10,0.00,1.03,0.000,0.065,384276.7,5111.7,2,64,2.54,1.00,1.03,0.5948,6.90,20602.8,0.9065,37.6749,5461,37.1456,102
750000,2,755,6.19,0.03,0.00,0.01,6.14,0.00,1.01,0.000,0.054,365930.3,3711.9,2,54,2.37,1.00,1.01,0.4405,5.32,210.7,2.5151,35.8845,5461,37.1456,17
760000,0,769,7.32,0.00,0.04,0.02,7.25,0.00,1.00,0.000,0.064,388801.5,5162.1,2,73,2.57,1.00,1.00,0.5981,10.81,113593.7,0.0000,38.1191,5462,37.1541,93
760000,1,757,7.32,0.09,0.03,0.07,7.13,0.00,1.03,0.000,0.064,383602.6,5105.1,2,64,2.58,1.01,1.04,0.5949,7.71,20376.4,0.8079,37.6642,5461,37.1473,146
760000,2,756,6.50,0.08,0.02,0.10,6.29,0.00,1.02,0.000,0.056,366391.6,3568.6,2,53,2.43,1.01,1.03,0.4232,6.25,271.5,2.4130,35.9315,5461,37.1473,25
770000,0,756,7.38,0.10,0.01,0.01,7.26,0.00,1.03,0.000,0.063,388905.7,5210.6,2,85,2.59,1.03,1.03,0.6051,9.33,113419.0,0.0000,38.0879,5462,37.0450,96
770000,1,780,7.16,0.03,0.00,0.09,7.03,0.00,1.00,0.000,0.064,383835.0,5216.5,2,74,2.53,1.00,1.01,0.6121,8.12,20878.3,1.0809,37.6154,5461,37.0382,95
770000,2,757,6.40,0.07,0.00,0.09,6.24,0.00,1.02,0.000,0.056,363236.1,3707.6,2,64,2.40,1.01,1.03,0.4422,6.65,219.0,3.0957,35.6363,5461,37.0382,26
780000,0,757,7.08,0.09,0.00,0.02,6.98,0.00,1.03,0.000,0.061,388458.4,5068.2,2,68,2.55,1.02,1.04,0.5881,9.76,113128.4,0.0000,38.0838,5462,36.8201,104
780000,1,775,7.02,0.02,0.01,0.03,6.96,0.00,1.01,0.000,0.062,381832.8,5182.8,2,77,2.53,1.01,1.01,0.6077,6.42,20911.5,1.1566,37.4687,5461,36.8134,107
780000,2,747,6.44,0.00,0.00,0.03,6.41,0.00,1.00,0.000,0.055,358056.9,3857.0,2,60,2.39,1.00,1.00,0.4622,7.64,243.5,4.0768,35.1648,5461,36.8134,34
790000,0,767,7.35,0.06,0.01,0.03,7.24,0.00,1.02,0.000,0.065,388805.5,5155.5,2,76,2.58,1.00,1.02,0.5994,10.31,113201.8,0.0000,38.1234,5462,36.9896,116
790000,1,760,7.05,0.00,0.00,0.12,6.92,0.00,1.00,0.000,0.061,382658.7,5134.0,2,70,2.52,1.00,1.00,0.5990,7.57,20812.2,1.2179,37.5378,5461,36.9828,90
790000,2,747,6.29,0.04,0.00,0.05,6.21,0.00,1.01,0.000,0.054,362470.0,3631.3,2,52,2.38,1.00,1.02,0.4354,8.32,251.8,3.2107,35.5368,5461,36.9828,41
800000,0,765,7.38,0.05,0.02,0.06,7.24,0.00,1.01,0.001,0.065,389817.4,5091.2,2,64,2.50,1.00,1.02,0.5905,6.29,113207.9,0.0000,38.1760,5462,37.0888,81
800000,1,781,7.07,0.06,0.01,0.08,6.93,0.00,1.02,0.000,0.063,382849.5,5101.0,2,86,2.54,1.01,1.02,0.5995,7.26,20910.0,1.2256,37.5363,5461,37.0820,95
800000,2,762,6.36,0.02,0.00,0.07,6.27,0.00,1.01,0.000,0.055,364752.2,3644.3,2,45,2.42,1.00,1.01,0.4309,7.56,315.4,2.7761,35.7608,5461,37.0820,41
810000,0,759,7.38,0.03,0.01,0.05,7.29,0.00,1.01,0.000,0.064,390275.7,4957.3,2,61,2.59,1.01,1.01,0.5747,8.10,112801.8,0.0000,38.2287,5462,37.1078,101
810000,1,730,7.46,0.10,0.12,0.05,7.18,0.00,1.02,0.001,0.062,384017.3,5132.2,2,83,2.60,1.01,1.02,0.5991,12.09,20653.9,0.8644,37.6910,5461,37.1010,166
810000,2,771,6.60,0.16,0.00,0.09,6.35,0.00,1.04,0.000,0.058,363584.3,3712.9,2,46,2.47,1.01,1.06,0.4418,7.34,316.6,3.0342,35.6904,5461,37.1010,75
820000,0,779,7.42,0.12,0.01,0.06,7.24,0.00,1.03,0.000,0.066,389897.8,4999.3,2,75,2.55,1.00,1.04,0.5794,6.75,113131.3,0.0000,38.1729,5462,37.1160,98
820000,1,764,7.07,0.13,0.00,0.05,6.89,0.00,1.03,0.000,0.062,383028.3,5168.4,2,64,2.57,1.01,1.05,0.6036,7.35,20778.2,1.1227,37.5425,5461,37.1092,125
820000,2,765,6.33,0.06,0.00,0.00,6.26,0.00,1.02,0.000,0.055,365607.8,3673.4,2,55,2.37,1.00,1.02,0.4343,5.38,255.7,2.6690,35.8136,5461,37.1092,17
830000,0,774,7.50,0.01,0.05,0.05,7.39,0.00,1.00,0.000,0.066,389892.2,5080.5,2,61,2.61,1.00,1.01,0.5887,6.58,112951.5,0.0000,38.1614,5462,36.9028,86
830000,1,778,6.99,0.07,0.03,0.07,6.81,0.00,1.02,0.000,0.062,384635.7,5047.6,2,76,2.53,1.01,1.02,0.5899,8.96,20974.1,0.7830,37.6606,5461,36.8961,105
830000,2,723,6.44,0.01,0.02,0.00,6.41,0.00,1.00,0.000,0.053,356893.8,3816.6,2,58,2.40,1.00,1.00,0.4578,10.26,344.2,4.3423,35.1033,5461,36.8961,51
840000,0,778,7.58,0.15,0.05,0.01,7.37,0.00,1.05,0.000,0.068,389103.6,5002.2,2,60,2.55,1.03,1.06,0.5805,5.84,113105.6,0.0000,38.0880,5462,36.9395,92
840000,1,755,7.30,0.01,0.01,0.05,7.23,0.00,1.00,0.000,0.063,382719.0,5047.1,2,88,2.52,1.00,1.01,0.5891,7.35,20933.3,1.2119,37.4996,5461,36.9327,101
840000,2,763,6.49,0.01,0.01,0.09,6.38,0.00,1.00,0.000,0.057,361593.8,3649.3,2,38,2.44,1.00,1.01,0.4314,8.12,271.6,3.4424,35.4444,5461,36.9327,35
850000,0,779,7.22,0.02,0.00,0.02,7.18,0.00,1.01,0.000,0.064,389791.3,4863.2,2,75,2.53,1.00,1.01,0.5607,7.81,112930.0,0.0000,38.1384,5462,36.9377,95
850000,1,742,7.26,0.09,0.01,0.10,7.06,0.00,1.02,0.000,0.062,382306.6,4943.0,2,95,2.56,1.00,1.03,0.5754,6.47,20988.3,1.2767,37.4932,5461,36.9309,128
850000,2,746,6.58,0.09,0.00,0.08,6.41,0.00,1.02,0.000,0.056,360788.3,3791.4,2,45,2.45,1.00,1.03,0.4524,7.42,243.4,3.5561,35.4111,5461,36.9309,39
860000,0,753,7.79,0.02,0.08,0.11,7.58,0.00,1.00,0.000,0.067,388909.2,4949.2,2,65,2.69,1.00,1.01,0.5723,9.63,113173.2,0.0000,38.0756,5462,36.9968,107
860000,1,740,7.05,0.07,0.00,0.06,6.91,0.00,1.02,0.000,0.060,382619.0,5154.2,2,82,2.50,1.00,1.03,0.6036,8.78,20861.7,1.2191,37.4848,5461,36.9901,104
860000,2,770,6.63,0.10,0.01,0.19,6.34,0.00,1.03,0.000,0.058,363075.7,3653.2,2,53,2.42,1.00,1.04,0.4334,6.25,253.6,2.9527,35.6369,5461,36.9901,47
870000,0,776,7.37,0.09,0.00,0.12,7.16,0.00,1.03,0.000,0.065,389683.7,5008.1,2,79,2.58,1.01,1.03,0.5799,11.51,113467.2,0.0000,38.1135,5462,37.0020,82
870000,1,787,7.25,0.19,0.03,0.10,6.94,0.00,1.05,0.000,0.065,383313.1,5244.4,2,89,2.58,1.00,1.07,0.6119,9.27,20775.1,1.0079,37.5371,5461,36.9952,81
870000,2,742,6.27,0.03,0.00,0.00,6.24,0.00,1.01,0.000,0.054,362764.8,3682.4,2,54,2.37,1.00,1.01,0.4397,4.71,278.3,3.1415,35.5568,5461,36.9952,30
880000,0,777,7.06,0.02,0.04,0.05,6.96,0.00,1.01,0.000,0.063,389732.8,5011.8,2,89,2.52,1.00,1.01,0.5778,7.66,113373.5,0.0000,38.1243,5462,36.8606,82
880000,1,759,6.91,0.02,0.04,0.11,6.74,0.00,1.00,0.000,0.060,383188.8,5102.5,2,66,2.50,1.00,1.01,0.5950,8.12,20623.9,0.9882,37.5622,5461,36.8538,109
880000,2,760,6.48,0.02,0.02,0.03,6.41,0.00,1.01,0.000,0.056,357722.9,3853.2,2,61,2.43,1.00,1.01,0.4605,7.15,364.4,4.0627,35.1339,5461,36.8538,53
890000,0,754,7.10,0.01,0.00,0.10,6.99,0.00,1.00,0.000,0.061,389290.8,5026.4,2,74,2.62,1.00,1.00,0.5787,7.39,113400.3,0.0000,38.0676,5462,36.9577,75
890000,1,731,7.11,0.11,0.05,0.09,6.85,0.00,1.03,0.000,0.060,383129.1,5115.6,2,72,2.54,1.00,1.04,0.5973,9.38,20845.0,1.2053,37.5081,5461,36.9510,93
890000,2,764,6.34,0.02,0.01,0.04,6.27,0.00,1.01,0.000,0.055,361906.9,3762.7,2,57,2.38,1.02,1.02,0.4454,4.49,213.4,3.4070,35.5050,5461,36.9510,38
900000,0,771,6.93,0.03,0.01,0.05,6.83,0.00,1.01,0.000,0.061,389067.5,5065.7,2,71,2.50,1.00,1.01,0.5863,9.26,113203.9,0.0000,38.0825,5462,36.9042,100
900000,1,765,6.98,0.01,0.04,0.04,6.89,0.00,1.00,0.000,0.061,380855.8,5186.3,2,78,2.52,1.00,1.01,0.6067,10.31,20952.7,1.4054,37.3033,5461,36.8974,108
900000,2,736,6.37,0.00,0.00,0.07,6.29,0.00,1.00,0.000,0.054,362480.2,3696.6,2,52,2.44,1.00,1.00,0.4419,5.87,233.7,3.2341,35.5594,5461,36.8974,42
910000,0,785,7.20,0.00,0.05,0.06,7.08,0.00,1.00,0.000,0.064,388994.7,5104.5,2,75,2.63,1.00,1.00,0.5906,11.80,112858.8,0.0000,38.0538,5462,36.8364,156
910000,1,757,6.88,0.01,0.07,0.05,6.75,0.00,1.00,0.000,0.060,380988.3,5138.6,2,58,2.51,1.00,1.00,0.5996,5.26,20616.1,1.3328,37.3280,5461,36.8297,110
910000,2,749,6.22,0.00,0.00,0.03,6.19,0.00,1.00,0.000,0.053,360764.2,3628.5,2,54,2.39,1.00,1.00,0.4332,7.01,350.4,3.5287,35.4066,5461,36.8297,42
920000,0,758,7.32,0.02,0.07,0.05,7.18,0.00,1.00,0.000,0.063,387943.8,4876.6,2,75,2.61,1.00,1.00,0.5611,8.65,113477.7,0.0000,37.8548,5462,36.9183,96
920000,1,761,6.79,0.02,0.02,0.07,6.69,0.00,1.01,0.000,0.059,381371.9,5113.2,2,80,2.57,1.00,1.01,0.5952,7.88,20557.2,1.1540,37.3785,5461,36.9115,106
920000,2,763,6.30,0.02,0.00,0.04,6.24,0.00,1.01,0.000,0.055,363770.1,3480.0,2,50,2.39,1.00,1.01,0.4128,8.81,232.9,2.9180,35.6856,5461,36.9115,39
930000,0,778,7.03,0.02,0.06,0.00,6.94,0.00,1.01,0.000,0.063,388516.1,4917.9,2,64,2.55,1.01,1.01,0.5685,4.64,113673.6,0.0000,37.9290,5462,36.9362,78
930000,1,770,6.96,0.02,0.03,0.03,6.88,0.00,1.01,0.000,0.061,382311.1,5102.0,2,91,2.50,1.00,1.01,0.5938,4.49,20557.2,1.1137,37.4374,5461,36.9294,99
930000,2,735,6.43,0.06,0.00,0.13,6.24,0.00,1.01,0.000,0.054,363385.8,3594.7,2,50,2.42,1.00,1.02,0.4252,4.39,247.7,2.9064,35.6343,5461,36.9294,36
940000,0,763,7.31,0.02,0.04,0.10,7.14,0.00,1.01,0.000,0.064,389093.9,4962.7,2,68,2.57,1.01,1.01,0.5721,4.48,113801.9,0.0000,38.0376,5462,37.0252,82
940000,1,779,7.05,0.08,0.03,0.08,6.86,0.00,1.03,0.000,0.063,382519.0,4971.0,2,87,2.58,1.01,1.04,0.5794,6.76,20545.6,0.9882,37.4652,5461,37.0184,96
940000,2,752,6.21,0.04,0.00,0.04,6.14,0.00,1.01,0.000,0.054,364874.2,3611.1,2,52,2.37,1.00,1.01,0.4284,8.20,197.8,2.7770,35.7769,5461,37.0184,21
950000,0,771,6.97,0.01,0.04,0.06,6.87,0.00,1.01,0.000,0.062,389027.5,4902.1,2,55,2.53,1.00,1.01,0.5665,5.41,113346.4,0.0000,38.0394,5462,36.9073,87
950000,1,787,7.11,0.12,0.01,0.05,6.93,0.00,1.04,0.000,0.064,380922.3,5026.2,2,75,2.53,1.02,1.05,0.5867,6.76,20643.4,1.1633,37.3603,5461,36.9006,102
950000,2,768,6.31,0.03,0.00,0.02,6.26,0.00,1.01,0.000,0.055,362309.3,3624.4,2,43,2.38,1.01,1.01,0.4298,3.15,326.1,3.1906,35.5593,5461,36.9006,26
960000,0,774,7.22,0.02,0.02,0.12,7.06,0.00,1.01,0.000,0.064,389127.7,4952.0,2,84,2.57,1.01,1.01,0.5736,9.55,113061.9,0.0000,38.0632,5462,37.0257,100
960000,1,770,7.05,0.03,0.02,0.01,6.99,0.00,1.01,0.000,0.063,383242.8,5033.9,2,73,2.50,1.00,1.02,0.5855,6.59,20733.9,1.0288,37.5447,5461,37.0190,101
960000,2,748,6.68,0.05,0.03,0.06,6.55,0.00,1.01,0.000,0.056,363899.6,3740.3,2,53,2.46,1.00,1.02,0.4433,13.40,300.6,2.9932,35.7059,5461,37.0190,57
970000,0,766,7.43,0.01,0.08,0.05,7.29,0.00,1.00,0.000,0.065,389501.5,4921.9,2,68,2.64,1.00,1.00,0.5686,8.80,113130.7,0.0000,38.0705,5462,36.9569,82
970000,1,755,7.33,0.10,0.05,0.07,7.11,0.00,1.03,0.000,0.063,380715.0,5202.8,2,80,2.57,1.01,1.04,0.6068,8.41,20737.3,1.5778,37.3745,5461,36.9501,155
970000,2,750,6.58,0.08,0.01,0.10,6.40,0.00,1.02,0.000,0.057,363364.1,3553.3,2,44,2.41,1.00,1.03,0.4198,7.76,232.4,2.9828,35.6392,5461,36.9501,30
980000,0,780,7.37,0.12,0.06,0.06,7.13,0.00,1.04,0.001,0.066,388972.1,4824.0,2,77,2.56,1.03,1.04,0.5565,9.43,112765.7,0.0000,38.0943,5462,37.0287,135
980000,1,755,7.22,0.05,0.02,0.04,7.12,0.00,1.02,0.000,0.062,382150.8,5044.2,2,76,2.56,1.01,1.02,0.5880,7.25,20574.9,1.2557,37.4499,5461,37.0219,100
980000,2,710,6.60,0.01,0.00,0.02,6.57,0.00,1.00,0.000,0.054,364577.1,3632.2,2,42,2.43,1.00,1.00,0.4292,5.79,311.2,2.7216,35.7965,5461,37.0219,93
990000,0,780,7.15,0.04,0.02,0.04,7.04,0.00,1.01,0.000,0.064,389907.0,4789.9,2,77,2.62,1.01,1.02,0.5508,5.70,112604.0,0.0000,38.0955,5462,36.8242,101
990000,1,752,7.45,0.01,0.02,0.07,7.35,0.00,1.00,0.000,0.064,382132.1,5189.4,2,84,2.65,1.00,1.00,0.6078,18.14,20528.7,1.2067,37.4740,5461,36.8175,188
990000,2,748,6.57,0.03,0.03,0.13,6.39,0.00,1.01,0.000,0.056,358043.2,3691.9,2,41,2.43,1.00,1.01,0.4393,7.71,348.9,4.1908,35.1359,5461,36.8175,83
1000000,0,771,7.27,0.00,0.01,0.10,7.16,0.00,1.00,0.000,0.064,389423.3,4882.5,2,79,2.60,1.00,1.00,0.5622,8.58,113416.5,0.0000,38.0849,5462,37.1367,72
1000000,1,774,7.31,0.09,0.04,0.03,7.14,0.00,1.02,0.000,0.065,383348.1,5132.3,2,72,2.51,1.00,1.04,0.5974,9.85,20643.5,1.1344,37.5439,5461,37.1299,136
1000000,2,749,6.32,0.06,0.03,0.05,6.18,0.00,1.02,0.000,0.054,366621.8,3667.5,2,39,2.39,1.00,1.02,0.4344,6.24,204.0,2.5197,35.9156,5461,37.1299,27
