step,pop,mean_energy,mean_res,mean_genes,births,deaths_energy,deaths_age,deaths_broken,deaths_body,cells_broken,plant_intake,meat_intake,stay,forward,left,right,steps_per_sec,mass_mean,mass_std,hard_mean,hard_std,muscle_mean,muscle_std,sensor_mean,sensor_std,digestive_mean,digestive_std,bite_mean,bite_std,speed_mean,speed_std,distinct_bodies,top_body_share,diet_plants,diet_mixed,diet_meat,diet_none,births_with_neighbor,sexual_births,lineages,top_lineage_share,no_lineage_share,sensor_agents_share,sense_decisions,sense_used,res_std,res_above_half,regrowth,develops,prey_age_mean,meat_per_cell,kills_young_share,meat_majority,contacts,shell_mean,open_mean,full_share,damaged_share,biters_share,mass_p10,mass_p50,mass_p90,mass_max,occupied_cells,cover,wasted,intake_per_gut,crossers,pop_none,blocked,shoves,turns_blocked,births_no_room,foot_mean,len_fwd,len_side,bite_any_mean,biters_any_share,shell_front,shell_back,shell_side
10000,1339,1.686,0.423,7.27,61864,57057,719,1,4244,1326,1048262.3,87.6,0.139,0.170,0.198,0.494,597,10.18,6.12,0.08,0.60,0.17,1.17,0.08,0.55,9.86,5.78,0.00,0.11,0.014,0.084,246,0.150,0.904,0.000,0.000,0.096,174249,164999,8,0.359,0.026,0.036,846745,0.119,1.522,0.048,92.46,56622,11,0.066,1.000,0.000,1262825,1.03,16.55,0.000,0.001,0.001,5,9,16,53,13633,0.052,70.98,0.0079,0.005,16,0.676,0.000,0.797,0.657,2.91,2.96,4.89,0.01,0.001,1.02,1.03,1.03
20000,1464,1.630,0.358,7.56,106327,96887,1248,1,8066,109,964312.1,14.0,0.125,0.127,0.195,0.552,538,9.26,5.48,0.06,0.61,0.09,1.34,0.04,0.71,9.07,5.23,0.00,0.16,0.005,0.057,228,0.107,0.872,0.000,0.000,0.128,211660,195947,9,0.318,0.036,0.008,346082,0.053,1.415,0.041,96.17,65729,107,0.128,0.000,0.000,1175307,1.02,16.80,0.000,0.002,0.001,4,8,16,48,13554,0.052,67.27,0.0073,0.000,54,0.546,0.000,0.892,0.517,2.92,2.70,5.13,0.01,0.002,1.01,1.02,1.03
30000,1486,1.541,0.317,7.21,123209,111950,1417,1,9819,172,968986.4,15.5,0.199,0.094,0.361,0.345,511,8.93,4.69,0.13,1.10,0.02,0.30,0.02,0.32,8.75,4.57,0.00,0.07,0.002,0.035,184,0.135,0.857,0.000,0.000,0.143,227030,214797,10,0.472,0.000,0.007,66608,0.103,1.338,0.036,96.36,70036,237,0.090,0.000,0.000,873368,1.06,16.72,0.000,0.001,0.001,5,8,15,39,13266,0.051,67.08,0.0075,0.000,46,0.524,0.000,0.902,0.475,2.94,2.50,5.39,0.00,0.001,1.05,1.05,1.07
40000,1381,1.580,0.265,7.29,126542,114213,1382,2,11050,294,964946.5,32.5,0.124,0.106,0.630,0.140,504,9.54,4.77,0.19,1.32,0.08,1.04,0.02,0.49,9.24,4.54,0.00,0.10,0.006,0.059,159,0.129,0.875,0.001,0.000,0.124,239156,232945,4,0.793,0.007,0.003,42538,0.120,1.225,0.030,96.31,70341,268,0.110,0.000,0.000,1226018,1.09,15.84,0.001,0.004,0.002,5,8,16,64,13170,0.050,67.13,0.0076,0.000,35,0.613,0.000,0.893,0.486,3.29,2.17,6.44,0.00,0.002,1.08,1.06,1.14
50000,1488,1.555,0.235,7.28,121966,107048,1246,8,13557,396,971065.0,41.2,0.095,0.100,0.766,0.038,521,8.74,4.62,0.10,1.12,0.08,1.41,0.00,0.04,8.56,4.29,0.01,0.25,0.005,0.054,134,0.145,0.864,0.000,0.000,0.136,244591,239446,4,0.784,0.011,0.001,27599,0.126,1.157,0.027,96.63,75770,177,0.104,0.500,0.000,972273,1.04,16.64,0.001,0.004,0.003,4,8,15,64,13009,0.050,66.81,0.0076,0.000,49,0.573,0.000,0.884,0.515,3.13,1.96,6.57,0.01,0.003,1.04,1.03,1.07
60000,1549,1.459,0.206,7.42,136217,119554,1380,7,15215,448,969684.8,66.6,0.077,0.101,0.810,0.012,514,7.78,4.16,0.13,1.07,0.15,1.69,0.03,0.46,7.46,3.44,0.02,0.29,0.011,0.072,119,0.501,0.890,0.000,0.000,0.110,250440,247907,3,0.880,0.000,0.010,63487,0.070,1.087,0.024,96.32,69368,1082,0.149,0.000,0.000,1010065,1.05,18.34,0.000,0.003,0.006,6,6,12,58,12048,0.046,67.12,0.0084,0.000,41,0.550,0.000,0.852,0.470,3.62,2.28,7.29,0.02,0.006,1.06,1.03,1.08
70000,1627,1.422,0.143,7.39,150642,132744,1603,10,16207,531,970613.8,90.4,0.062,0.100,0.832,0.006,487,7.00,3.04,0.07,0.66,0.08,1.07,0.01,0.10,6.84,2.78,0.01,0.21,0.008,0.064,99,0.641,0.897,0.000,0.000,0.103,258900,257627,3,0.883,0.000,0.004,76878,0.080,0.888,0.015,96.32,69250,768,0.170,0.000,0.000,1075370,1.03,19.07,0.000,0.001,0.004,6,6,10,47,11394,0.043,67.12,0.0087,0.000,43,0.549,0.000,0.827,0.430,3.56,2.36,7.35,0.01,0.004,1.03,1.02,1.05
80000,1659,1.434,0.117,7.31,147779,130050,1686,14,15997,603,969892.6,92.1,0.064,0.098,0.831,0.007,435,7.01,3.68,0.07,0.74,0.09,1.31,0.00,0.00,6.85,3.18,0.01,0.15,0.008,0.082,112,0.573,0.882,0.000,0.000,0.118,255346,254505,3,0.854,0.000,0.000,86154,0.070,0.799,0.012,96.25,69787,903,0.153,0.071,0.000,1060215,1.03,19.21,0.001,0.010,0.002,4,6,12,64,11630,0.044,67.18,0.0085,0.000,47,0.541,0.000,0.820,0.433,3.43,2.23,7.09,0.01,0.002,1.03,1.02,1.05
90000,1642,1.430,0.108,7.14,146971,129980,1629,9,15370,408,971869.0,52.7,0.056,0.111,0.825,0.007,458,7.03,3.98,0.08,0.77,0.06,0.78,0.01,0.21,6.89,3.75,0.01,0.17,0.004,0.050,110,0.616,0.897,0.000,0.000,0.103,256318,255343,3,0.865,0.000,0.001,16642,0.115,0.750,0.010,96.51,71908,643,0.129,0.000,0.000,1338261,1.03,19.22,0.001,0.002,0.002,5,6,12,64,11551,0.044,66.93,0.0086,0.000,35,0.599,0.000,0.825,0.438,3.46,2.31,7.21,0.01,0.002,1.03,1.01,1.04
100000,1670,1.378,0.103,7.13,151468,133091,1672,12,16665,505,972250.0,64.4,0.053,0.104,0.836,0.006,462,6.64,3.13,0.05,0.74,0.15,2.00,0.01,0.27,6.42,2.20,0.01,0.22,0.010,0.088,98,0.705,0.892,0.001,0.000,0.107,253996,252819,3,0.874,0.000,0.001,13615,0.090,0.740,0.010,96.14,69289,671,0.128,0.250,0.000,1348563,1.02,19.55,0.000,0.004,0.004,5,6,9,58,11081,0.042,67.29,0.0091,0.000,47,0.590,0.000,0.820,0.415,3.48,2.21,7.29,0.01,0.005,1.02,1.01,1.03
110000,1652,1.386,0.098,7.13,154490,136149,1559,11,16789,480,968828.2,70.2,0.050,0.100,0.847,0.003,478,6.65,2.72,0.06,0.54,0.03,0.54,0.00,0.00,6.56,2.62,0.00,0.07,0.003,0.052,98,0.707,0.890,0.001,0.000,0.109,255766,254979,3,0.877,0.000,0.000,13848,0.089,0.727,0.010,96.13,63501,504,0.146,0.091,0.001,1149250,1.03,19.45,0.000,0.006,0.001,5,6,9,30,10983,0.042,67.30,0.0089,0.000,52,0.538,0.000,0.813,0.408,3.54,2.14,7.33,0.00,0.001,1.03,1.01,1.04
120000,1626,1.384,0.096,7.22,153157,134456,1664,11,17052,470,968768.1,60.4,0.050,0.100,0.847,0.003,491,7.08,4.08,0.12,0.93,0.07,1.01,0.01,0.15,6.89,3.56,0.01,0.11,0.005,0.059,113,0.663,0.893,0.001,0.000,0.106,257477,256550,3,0.872,0.000,0.002,16691,0.071,0.714,0.010,96.30,60879,638,0.128,0.091,0.000,1204089,1.04,19.15,0.001,0.006,0.003,6,6,10,64,11520,0.044,67.13,0.0087,0.000,59,0.541,0.000,0.814,0.417,3.52,2.17,7.29,0.01,0.003,1.05,1.03,1.06
130000,1633,1.402,0.091,7.39,148624,129663,1655,14,17285,547,961999.3,85.8,0.061,0.106,0.826,0.007,489,7.04,3.66,0.07,0.61,0.09,1.38,0.00,0.08,6.88,2.99,0.01,0.26,0.006,0.069,112,0.719,0.891,0.001,0.000,0.108,252418,251516,2,0.941,0.000,0.001,22302,0.101,0.702,0.009,95.67,65593,379,0.157,0.286,0.000,1408683,1.03,19.09,0.001,0.008,0.003,6,6,10,64,11500,0.044,67.76,0.0086,0.014,26,0.591,0.000,0.818,0.423,3.59,2.18,7.57,0.01,0.003,1.03,1.02,1.04
140000,1639,1.446,0.087,7.26,148425,128375,1547,7,18490,479,965569.6,75.9,0.057,0.098,0.834,0.011,468,7.03,4.39,0.09,0.75,0.19,2.22,0.01,0.29,6.74,3.12,0.01,0.26,0.009,0.086,92,0.664,0.897,0.001,0.000,0.103,252494,251668,2,0.931,0.000,0.002,31732,0.070,0.684,0.009,95.73,66325,364,0.158,0.143,0.000,1220886,1.03,19.07,0.002,0.004,0.004,5,6,10,64,11523,0.044,67.71,0.0087,0.000,52,0.542,0.000,0.818,0.424,3.51,2.13,7.53,0.01,0.004,1.03,1.01,1.04
150000,1556,1.449,0.081,7.17,145208,125936,1749,32,17574,874,966811.1,168.9,0.040,0.091,0.858,0.011,482,7.72,6.96,0.06,0.64,0.14,1.37,0.03,0.61,7.50,6.16,0.01,0.21,0.011,0.090,106,0.746,0.883,0.002,0.000,0.115,248919,248038,2,0.937,0.000,0.003,22890,0.082,0.661,0.008,95.93,66020,879,0.193,0.000,0.000,969138,1.02,18.68,0.009,0.006,0.006,6,6,14,64,12014,0.046,67.51,0.0083,0.000,30,0.504,0.000,0.821,0.429,3.61,2.33,7.54,0.01,0.006,1.02,1.01,1.02
160000,1557,1.414,0.079,7.25,141639,123960,1565,15,16098,718,964107.7,94.9,0.042,0.083,0.864,0.010,483,7.29,6.27,0.19,1.78,0.08,1.42,0.00,0.13,7.02,5.12,0.01,0.22,0.004,0.048,93,0.758,0.902,0.000,0.001,0.097,241637,241159,2,0.924,0.010,0.002,28843,0.156,0.655,0.008,96.06,62368,610,0.132,0.133,0.001,672030,1.05,19.22,0.008,0.010,0.004,6,6,10,64,11347,0.043,67.38,0.0088,0.004,19,0.434,0.000,0.800,0.426,3.61,2.25,7.56,0.01,0.004,1.07,1.03,1.05
170000,1541,1.440,0.073,7.22,146528,128761,1617,15,16151,774,953948.4,105.2,0.052,0.082,0.862,0.005,483,7.61,5.86,0.13,1.37,0.18,1.90,0.03,0.81,7.28,4.45,0.01,0.20,0.009,0.080,90,0.672,0.884,0.001,0.000,0.115,237169,236392,3,0.940,0.009,0.003,56539,0.076,0.618,0.007,94.97,62062,436,0.136,0.133,0.000,671253,1.05,18.81,0.004,0.008,0.003,6,6,12,64,11733,0.045,68.47,0.0085,0.002,18,0.440,0.000,0.802,0.395,3.65,2.27,7.65,0.01,0.004,1.03,1.03,1.07
180000,1616,1.410,0.059,7.29,145733,128647,1651,4,15356,494,969595.3,61.8,0.057,0.086,0.853,0.005,467,7.03,4.27,0.08,0.76,0.07,1.02,0.01,0.20,6.88,3.85,0.01,0.22,0.008,0.082,100,0.707,0.897,0.000,0.000,0.103,250012,248675,3,0.925,0.000,0.001,24263,0.078,0.538,0.005,96.39,64201,1194,0.125,0.000,0.000,801062,1.03,19.26,0.001,0.006,0.002,6,6,10,64,11366,0.043,67.05,0.0087,0.013,9,0.474,0.000,0.811,0.428,3.62,2.22,7.46,0.01,0.002,1.02,1.01,1.06
190000,1638,1.370,0.057,7.02,149495,131420,1741,47,16265,904,958987.9,219.2,0.042,0.108,0.839,0.011,491,6.77,3.92,0.06,0.52,0.09,1.67,0.01,0.20,6.61,3.30,0.01,0.26,0.003,0.039,76,0.817,0.898,0.000,0.000,0.102,246968,246276,2,0.962,0.000,0.002,19697,0.085,0.526,0.005,95.27,56707,919,0.242,0.043,0.000,1434135,1.02,19.38,0.000,0.007,0.002,6,6,8,58,11088,0.042,68.16,0.0089,0.023,13,0.587,0.000,0.807,0.406,3.62,2.12,7.78,0.01,0.002,1.03,1.01,1.03
200000,1600,1.409,0.056,7.01,151525,133417,1628,15,16503,531,961062.8,67.9,0.039,0.109,0.840,0.012,507,7.11,4.58,0.05,0.54,0.17,1.93,0.00,0.00,6.88,3.93,0.01,0.22,0.010,0.085,76,0.791,0.887,0.000,0.000,0.112,247863,247461,2,0.984,0.000,0.000,13757,0.058,0.518,0.005,95.50,54920,714,0.128,0.333,0.000,1493367,1.02,19.17,0.001,0.002,0.005,6,6,10,64,11370,0.043,67.94,0.0087,0.009,12,0.596,0.000,0.810,0.400,3.68,2.14,7.90,0.01,0.005,1.02,1.01,1.03
210000,1668,1.385,0.056,7.02,148058,129980,1663,24,16323,744,958120.4,123.9,0.011,0.102,0.873,0.014,514,6.68,3.23,0.07,0.67,0.05,0.64,0.00,0.00,6.56,3.16,0.00,0.08,0.006,0.072,88,0.746,0.887,0.000,0.000,0.113,250003,249802,2,0.941,0.000,0.000,19948,0.108,0.508,0.005,95.23,55834,474,0.166,0.167,0.000,1297393,1.03,19.43,0.001,0.008,0.002,6,6,10,64,11142,0.043,68.20,0.0088,0.016,24,0.558,0.000,0.815,0.419,3.53,2.08,7.56,0.00,0.002,1.03,1.02,1.06
220000,1700,1.404,0.055,7.09,146082,127002,1504,11,17533,572,958672.3,78.6,0.008,0.109,0.862,0.022,492,6.58,3.45,0.06,0.60,0.05,1.09,0.00,0.07,6.46,3.21,0.00,0.06,0.006,0.070,81,0.749,0.896,0.000,0.000,0.104,247864,247412,2,0.921,0.002,0.001,13623,0.068,0.498,0.005,95.37,62700,458,0.137,0.000,0.000,1414334,1.02,19.58,0.001,0.005,0.002,4,6,8,64,11178,0.043,68.07,0.0087,0.000,42,0.577,0.000,0.823,0.422,3.48,2.08,7.57,0.01,0.002,1.02,1.02,1.04
230000,1674,1.401,0.053,6.96,151968,132626,1612,76,17680,3916,959116.4,537.0,0.009,0.110,0.871,0.011,488,6.68,3.99,0.07,0.66,0.22,2.86,0.02,0.59,6.37,2.47,0.02,0.38,0.007,0.074,86,0.803,0.889,0.004,0.000,0.107,247836,247344,2,0.934,0.000,0.001,9694,0.086,0.493,0.004,95.19,58834,561,0.137,0.224,0.000,1497908,1.02,19.47,0.001,0.019,0.005,6,6,7,64,11177,0.043,68.25,0.0090,0.000,39,0.594,0.000,0.812,0.399,3.57,2.13,7.56,0.02,0.005,1.03,1.01,1.04
240000,1631,1.413,0.043,7.10,152217,133709,1719,39,16793,1222,959009.9,221.2,0.008,0.103,0.876,0.014,496,6.83,3.52,0.10,0.77,0.08,0.95,0.00,0.07,6.66,3.12,0.01,0.23,0.007,0.072,85,0.790,0.901,0.002,0.000,0.097,248633,248281,2,0.950,0.000,0.001,17518,0.107,0.438,0.003,95.29,57948,747,0.181,0.231,0.000,1335932,1.03,19.30,0.001,0.009,0.004,6,6,10,64,11146,0.043,68.15,0.0088,0.000,32,0.562,0.000,0.807,0.400,3.64,2.15,7.69,0.01,0.004,1.02,1.02,1.04
250000,1599,1.407,0.044,7.07,149196,131715,1683,32,15798,915,955243.4,132.7,0.004,0.096,0.883,0.016,485,7.10,3.65,0.12,0.68,0.12,1.55,0.00,0.00,6.86,3.00,0.02,0.30,0.008,0.076,88,0.730,0.887,0.003,0.000,0.111,246248,245707,2,0.937,0.006,0.000,11834,0.100,0.446,0.003,94.79,58985,413,0.145,0.188,0.000,1113813,1.04,19.12,0.001,0.008,0.006,6,6,12,64,11355,0.043,68.65,0.0087,0.000,38,0.542,0.000,0.814,0.406,3.63,2.18,7.51,0.02,0.006,1.05,1.02,1.07
260000,1644,1.406,0.042,7.03,154027,136160,1676,22,16124,654,964757.6,99.1,0.012,0.101,0.866,0.021,483,6.80,3.40,0.06,0.58,0.05,0.40,0.00,0.05,6.69,3.29,0.01,0.11,0.007,0.064,89,0.672,0.878,0.000,0.000,0.122,253774,253021,2,0.936,0.000,0.001,10756,0.107,0.434,0.003,96.20,65056,734,0.151,0.045,0.000,1142327,1.03,19.42,0.000,0.009,0.005,4,6,10,50,11186,0.043,67.24,0.0088,0.000,44,0.563,0.000,0.816,0.404,3.52,2.20,7.17,0.01,0.005,1.03,1.02,1.03
270000,1679,1.385,0.041,7.08,151145,133336,1568,12,16194,600,965649.2,76.5,0.025,0.098,0.858,0.018,494,6.74,3.30,0.05,0.50,0.06,0.71,0.00,0.00,6.63,3.11,0.00,0.08,0.007,0.079,87,0.739,0.890,0.000,0.000,0.110,249027,247604,2,0.933,0.000,0.000,19047,0.070,0.436,0.003,95.87,62048,1055,0.127,0.167,0.000,1226323,1.02,19.40,0.000,0.007,0.002,6,6,10,50,11319,0.043,67.57,0.0087,0.014,34,0.570,0.000,0.824,0.405,3.54,2.14,7.52,0.00,0.002,1.02,1.00,1.02
280000,1702,1.407,0.043,7.03,154200,135788,1659,14,16716,502,960454.2,67.5,0.023,0.096,0.844,0.037,488,6.56,3.02,0.07,0.90,0.05,1.03,0.01,0.13,6.43,2.76,0.01,0.17,0.003,0.046,80,0.724,0.895,0.000,0.000,0.105,252726,250456,2,0.940,0.000,0.002,20977,0.050,0.440,0.003,95.36,58891,895,0.134,0.214,0.000,1248313,1.03,19.57,0.000,0.008,0.004,5,6,10,39,11172,0.043,68.08,0.0088,0.000,31,0.581,0.000,0.816,0.400,3.54,2.18,7.24,0.01,0.004,1.03,1.02,1.04
290000,1639,1.389,0.037,6.92,159590,140099,1814,16,17724,486,964886.8,63.5,0.031,0.090,0.847,0.032,493,6.32,2.72,0.05,0.62,0.06,1.30,0.00,0.05,6.20,2.22,0.01,0.23,0.004,0.059,67,0.805,0.899,0.000,0.000,0.101,264268,262691,2,0.937,0.000,0.001,11596,0.065,0.434,0.003,95.61,56615,590,0.131,0.125,0.000,1387577,1.02,19.83,0.000,0.004,0.002,5,6,6,52,10356,0.040,67.83,0.0095,0.008,18,0.661,0.000,0.831,0.403,3.54,2.07,7.57,0.01,0.002,1.02,1.01,1.03
300000,1668,1.387,0.038,6.89,139623,117529,1988,29,20048,606,972214.3,113.6,0.016,0.095,0.870,0.019,533,6.20,2.55,0.06,0.53,0.06,1.12,0.00,0.09,6.07,2.20,0.01,0.19,0.005,0.063,80,0.776,0.886,0.001,0.000,0.113,298910,297680,2,0.921,0.000,0.002,6188,0.066,0.423,0.003,95.60,58983,546,0.187,0.310,0.000,1450498,1.03,19.92,0.000,0.005,0.003,5,6,6,56,10345,0.039,67.84,0.0096,0.004,38,0.708,0.000,0.868,0.537,3.42,2.12,7.39,0.01,0.003,1.03,1.01,1.04
310000,1672,1.352,0.041,6.92,155266,136534,1843,14,16871,393,964983.3,46.4,0.024,0.097,0.859,0.020,505,6.60,3.45,0.07,0.75,0.14,1.68,0.00,0.00,6.39,2.76,0.02,0.30,0.010,0.086,83,0.781,0.895,0.000,0.000,0.105,256861,256139,2,0.953,0.000,0.000,18411,0.077,0.426,0.003,95.78,55574,981,0.118,0.071,0.000,1463498,1.03,19.50,0.000,0.005,0.005,6,6,8,54,11040,0.042,67.65,0.0090,0.019,28,0.640,0.000,0.826,0.405,3.59,2.10,7.65,0.02,0.005,1.03,1.01,1.05
320000,1708,1.374,0.041,6.82,153209,135084,1820,17,16252,645,959921.3,104.1,0.028,0.100,0.847,0.026,492,6.27,3.11,0.07,1.05,0.04,0.76,0.00,0.10,6.16,2.67,0.01,0.16,0.003,0.049,68,0.780,0.895,0.000,0.000,0.105,247734,246833,2,0.929,0.000,0.001,7479,0.107,0.422,0.003,95.30,58257,598,0.161,0.176,0.000,1530552,1.03,19.96,0.001,0.005,0.003,5,6,6,64,10711,0.041,68.14,0.0091,0.025,22,0.618,0.000,0.808,0.392,3.51,2.08,7.52,0.01,0.003,1.03,1.01,1.04
330000,1708,1.365,0.040,6.84,154907,136219,1711,16,16961,555,964669.9,61.5,0.036,0.090,0.826,0.048,488,6.43,3.18,0.06,0.61,0.06,1.03,0.00,0.00,6.31,2.78,0.01,0.17,0.004,0.055,67,0.731,0.901,0.000,0.000,0.099,251743,250248,2,0.933,0.000,0.000,6781,0.108,0.420,0.003,95.62,57182,950,0.111,0.000,0.000,1256908,1.02,19.84,0.000,0.005,0.002,5,6,6,48,10986,0.042,67.82,0.0089,0.032,24,0.588,0.000,0.814,0.395,3.49,2.14,7.61,0.01,0.002,1.02,1.01,1.03
340000,1695,1.355,0.041,6.86,151697,132698,1775,12,17225,549,960148.8,83.0,0.038,0.096,0.818,0.048,483,6.22,2.57,0.07,0.60,0.05,0.95,0.00,0.00,6.10,2.18,0.01,0.19,0.004,0.054,69,0.743,0.899,0.001,0.000,0.101,250428,248676,2,0.922,0.000,0.000,10903,0.082,0.424,0.003,95.07,53433,687,0.151,0.167,0.000,1392462,1.02,19.96,0.000,0.005,0.003,4,6,6,40,10550,0.040,68.37,0.0093,0.032,24,0.605,0.000,0.812,0.405,3.47,2.06,7.50,0.01,0.003,1.03,1.01,1.04
350000,1677,1.396,0.042,6.84,155227,136667,1738,11,16829,472,965096.9,61.3,0.040,0.088,0.827,0.045,477,6.42,2.66,0.07,0.79,0.04,0.77,0.00,0.12,6.31,2.46,0.00,0.03,0.003,0.048,64,0.728,0.896,0.000,0.000,0.104,250360,248019,2,0.938,0.000,0.001,17061,0.057,0.428,0.003,95.84,54145,567,0.130,0.182,0.000,1238887,1.03,19.75,0.000,0.004,0.001,5,6,8,30,10766,0.041,67.60,0.0091,0.018,31,0.597,0.000,0.815,0.391,3.49,2.11,7.60,0.00,0.002,1.03,1.02,1.05
360000,1633,1.393,0.036,6.86,156007,136327,1742,14,17968,423,967562.1,59.9,0.040,0.077,0.839,0.045,488,6.39,2.89,0.05,0.73,0.04,0.60,0.00,0.05,6.30,2.64,0.00,0.05,0.004,0.058,62,0.727,0.882,0.000,0.000,0.118,266084,264824,2,0.931,0.000,0.001,9472,0.071,0.417,0.003,96.07,60534,765,0.142,0.000,0.000,1022428,1.02,19.85,0.000,0.003,0.001,4,6,10,54,10440,0.040,67.37,0.0094,0.000,33,0.615,0.000,0.837,0.422,3.49,2.10,7.57,0.00,0.001,1.03,1.02,1.03
370000,1751,1.360,0.038,6.89,150886,129216,2056,13,19483,341,967679.6,52.1,0.041,0.069,0.848,0.042,494,6.26,2.76,0.02,0.33,0.03,0.40,0.00,0.00,6.21,2.71,0.01,0.13,0.003,0.042,71,0.745,0.882,0.000,0.000,0.118,285750,284766,2,0.928,0.000,0.000,5540,0.082,0.420,0.003,95.96,63416,228,0.153,0.385,0.000,944818,1.01,19.93,0.000,0.006,0.002,4,6,6,62,10960,0.042,67.48,0.0089,0.002,43,0.630,0.000,0.856,0.478,3.51,2.06,7.53,0.01,0.002,1.01,1.01,1.02
380000,1714,1.393,0.040,6.91,155754,136482,1793,21,17495,599,961713.1,97.0,0.035,0.085,0.841,0.038,467,6.54,3.77,0.04,0.51,0.04,0.63,0.00,0.00,6.46,3.75,0.01,0.14,0.004,0.051,63,0.658,0.905,0.000,0.000,0.095,253032,251955,2,0.957,0.000,0.000,5455,0.115,0.412,0.003,95.91,61337,832,0.162,0.190,0.000,1226224,1.02,19.68,0.002,0.003,0.004,4,6,10,64,11208,0.043,67.53,0.0087,0.014,12,0.623,0.000,0.822,0.395,3.54,2.11,7.67,0.01,0.004,1.02,1.01,1.03
390000,1670,1.400,0.044,7.05,147978,128408,1786,15,17813,555,955320.1,80.6,0.020,0.101,0.857,0.022,477,6.66,3.32,0.09,0.97,0.03,0.40,0.00,0.00,6.54,3.24,0.01,0.15,0.004,0.059,84,0.652,0.878,0.000,0.000,0.122,248593,247694,1,1.000,0.000,0.000,7453,0.068,0.422,0.003,94.77,62364,778,0.145,0.133,0.000,1518427,1.04,19.49,0.001,0.009,0.004,4,6,10,64,11118,0.042,68.67,0.0087,0.046,23,0.646,0.000,0.820,0.417,3.47,2.16,7.45,0.01,0.004,1.04,1.03,1.06
400000,1693,1.386,0.042,7.05,152565,132762,1717,89,17974,1535,954502.5,487.4,0.013,0.097,0.876,0.013,457,6.74,3.51,0.12,0.91,0.09,1.87,0.00,0.00,6.53,2.83,0.00,0.14,0.004,0.058,93,0.739,0.891,0.001,0.000,0.109,250306,249590,1,1.000,0.000,0.000,7361,0.072,0.416,0.003,94.99,67969,438,0.318,0.067,0.000,1337832,1.05,19.40,0.001,0.005,0.001,6,6,10,64,11416,0.044,68.45,0.0086,0.004,26,0.623,0.000,0.815,0.402,3.57,2.18,7.40,0.00,0.001,1.06,1.02,1.07
410000,1686,1.401,0.042,7.26,156105,136290,1601,13,18208,504,956741.2,72.6,0.024,0.109,0.856,0.010,458,6.55,3.55,0.09,0.82,0.03,0.61,0.00,0.05,6.43,3.46,0.00,0.05,0.004,0.054,110,0.521,0.903,0.000,0.000,0.097,246724,245050,2,0.918,0.000,0.001,6904,0.075,0.410,0.003,95.23,64814,506,0.144,0.385,0.000,1620336,1.04,19.76,0.001,0.004,0.001,3,6,10,64,11041,0.042,68.21,0.0088,0.001,40,0.653,0.000,0.776,0.382,3.29,2.30,6.27,0.00,0.001,1.05,1.03,1.06
420000,1577,1.435,0.040,7.23,151823,132544,1690,50,17648,927,962938.8,179.3,0.034,0.121,0.838,0.007,435,7.23,4.13,0.09,0.88,0.09,1.09,0.00,0.05,7.05,3.81,0.03,0.30,0.006,0.063,127,0.660,0.886,0.001,0.000,0.113,245074,242354,3,0.951,0.000,0.001,15072,0.079,0.412,0.003,95.71,68540,416,0.193,0.220,0.000,1739867,1.03,19.07,0.000,0.008,0.010,6,6,11,53,11406,0.044,67.73,0.0087,0.000,29,0.690,0.000,0.726,0.396,3.60,2.38,7.06,0.03,0.010,1.04,1.02,1.05
430000,1698,1.382,0.040,7.40,151676,132922,1752,18,16863,470,965760.7,67.8,0.067,0.114,0.815,0.004,454,6.42,2.95,0.10,0.62,0.03,0.40,0.00,0.06,6.28,2.80,0.01,0.17,0.004,0.049,89,0.749,0.895,0.002,0.000,0.103,246148,243950,2,0.922,0.000,0.002,32333,0.137,0.421,0.003,95.83,63960,476,0.144,0.167,0.000,1426114,1.04,19.70,0.000,0.005,0.001,4,6,8,39,10896,0.042,67.61,0.0091,0.006,22,0.629,0.000,0.789,0.397,3.42,2.31,7.04,0.01,0.001,1.07,1.01,1.05
440000,1654,1.390,0.040,7.23,155869,136567,1700,17,17629,474,959016.2,77.3,0.040,0.116,0.824,0.020,460,6.64,3.16,0.10,0.87,0.07,1.05,0.00,0.09,6.47,2.66,0.01,0.18,0.006,0.064,103,0.747,0.898,0.001,0.000,0.101,248645,247758,3,0.884,0.000,0.001,21659,0.146,0.406,0.003,95.13,62229,466,0.163,0.059,0.000,1501584,1.04,19.41,0.000,0.004,0.005,6,6,8,50,10988,0.042,68.31,0.0090,0.000,49,0.644,0.000,0.801,0.385,3.48,2.30,7.26,0.01,0.005,1.05,1.01,1.06
450000,1642,1.396,0.041,7.31,153416,134369,1702,12,17345,594,953295.4,71.1,0.043,0.119,0.820,0.018,456,6.94,3.70,0.10,0.50,0.07,1.06,0.00,0.13,6.78,3.37,0.02,0.26,0.004,0.041,109,0.747,0.886,0.002,0.001,0.111,248929,248370,3,0.909,0.000,0.002,25915,0.134,0.406,0.003,95.26,63610,548,0.120,0.083,0.001,1617127,1.04,19.27,0.001,0.012,0.008,6,6,10,64,11398,0.043,68.18,0.0086,0.007,21,0.661,0.000,0.800,0.396,3.57,2.28,7.40,0.02,0.008,1.06,1.02,1.04
460000,1593,1.407,0.040,7.43,155026,135754,1747,13,17561,585,963228.4,71.5,0.040,0.105,0.834,0.020,452,7.13,5.80,0.09,0.73,0.15,1.39,0.00,0.04,6.90,4.92,0.02,0.26,0.007,0.064,108,0.772,0.895,0.002,0.000,0.103,248621,247572,2,0.933,0.016,0.001,22889,0.101,0.405,0.003,95.77,64048,941,0.122,0.077,0.000,1499961,1.03,19.34,0.002,0.004,0.006,6,6,9,64,11365,0.043,67.67,0.0088,0.001,18,0.620,0.000,0.801,0.388,3.61,2.20,7.52,0.02,0.006,1.04,1.01,1.04
470000,1645,1.425,0.041,7.40,154143,133875,1610,25,18581,707,968321.9,87.1,0.017,0.101,0.870,0.012,447,6.87,3.46,0.07,0.55,0.05,0.95,0.00,0.00,6.75,3.14,0.00,0.07,0.004,0.055,102,0.719,0.897,0.000,0.000,0.103,251826,251125,3,0.878,0.000,0.000,8987,0.073,0.400,0.003,96.02,69391,821,0.123,0.160,0.000,1322640,1.03,19.29,0.000,0.005,0.002,6,6,10,54,11298,0.043,67.42,0.0087,0.000,43,0.598,0.000,0.802,0.400,3.63,2.15,7.58,0.00,0.002,1.03,1.02,1.04
480000,1651,1.418,0.041,7.47,153936,133222,1699,10,18999,453,968200.9,63.0,0.025,0.102,0.858,0.015,435,6.51,2.63,0.11,1.02,0.03,0.54,0.00,0.07,6.37,2.42,0.00,0.06,0.003,0.043,90,0.704,0.914,0.000,0.000,0.086,252814,251942,3,0.870,0.000,0.001,19525,0.092,0.405,0.003,96.09,69773,652,0.139,0.100,0.000,1457909,1.04,19.66,0.000,0.002,0.002,4,6,8,34,10747,0.041,67.35,0.0092,0.000,44,0.621,0.000,0.810,0.403,3.54,2.12,7.69,0.00,0.002,1.04,1.04,1.05
490000,1613,1.419,0.040,7.40,152899,132671,1763,11,18492,436,964518.9,46.7,0.026,0.092,0.861,0.021,450,6.84,3.66,0.12,0.81,0.06,0.66,0.00,0.05,6.66,3.51,0.01,0.14,0.007,0.074,98,0.677,0.901,0.001,0.000,0.098,250428,249172,3,0.881,0.000,0.001,36192,0.046,0.397,0.003,95.72,63946,533,0.107,0.091,0.000,1325404,1.04,19.39,0.001,0.006,0.005,5,6,10,64,11036,0.042,67.72,0.0090,0.000,43,0.641,0.000,0.822,0.401,3.53,2.12,7.61,0.01,0.006,1.05,1.02,1.08
500000,1683,1.401,0.039,7.40,152667,132600,1680,10,18307,492,962388.6,77.5,0.030,0.108,0.839,0.023,457,6.75,3.87,0.10,0.74,0.13,1.69,0.02,0.63,6.51,2.89,0.02,0.33,0.008,0.077,115,0.646,0.900,0.001,0.000,0.099,249799,247913,3,0.847,0.000,0.002,23014,0.115,0.398,0.003,95.90,62054,631,0.157,0.100,0.001,1500700,1.03,19.41,0.001,0.008,0.005,4,6,10,64,11363,0.043,67.54,0.0088,0.015,33,0.622,0.000,0.808,0.401,3.47,2.15,7.14,0.02,0.005,1.04,1.01,1.05
510000,1607,1.411,0.036,7.13,152212,132478,1846,21,17943,578,954353.5,88.3,0.024,0.114,0.835,0.028,485,6.55,3.45,0.09,0.83,0.09,1.59,0.00,0.00,6.37,2.85,0.01,0.21,0.006,0.070,96,0.712,0.886,0.001,0.000,0.113,257691,255417,3,0.909,0.000,0.000,7306,0.107,0.405,0.003,94.80,57028,909,0.153,0.238,0.000,1927582,1.03,19.59,0.001,0.007,0.004,4,6,10,64,10520,0.040,68.63,0.0093,0.035,35,0.706,0.000,0.832,0.418,3.45,2.06,7.48,0.01,0.004,1.04,1.01,1.06
520000,1538,1.431,0.034,7.08,136269,113166,2017,12,21143,381,957643.4,41.3,0.031,0.123,0.816,0.030,512,5.86,2.75,0.04,0.49,0.05,1.50,0.01,0.56,5.74,2.28,0.01,0.18,0.005,0.060,62,0.701,0.906,0.000,0.000,0.094,288575,286784,2,0.919,0.000,0.001,4644,0.126,0.403,0.003,94.43,59750,595,0.108,0.000,0.000,2258822,1.02,20.38,0.001,0.003,0.001,3,6,6,64,9005,0.034,69.00,0.0108,0.033,10,0.765,0.000,0.863,0.532,3.37,1.99,7.30,0.01,0.001,1.02,1.01,1.03
530000,1603,1.413,0.035,7.07,152389,129910,2016,55,20343,642,963205.2,210.8,0.026,0.102,0.846,0.026,474,6.34,2.35,0.06,0.66,0.07,1.67,0.00,0.00,6.21,1.80,0.00,0.04,0.006,0.073,57,0.846,0.885,0.000,0.000,0.115,277342,276248,2,0.986,0.000,0.000,6020,0.100,0.404,0.003,95.42,65282,661,0.328,0.145,0.000,1809187,1.02,19.68,0.001,0.001,0.001,6,6,6,64,10156,0.039,68.02,0.0097,0.041,1,0.738,0.000,0.851,0.456,3.57,2.07,7.78,0.00,0.001,1.03,1.01,1.04
540000,1672,1.368,0.037,7.04,153268,132190,1894,19,19096,477,952495.9,50.8,0.010,0.097,0.871,0.022,486,6.51,3.18,0.06,0.70,0.13,1.72,0.00,0.09,6.32,2.33,0.01,0.26,0.008,0.081,69,0.852,0.900,0.000,0.000,0.100,256462,255660,1,1.000,0.000,0.001,5098,0.098,0.400,0.003,94.59,59304,439,0.106,0.105,0.000,1573436,1.02,19.57,0.001,0.007,0.002,6,6,6,64,10891,0.042,68.85,0.0090,0.045,4,0.649,0.000,0.823,0.411,3.66,2.10,7.91,0.01,0.002,1.02,1.01,1.04
550000,1611,1.402,0.035,7.04,151172,130003,1829,11,19390,484,953143.2,50.8,0.006,0.104,0.871,0.019,466,6.60,2.88,0.06,0.64,0.06,1.01,0.00,0.00,6.48,2.54,0.00,0.13,0.007,0.079,71,0.840,0.886,0.001,0.000,0.113,258966,258059,1,1.000,0.000,0.000,5063,0.104,0.397,0.003,94.50,60009,753,0.105,0.091,0.000,1839115,1.02,19.46,0.000,0.007,0.002,6,6,8,54,10628,0.041,68.94,0.0091,0.021,17,0.693,0.000,0.831,0.424,3.66,2.10,7.86,0.00,0.002,1.02,1.01,1.03
560000,1642,1.411,0.039,7.03,150998,129056,1896,15,20000,499,955523.0,64.9,0.006,0.099,0.874,0.021,469,6.59,2.74,0.08,0.75,0.04,0.52,0.00,0.05,6.47,2.57,0.00,0.13,0.005,0.066,61,0.787,0.905,0.000,0.000,0.095,261244,260458,1,1.000,0.000,0.001,5530,0.073,0.402,0.003,95.00,64035,641,0.130,0.267,0.000,1646178,1.03,19.40,0.000,0.005,0.001,6,6,10,34,10826,0.041,68.44,0.0090,0.037,0,0.678,0.000,0.837,0.430,3.63,2.06,7.92,0.00,0.001,1.03,1.01,1.05
570000,1698,1.390,0.038,7.08,156782,135422,1841,19,19444,516,958866.6,75.0,0.005,0.099,0.875,0.020,475,6.55,3.41,0.07,0.65,0.10,1.70,0.00,0.00,6.37,2.57,0.01,0.26,0.005,0.061,71,0.734,0.914,0.001,0.000,0.085,255235,253922,1,1.000,0.000,0.000,4581,0.089,0.398,0.003,95.12,58175,904,0.145,0.000,0.000,1650050,1.03,19.67,0.000,0.007,0.004,4,6,9,62,11120,0.042,68.32,0.0089,0.014,11,0.669,0.000,0.818,0.395,3.59,2.14,7.91,0.01,0.004,1.03,1.01,1.04
580000,1658,1.438,0.038,7.30,143739,123548,1655,9,18567,412,961508.1,55.5,0.005,0.109,0.863,0.023,444,6.84,2.72,0.05,0.58,0.02,0.32,0.00,0.00,6.77,2.66,0.00,0.10,0.003,0.051,64,0.613,0.900,0.000,0.000,0.100,249298,247387,1,1.000,0.000,0.000,3756,0.103,0.399,0.003,95.79,64985,643,0.135,0.111,0.000,1707953,1.02,19.26,0.000,0.003,0.001,4,6,12,28,11344,0.043,67.65,0.0086,0.000,20,0.664,0.000,0.830,0.434,3.64,2.36,7.80,0.00,0.001,1.02,1.01,1.03
590000,1512,1.497,0.040,7.50,141465,121435,1688,10,18478,464,960271.1,61.5,0.006,0.108,0.870,0.016,444,7.74,4.10,0.13,1.15,0.03,0.53,0.00,0.00,7.58,3.94,0.01,0.23,0.002,0.036,106,0.541,0.903,0.001,0.000,0.097,248464,247416,1,1.000,0.000,0.000,5080,0.079,0.402,0.003,95.45,67647,758,0.133,0.000,0.000,1694579,1.05,18.24,0.001,0.004,0.005,6,6,12,64,11703,0.045,67.99,0.0084,0.000,35,0.659,0.000,0.835,0.441,3.82,2.60,7.79,0.01,0.005,1.06,1.03,1.08
600000,1441,1.496,0.035,7.63,131337,109951,1598,11,19848,335,960212.4,51.6,0.010,0.112,0.858,0.020,453,7.01,3.66,0.06,0.61,0.06,0.84,0.00,0.00,6.89,3.58,0.00,0.09,0.007,0.059,90,0.499,0.891,0.000,0.000,0.109,265724,264747,1,1.000,0.000,0.000,3299,0.125,0.400,0.003,95.35,74749,820,0.154,0.091,0.000,1908112,1.03,19.21,0.000,0.001,0.002,4,6,12,38,10104,0.039,68.09,0.0097,0.000,38,0.726,0.000,0.858,0.513,3.48,2.54,7.13,0.00,0.002,1.03,1.02,1.05
610000,1449,1.493,0.038,7.67,133793,111167,1934,14,20670,366,960986.9,33.1,0.007,0.098,0.884,0.012,439,8.23,4.61,0.12,0.91,0.08,0.92,0.00,0.00,8.04,4.40,0.00,0.10,0.008,0.085,108,0.444,0.901,0.000,0.000,0.099,274403,272621,1,0.997,0.003,0.000,2842,0.144,0.403,0.003,95.35,82690,434,0.090,0.286,0.000,1690346,1.04,17.86,0.002,0.004,0.003,6,6,12,64,11932,0.046,68.09,0.0082,0.000,31,0.745,0.000,0.886,0.518,3.74,2.69,7.63,0.00,0.003,1.05,1.02,1.06
620000,1523,1.491,0.038,7.82,136035,115569,1670,6,18716,306,962975.2,37.2,0.007,0.093,0.892,0.008,441,7.85,3.60,0.10,1.03,0.07,1.16,0.00,0.00,7.68,2.98,0.01,0.20,0.004,0.050,111,0.397,0.880,0.001,0.000,0.120,262437,260170,1,1.000,0.000,0.000,3391,0.078,0.398,0.003,95.65,75677,655,0.122,0.167,0.000,1397550,1.04,18.00,0.001,0.003,0.004,6,9,10,64,11961,0.046,67.79,0.0082,0.000,51,0.698,0.000,0.867,0.489,3.71,3.07,7.23,0.01,0.004,1.04,1.02,1.06
630000,1508,1.486,0.038,7.80,142956,122772,1707,17,18475,440,964843.3,75.9,0.009,0.087,0.894,0.011,432,7.62,3.96,0.16,1.17,0.06,0.65,0.00,0.03,7.41,3.76,0.00,0.08,0.007,0.075,124,0.346,0.881,0.000,0.000,0.119,263020,261865,1,0.942,0.058,0.001,4979,0.104,0.401,0.003,95.77,76505,524,0.172,0.118,0.000,1298835,1.06,18.33,0.000,0.004,0.003,4,7,9,56,11498,0.044,67.67,0.0086,0.000,33,0.713,0.000,0.877,0.464,3.68,2.99,7.11,0.00,0.003,1.06,1.04,1.09
640000,1475,1.485,0.038,7.87,141244,121796,1695,1,17785,305,964996.5,47.2,0.017,0.083,0.885,0.015,432,8.06,3.88,0.11,0.98,0.05,1.21,0.01,0.26,7.89,3.26,0.01,0.21,0.002,0.030,95,0.576,0.898,0.001,0.000,0.100,255563,253819,2,0.916,0.000,0.001,3917,0.082,0.400,0.003,95.71,75590,67,0.155,0.000,0.001,1110048,1.04,17.67,0.000,0.009,0.003,5,9,9,62,11895,0.045,67.73,0.0083,0.000,54,0.683,0.000,0.874,0.456,3.86,3.41,6.99,0.01,0.003,1.04,1.02,1.06
650000,1484,1.502,0.037,7.96,135175,115766,1645,2,17753,228,959210.1,29.8,0.023,0.077,0.890,0.011,429,8.12,3.52,0.09,0.78,0.05,0.81,0.01,0.15,7.97,3.16,0.00,0.13,0.003,0.051,107,0.586,0.886,0.000,0.000,0.114,267461,265498,2,0.837,0.131,0.001,4183,0.116,0.395,0.003,96.04,73739,219,0.131,0.500,0.000,871718,1.04,17.47,0.001,0.005,0.001,4,9,9,64,12043,0.046,67.40,0.0081,0.000,40,0.662,0.000,0.884,0.501,3.84,3.62,6.80,0.00,0.001,1.04,1.02,1.06
660000,1400,1.514,0.035,7.91,134645,115224,1672,24,17809,702,960429.4,128.3,0.024,0.081,0.875,0.020,423,7.72,3.09,0.05,0.56,0.03,0.27,0.00,0.00,7.64,2.94,0.00,0.07,0.005,0.065,90,0.559,0.866,0.000,0.000,0.134,269718,268931,3,0.824,0.000,0.000,6406,0.100,0.393,0.003,95.76,75071,650,0.183,0.167,0.000,969140,1.02,17.91,0.000,0.001,0.003,3,9,9,38,10804,0.041,67.68,0.0090,0.000,43,0.696,0.000,0.899,0.507,3.73,3.44,6.73,0.01,0.004,1.02,1.01,1.02
670000,1321,1.528,0.036,7.87,129761,109095,1719,1,19025,173,963412.2,22.1,0.040,0.105,0.838,0.017,431,7.82,3.55,0.07,0.90,0.06,0.87,0.00,0.00,7.69,3.17,0.01,0.15,0.006,0.073,88,0.576,0.886,0.001,0.000,0.113,286880,285754,3,0.840,0.000,0.000,6905,0.145,0.401,0.003,95.87,78996,10,0.128,1.000,0.000,1482814,1.03,17.82,0.000,0.004,0.002,3,9,9,62,10328,0.039,67.57,0.0095,0.000,61,0.771,0.000,0.901,0.552,3.78,3.32,7.00,0.01,0.002,1.03,1.02,1.04
680000,1456,1.515,0.037,7.99,131614,110293,1707,1,19478,156,965371.5,26.7,0.011,0.075,0.865,0.049,429,7.68,3.38,0.08,0.66,0.04,0.42,0.00,0.08,7.56,3.41,0.01,0.22,0.007,0.075,110,0.499,0.878,0.001,0.000,0.122,287501,286175,3,0.829,0.000,0.001,10286,0.091,0.394,0.003,96.07,83461,77,0.171,0.000,0.000,1006326,1.04,18.04,0.001,0.005,0.005,4,9,9,64,11186,0.043,67.37,0.0088,0.000,33,0.713,0.000,0.894,0.546,3.76,3.32,7.27,0.01,0.005,1.04,1.02,1.06
690000,1371,1.547,0.036,8.06,131872,110578,1888,0,19491,140,970317.5,18.5,0.010,0.061,0.851,0.078,417,7.51,5.00,0.08,0.73,0.07,1.26,0.00,0.00,7.37,4.70,0.01,0.18,0.005,0.063,96,0.344,0.900,0.000,0.000,0.100,286756,285352,3,0.877,0.000,0.000,11387,0.048,0.396,0.003,96.10,86735,0,0.132,0.000,0.000,760682,1.03,18.53,0.001,0.002,0.005,4,7,9,64,10303,0.039,67.34,0.0096,0.000,25,0.661,0.000,0.904,0.544,3.63,2.97,7.12,0.02,0.006,1.04,1.02,1.03
700000,1473,1.489,0.035,7.69,135300,113110,1888,2,20198,207,973700.1,25.1,0.017,0.056,0.868,0.059,427,7.42,3.21,0.04,0.56,0.03,0.42,0.02,0.19,7.33,3.20,0.00,0.10,0.005,0.062,102,0.331,0.868,0.000,0.000,0.132,293171,292051,3,0.873,0.000,0.011,59213,0.131,0.399,0.003,96.48,87841,102,0.121,0.500,0.000,590222,1.02,18.46,0.001,0.002,0.001,5,6,9,64,10925,0.042,66.95,0.0090,0.000,50,0.610,0.000,0.902,0.543,3.65,2.92,7.15,0.00,0.001,1.02,1.01,1.02
710000,1568,1.444,0.036,7.62,145610,125341,1869,0,18305,172,971904.6,21.1,0.025,0.069,0.859,0.048,428,7.42,2.96,0.08,0.86,0.05,0.90,0.02,0.62,7.26,2.78,0.01,0.14,0.004,0.057,119,0.420,0.874,0.001,0.000,0.126,281919,280638,3,0.859,0.000,0.004,98894,0.116,0.397,0.003,96.41,82492,0,0.123,0.000,0.000,789031,1.03,18.42,0.000,0.006,0.002,5,7,9,35,11630,0.044,67.03,0.0085,0.000,33,0.647,0.000,0.892,0.489,3.70,3.01,7.04,0.01,0.002,1.04,1.02,1.04
720000,1472,1.490,0.038,7.90,140607,122127,1704,3,16869,178,967128.5,26.2,0.041,0.077,0.846,0.036,431,8.07,3.18,0.06,0.63,0.05,0.65,0.00,0.16,7.96,2.86,0.01,0.22,0.003,0.040,118,0.546,0.891,0.000,0.000,0.109,269254,267395,3,0.843,0.000,0.001,31525,0.138,0.395,0.003,96.22,75965,1159,0.147,0.000,0.000,937980,1.02,17.58,0.000,0.006,0.003,5,9,9,39,11875,0.045,67.21,0.0083,0.000,47,0.661,0.000,0.875,0.485,3.80,3.39,7.00,0.01,0.003,1.02,1.01,1.03
730000,1408,1.553,0.041,8.08,132101,113956,1604,0,16605,206,967637.6,33.2,0.059,0.095,0.822,0.024,442,8.77,4.86,0.09,0.96,0.11,1.23,0.05,1.33,8.52,4.12,0.02,0.32,0.007,0.069,127,0.655,0.898,0.001,0.000,0.102,261232,259627,3,0.895,0.021,0.004,12896,0.188,0.397,0.003,96.56,69012,0,0.161,0.000,0.000,1201186,1.04,16.98,0.002,0.006,0.005,6,9,9,64,12345,0.047,66.88,0.0081,0.000,22,0.672,0.000,0.867,0.502,4.00,3.60,7.27,0.02,0.005,1.04,1.03,1.04
740000,1495,1.503,0.040,7.79,132278,113995,1633,1,16562,201,958667.6,24.3,0.021,0.096,0.862,0.020,433,8.14,3.21,0.06,0.62,0.02,0.28,0.00,0.00,8.06,3.10,0.01,0.20,0.002,0.036,105,0.581,0.879,0.002,0.000,0.119,259042,257503,3,0.866,0.000,0.000,34402,0.109,0.395,0.003,95.28,65993,57,0.121,0.000,0.001,1167682,1.02,17.57,0.000,0.009,0.003,5,9,9,42,12166,0.046,68.16,0.0080,0.000,35,0.676,0.000,0.872,0.498,3.89,3.45,7.03,0.01,0.003,1.02,1.01,1.03
750000,1434,1.510,0.041,7.97,134490,116429,1570,1,16551,171,964928.4,24.2,0.029,0.100,0.848,0.023,430,8.41,2.65,0.05,0.65,0.03,0.35,0.00,0.03,8.33,2.64,0.00,0.06,0.006,0.064,91,0.686,0.893,0.000,0.000,0.107,263889,262556,2,0.860,0.072,0.001,44650,0.126,0.399,0.003,96.09,70455,840,0.142,0.000,0.000,1242996,1.02,17.14,0.000,0.003,0.001,5,9,9,33,12065,0.046,67.35,0.0081,0.000,30,0.680,0.000,0.866,0.498,3.99,3.62,7.37,0.00,0.001,1.02,1.02,1.04
760000,1410,1.508,0.042,8.29,130713,112270,1516,2,16949,282,963311.1,38.8,0.044,0.095,0.837,0.023,402,8.51,3.50,0.10,0.84,0.05,0.81,0.00,0.07,8.37,3.01,0.01,0.15,0.003,0.050,109,0.588,0.889,0.001,0.000,0.111,264020,262044,2,0.884,0.063,0.002,32873,0.161,0.398,0.003,96.12,75614,1340,0.138,0.500,0.000,1204037,1.04,17.14,0.001,0.004,0.002,6,9,9,64,12004,0.046,67.32,0.0082,0.000,41,0.675,0.000,0.873,0.513,3.96,3.57,7.26,0.01,0.002,1.04,1.02,1.06
770000,1479,1.527,0.041,8.29,132066,112997,1590,3,17407,217,961309.1,30.4,0.031,0.105,0.821,0.043,420,8.43,3.84,0.10,1.11,0.05,0.68,0.01,0.19,8.27,3.63,0.01,0.18,0.006,0.065,119,0.685,0.891,0.000,0.000,0.109,261454,260401,3,0.847,0.000,0.004,35092,0.130,0.392,0.003,96.08,69927,341,0.140,0.333,0.000,1433722,1.04,17.22,0.001,0.003,0.003,3,9,9,64,12471,0.048,67.36,0.0079,0.000,31,0.705,0.000,0.873,0.503,3.96,3.52,7.11,0.01,0.003,1.04,1.02,1.06
780000,1479,1.493,0.044,8.15,132600,113178,1434,0,17988,146,964990.2,16.5,0.030,0.094,0.814,0.061,438,8.32,3.68,0.07,0.69,0.10,1.38,0.01,0.30,8.14,3.36,0.02,0.26,0.005,0.059,119,0.644,0.891,0.000,0.000,0.109,264639,264142,3,0.846,0.000,0.001,38077,0.086,0.404,0.003,96.29,63814,0,0.113,0.000,0.000,1130253,1.03,17.36,0.001,0.004,0.005,4,9,9,64,12299,0.047,67.15,0.0080,0.000,31,0.658,0.000,0.876,0.507,3.92,3.53,6.96,0.02,0.005,1.04,1.02,1.03
790000,1398,1.548,0.046,8.16,133179,114231,1496,0,17533,161,962532.0,23.5,0.027,0.096,0.828,0.049,453,8.53,3.16,0.07,0.72,0.04,0.50,0.00,0.16,8.42,3.11,0.00,0.03,0.007,0.080,123,0.613,0.888,0.000,0.000,0.112,265239,265100,3,0.884,0.000,0.001,53627,0.112,0.401,0.003,96.24,56531,0,0.146,0.000,0.000,1143573,1.03,17.04,0.000,0.004,0.001,5,9,9,41,11930,0.046,67.20,0.0082,0.000,35,0.660,0.000,0.868,0.506,3.96,3.53,7.30,0.01,0.001,1.04,1.03,1.04
800000,1458,1.487,0.044,8.37,133437,114193,1475,2,17707,219,969338.9,32.6,0.023,0.103,0.830,0.044,421,8.55,3.73,0.05,0.65,0.06,0.84,0.01,0.20,8.43,3.49,0.01,0.19,0.005,0.060,120,0.621,0.883,0.000,0.000,0.117,265810,265580,3,0.845,0.000,0.004,44097,0.096,0.399,0.003,96.52,65423,348,0.149,0.000,0.000,1244455,1.02,17.12,0.001,0.003,0.004,5,9,9,64,12462,0.048,66.92,0.0079,0.000,43,0.679,0.000,0.870,0.506,3.95,3.55,7.09,0.01,0.004,1.02,1.01,1.03
810000,1376,1.543,0.045,8.44,130777,111939,1552,2,17366,293,964171.0,46.5,0.015,0.103,0.836,0.047,428,8.77,3.32,0.10,0.87,0.08,0.82,0.02,0.24,8.57,3.12,0.01,0.23,0.007,0.064,117,0.656,0.887,0.000,0.000,0.113,265986,264392,3,0.874,0.036,0.008,60246,0.102,0.401,0.003,96.25,66084,142,0.159,0.000,0.000,1202283,1.04,16.81,0.000,0.005,0.003,6,9,9,39,12062,0.046,67.19,0.0082,0.000,41,0.677,0.000,0.876,0.516,4.02,3.68,7.22,0.01,0.003,1.04,1.03,1.05
820000,1428,1.537,0.046,8.38,128586,110810,1530,1,16193,223,961683.4,31.2,0.026,0.123,0.827,0.025,411,8.29,3.01,0.06,0.65,0.09,1.03,0.04,0.33,8.11,2.86,0.01,0.25,0.012,0.097,119,0.581,0.894,0.001,0.000,0.106,259303,258575,3,0.851,0.000,0.015,140064,0.102,0.399,0.003,95.89,66323,917,0.140,0.000,0.000,1696847,1.03,17.24,0.000,0.006,0.004,5,9,9,45,11840,0.045,67.55,0.0083,0.000,42,0.730,0.000,0.875,0.512,3.85,3.44,7.19,0.01,0.004,1.03,1.02,1.03
830000,1380,1.530,0.046,8.06,131736,113625,1541,1,16617,217,958143.6,31.8,0.028,0.100,0.844,0.029,428,8.76,2.97,0.09,0.67,0.02,0.33,0.03,0.37,8.62,2.91,0.00,0.11,0.005,0.063,99,0.672,0.886,0.001,0.000,0.114,261131,260729,3,0.899,0.000,0.006,99584,0.103,0.404,0.003,95.91,65676,6,0.147,1.000,0.000,1248001,1.04,16.76,0.000,0.003,0.001,6,9,9,31,12087,0.046,67.53,0.0081,0.000,32,0.675,0.000,0.874,0.503,4.14,3.61,7.43,0.00,0.001,1.04,1.02,1.05
840000,1419,1.525,0.046,7.97,130343,112490,1418,0,16396,238,960824.9,32.1,0.020,0.086,0.864,0.030,426,8.59,3.00,0.07,0.72,0.04,0.51,0.02,0.38,8.45,2.75,0.01,0.14,0.008,0.079,102,0.628,0.875,0.000,0.000,0.125,265548,264836,3,0.886,0.000,0.006,130490,0.100,0.399,0.003,95.96,65429,0,0.135,0.000,0.000,874709,1.03,17.02,0.000,0.008,0.003,6,9,9,45,12189,0.046,67.48,0.0080,0.000,35,0.613,0.000,0.874,0.517,4.03,3.54,7.33,0.01,0.003,1.03,1.02,1.04
850000,1436,1.503,0.044,8.07,132973,114664,1592,1,16699,185,963848.2,23.1,0.043,0.076,0.861,0.021,426,8.45,3.14,0.11,0.99,0.07,1.01,0.06,0.61,8.22,2.82,0.01,0.24,0.006,0.067,118,0.570,0.891,0.000,0.000,0.109,268307,267966,3,0.884,0.000,0.031,192003,0.104,0.405,0.003,96.07,69575,1653,0.125,0.000,0.000,709677,1.04,17.07,0.000,0.006,0.005,6,9,9,39,12141,0.046,67.37,0.0082,0.000,32,0.565,0.000,0.872,0.512,3.99,3.48,7.34,0.01,0.005,1.05,1.02,1.06
860000,1447,1.497,0.045,8.21,131987,113687,1559,1,16729,250,961651.1,34.8,0.048,0.067,0.871,0.013,432,8.54,3.03,0.10,1.04,0.01,0.23,0.01,0.31,8.41,2.77,0.00,0.03,0.001,0.027,106,0.592,0.878,0.000,0.000,0.122,264655,264138,3,0.880,0.000,0.003,170919,0.102,0.399,0.003,95.92,69443,89,0.139,0.000,0.000,619857,1.04,17.02,0.000,0.006,0.001,6,9,9,47,12354,0.047,67.52,0.0079,0.000,39,0.538,0.000,0.871,0.509,4.01,3.61,7.22,0.00,0.001,1.04,1.02,1.06
870000,1423,1.545,0.045,8.15,132748,114207,1631,0,16934,202,965028.0,29.9,0.045,0.084,0.850,0.021,419,8.31,3.28,0.04,0.48,0.02,0.42,0.01,0.14,8.24,3.20,0.01,0.19,0.001,0.030,138,0.469,0.905,0.000,0.000,0.095,262252,261412,3,0.836,0.000,0.004,52694,0.146,0.395,0.003,96.26,70722,0,0.148,0.000,0.000,1062498,1.01,17.30,0.000,0.006,0.001,4,9,12,36,11820,0.045,67.18,0.0082,0.000,46,0.641,0.000,0.870,0.502,3.77,3.52,6.90,0.01,0.001,1.02,1.01,1.02
880000,1435,1.536,0.046,8.13,129322,110736,1474,2,17098,235,964955.6,29.1,0.031,0.113,0.827,0.030,421,8.44,4.13,0.07,0.92,0.06,0.89,0.01,0.13,8.30,3.84,0.00,0.11,0.005,0.058,135,0.523,0.890,0.000,0.000,0.110,261088,260145,3,0.845,0.000,0.004,101152,0.116,0.405,0.003,96.00,69580,480,0.124,0.000,0.000,1512252,1.03,17.22,0.001,0.006,0.001,5,9,10,64,12109,0.046,67.44,0.0081,0.000,48,0.720,0.000,0.864,0.513,3.84,3.61,6.85,0.00,0.001,1.03,1.02,1.04
890000,1466,1.499,0.044,7.75,132149,113310,1630,5,17173,226,966413.5,33.6,0.027,0.101,0.833,0.039,439,8.53,4.28,0.07,0.82,0.06,1.08,0.00,0.00,8.40,3.70,0.01,0.20,0.002,0.032,112,0.594,0.896,0.001,0.000,0.103,264095,263127,2,0.920,0.000,0.000,42196,0.137,0.398,0.003,96.49,66813,1306,0.149,0.200,0.001,1291582,1.03,17.06,0.001,0.003,0.004,6,9,9,64,12506,0.048,66.95,0.0078,0.000,37,0.697,0.000,0.865,0.508,3.93,3.78,6.88,0.01,0.004,1.03,1.02,1.04
900000,1446,1.518,0.043,7.72,133880,114850,1623,2,17425,212,967473.1,27.8,0.013,0.090,0.864,0.033,425,8.20,3.24,0.09,0.80,0.05,0.75,0.00,0.11,8.06,3.04,0.01,0.17,0.004,0.049,120,0.555,0.893,0.000,0.000,0.107,265938,265499,3,0.862,0.000,0.001,14412,0.215,0.401,0.003,96.38,68333,12,0.131,1.000,0.000,1007866,1.05,17.28,0.000,0.002,0.003,5,9,9,62,11858,0.045,67.05,0.0083,0.000,36,0.644,0.000,0.871,0.505,3.88,3.59,7.02,0.01,0.003,1.05,1.04,1.07
910000,1444,1.539,0.044,7.69,135832,116487,1543,1,17803,149,971435.8,22.6,0.023,0.102,0.844,0.032,426,8.24,3.39,0.05,0.43,0.05,1.05,0.00,0.00,8.13,3.11,0.01,0.22,0.003,0.049,119,0.591,0.891,0.000,0.000,0.109,268368,267772,3,0.859,0.000,0.000,13889,0.149,0.402,0.003,96.72,67909,2110,0.152,0.000,0.000,1249960,1.02,17.33,0.000,0.006,0.003,5,9,9,62,11896,0.045,66.72,0.0083,0.000,39,0.674,0.000,0.867,0.502,3.85,3.59,6.96,0.01,0.003,1.04,1.03,1.02
920000,1485,1.497,0.043,7.79,137615,118719,1635,0,17220,218,968151.6,29.1,0.020,0.096,0.849,0.034,436,8.27,3.88,0.09,1.27,0.05,0.70,0.00,0.00,8.13,3.63,0.01,0.19,0.005,0.065,110,0.630,0.877,0.000,0.000,0.123,265753,265529,3,0.839,0.000,0.000,19294,0.187,0.398,0.003,96.71,64689,0,0.133,0.000,0.000,1207263,1.04,17.30,0.001,0.005,0.002,4,9,9,64,12282,0.047,66.73,0.0080,0.000,35,0.678,0.000,0.872,0.490,3.87,3.64,6.86,0.01,0.002,1.04,1.02,1.05
930000,1460,1.508,0.043,7.99,135640,116567,1573,2,17523,272,969254.7,40.4,0.025,0.084,0.854,0.037,437,8.27,3.41,0.04,0.46,0.10,1.39,0.00,0.00,8.12,2.82,0.02,0.29,0.006,0.064,116,0.605,0.893,0.000,0.000,0.107,264438,264340,3,0.857,0.000,0.000,19162,0.165,0.401,0.003,96.73,64654,1009,0.148,0.500,0.000,963143,1.02,17.31,0.000,0.005,0.004,5,9,9,62,12076,0.046,66.71,0.0082,0.000,39,0.632,0.000,0.878,0.495,3.93,3.62,7.05,0.02,0.004,1.02,1.01,1.02
940000,1419,1.534,0.043,8.04,132093,113040,1591,2,17501,187,966422.6,25.0,0.022,0.083,0.857,0.038,430,8.39,3.72,0.04,0.43,0.04,0.46,0.00,0.08,8.31,3.68,0.01,0.22,0.007,0.076,113,0.636,0.882,0.001,0.000,0.117,264472,263894,3,0.865,0.016,0.001,9693,0.172,0.401,0.003,96.59,72413,2204,0.133,0.000,0.000,910411,1.02,17.23,0.000,0.001,0.004,4,9,9,50,11902,0.045,66.84,0.0082,0.000,32,0.617,0.000,0.872,0.509,3.95,3.63,7.03,0.01,0.004,1.02,1.01,1.02
950000,1413,1.516,0.042,8.01,132086,112892,1576,0,17624,217,964726.9,28.3,0.029,0.082,0.854,0.035,415,8.50,3.30,0.05,0.53,0.05,0.85,0.00,0.03,8.40,3.23,0.00,0.10,0.005,0.063,109,0.699,0.880,0.000,0.000,0.120,264604,263778,3,0.868,0.000,0.001,40073,0.151,0.399,0.003,96.38,69917,0,0.131,0.000,0.000,853023,1.02,17.04,0.001,0.005,0.001,5,9,9,64,12012,0.046,67.06,0.0081,0.004,24,0.605,0.000,0.874,0.509,3.98,3.71,7.11,0.00,0.001,1.03,1.02,1.03
960000,1446,1.497,0.041,8.21,132720,113260,1548,0,17879,174,964030.7,23.6,0.016,0.075,0.854,0.055,425,8.63,3.09,0.12,0.91,0.04,0.37,0.01,0.14,8.47,2.92,0.01,0.16,0.004,0.051,129,0.667,0.876,0.001,0.000,0.123,266031,265440,3,0.885,0.000,0.002,87713,0.139,0.397,0.003,96.31,69748,0,0.136,0.000,0.000,741629,1.05,16.90,0.000,0.006,0.003,6,9,9,39,12482,0.048,67.13,0.0079,0.000,40,0.576,0.000,0.876,0.509,4.01,3.70,7.19,0.01,0.003,1.07,1.03,1.06
970000,1483,1.502,0.042,8.17,136988,117019,1586,1,18345,148,965227.6,23.4,0.039,0.079,0.829,0.053,434,8.19,3.27,0.05,0.51,0.04,0.48,0.02,0.73,8.08,2.99,0.01,0.19,0.005,0.066,109,0.647,0.870,0.000,0.000,0.130,265448,264735,3,0.840,0.000,0.002,147876,0.145,0.395,0.003,96.59,67131,783,0.158,0.000,0.000,837635,1.02,17.41,0.000,0.003,0.002,4,9,9,44,12139,0.046,66.85,0.0081,0.000,47,0.599,0.000,0.881,0.492,3.88,3.57,6.94,0.01,0.002,1.02,1.01,1.02
980000,1444,1.516,0.044,8.47,134765,115622,1516,1,17665,174,963693.4,18.6,0.023,0.063,0.858,0.056,430,8.35,3.26,0.07,0.65,0.04,0.43,0.01,0.29,8.23,3.21,0.01,0.15,0.006,0.071,126,0.604,0.876,0.000,0.000,0.124,267730,267201,3,0.845,0.030,0.002,37357,0.157,0.405,0.003,96.36,66039,672,0.107,0.000,0.000,535159,1.02,17.27,0.000,0.002,0.003,4,9,9,31,12057,0.046,67.08,0.0081,0.000,37,0.490,0.000,0.876,0.505,3.89,3.59,6.91,0.01,0.003,1.03,1.01,1.03
990000,1465,1.497,0.041,8.39,133525,114347,1621,6,17530,356,962944.2,51.6,0.034,0.065,0.851,0.049,423,8.28,3.71,0.12,1.09,0.07,1.14,0.01,0.22,8.08,3.37,0.01,0.27,0.005,0.061,108,0.642,0.873,0.001,0.000,0.126,262322,261589,3,0.848,0.000,0.002,38509,0.138,0.394,0.003,95.97,68621,382,0.145,0.167,0.000,579250,1.05,17.24,0.001,0.004,0.003,5,9,9,64,12128,0.046,67.47,0.0081,0.002,41,0.509,0.000,0.882,0.500,3.93,3.64,7.00,0.02,0.005,1.05,1.04,1.07
1000000,1385,1.546,0.044,8.12,132631,114074,1586,0,17051,167,961554.0,20.7,0.040,0.061,0.855,0.045,430,8.96,3.62,0.06,0.92,0.05,0.88,0.12,0.65,8.73,3.38,0.01,0.21,0.002,0.027,116,0.699,0.879,0.000,0.000,0.121,264495,263995,3,0.895,0.000,0.037,110941,0.148,0.405,0.003,96.06,66606,0,0.124,0.000,0.000,504716,1.02,16.53,0.001,0.006,0.002,6,9,9,64,12404,0.047,67.38,0.0080,0.000,32,0.486,0.000,0.883,0.507,4.09,3.91,7.24,0.01,0.002,1.03,1.02,1.02
