step,pop,mean_energy,mean_res,mean_genes,births,deaths_energy,deaths_age,deaths_eaten,deaths_body,escapes,plant_intake,meat_intake,stay,n,s,e,w,steps_per_sec,mass_mean,mass_std,hard_mean,hard_std,muscle_mean,muscle_std,sensor_mean,sensor_std,digestive_mean,digestive_std,attack_mean,attack_std,speed_mean,speed_std,distinct_bodies,top_body_share,diet_plants,diet_mixed,diet_meat,diet_none,births_with_neighbor,sexual_births,lineages,top_lineage_share,no_lineage_share,sensor_agents_share,sense_decisions,sense_used,res_std,res_above_half,regrowth
10000,3855,4.055,0.177,10.97,387398,93863,179,293021,2666,13152,6049466.0,668053.6,0.024,0.163,0.175,0.385,0.252,246,53.07,18.80,31.62,16.94,5.16,8.48,0.12,0.84,16.17,4.69,4.63,7.88,0.087,0.139,1020,0.111,0.681,0.296,0.000,0.022,130205,67374,9,0.184,0.271,0.032,2626553,0.124,0.150,0.038,650.26
20000,3560,4.261,0.181,9.85,287645,80613,407,205719,1201,5230,6194394.5,466122.7,0.011,0.179,0.215,0.406,0.189,376,58.46,13.74,35.73,14.28,5.68,9.50,0.13,0.84,16.92,4.03,5.11,8.57,0.090,0.150,616,0.147,0.711,0.271,0.000,0.018,87094,43517,7,0.287,0.126,0.069,1743798,0.091,0.150,0.039,655.19
30000,4171,3.673,0.159,9.86,291932,79944,465,209178,1734,4443,6078412.0,434315.5,0.010,0.187,0.223,0.382,0.198,420,49.93,19.65,30.78,17.48,3.31,7.73,0.24,1.38,15.59,4.24,2.90,6.87,0.054,0.124,773,0.088,0.778,0.194,0.000,0.027,90574,46211,7,0.175,0.233,0.124,3370018,0.085,0.136,0.024,655.26
40000,3885,3.896,0.162,9.09,346210,78567,565,265879,1485,3448,6010476.5,509461.2,0.014,0.153,0.226,0.425,0.182,456,53.78,18.85,34.26,17.36,3.70,8.06,0.33,1.79,15.49,3.56,3.29,7.16,0.058,0.127,475,0.137,0.742,0.239,0.000,0.020,116019,70097,6,0.178,0.134,0.124,4153937,0.085,0.133,0.021,655.24
50000,3784,4.005,0.164,9.40,326131,74479,816,249874,1063,2437,6121226.0,487921.5,0.016,0.160,0.244,0.394,0.185,518,53.33,20.00,32.41,17.92,5.59,10.07,0.12,1.15,15.20,4.09,5.09,9.13,0.088,0.157,365,0.193,0.732,0.248,0.000,0.020,99332,57995,7,0.226,0.000,0.030,2151323,0.106,0.133,0.022,655.31
60000,3669,4.051,0.163,10.31,292737,84055,796,206498,1503,2372,6305300.0,399821.9,0.017,0.136,0.353,0.355,0.138,592,56.40,16.92,33.55,16.33,5.90,10.20,0.34,1.22,16.62,3.24,5.35,9.26,0.093,0.160,413,0.226,0.721,0.261,0.000,0.017,85330,46865,6,0.312,0.000,0.230,2893201,0.102,0.134,0.022,655.32
70000,3413,4.528,0.171,9.44,252812,82060,670,169249,1089,2646,6369945.0,372628.9,0.017,0.143,0.352,0.353,0.134,636,63.75,3.40,44.73,8.95,2.65,7.47,0.20,1.73,16.17,3.07,2.49,7.06,0.042,0.117,286,0.190,0.916,0.077,0.000,0.007,69799,36551,5,0.551,0.009,0.097,8118088,0.090,0.135,0.024,655.29
80000,3927,4.011,0.167,9.94,226046,77464,1438,143233,3397,3532,6249276.0,253381.1,0.009,0.275,0.220,0.224,0.271,696,54.55,20.71,36.12,18.86,3.27,8.09,0.24,1.24,14.91,4.83,3.01,7.52,0.054,0.133,400,0.105,0.832,0.135,0.000,0.033,81026,48738,5,0.302,0.222,0.163,4876381,0.085,0.133,0.022,655.33
90000,3881,4.007,0.158,10.54,223816,82122,1641,137851,2248,6035,6170060.0,254472.2,0.011,0.235,0.289,0.266,0.199,623,54.51,19.58,35.10,18.42,4.02,8.72,0.10,0.69,15.30,4.73,3.63,8.03,0.069,0.145,515,0.113,0.785,0.197,0.000,0.019,80514,48389,6,0.302,0.118,0.060,4509094,0.083,0.127,0.017,655.34
100000,3824,4.029,0.161,10.58,282219,75538,1584,203630,1524,13311,6148280.5,393799.4,0.013,0.183,0.294,0.325,0.186,528,53.10,19.99,31.44,19.19,6.38,10.11,0.04,0.41,15.23,3.62,5.39,9.33,0.129,0.184,492,0.164,0.748,0.226,0.000,0.025,80954,41359,6,0.280,0.208,0.027,1470452,0.091,0.129,0.018,655.34
110000,3777,3.982,0.161,11.02,296018,75707,1483,216939,1936,12278,6120067.5,400312.3,0.013,0.164,0.317,0.343,0.164,582,54.15,19.93,33.17,18.46,5.65,10.04,0.12,1.09,15.21,3.29,5.15,9.20,0.090,0.159,467,0.193,0.712,0.267,0.000,0.021,91268,50334,6,0.231,0.138,0.057,1466633,0.097,0.130,0.018,655.34
120000,3451,4.371,0.170,12.14,331075,85528,1059,241175,3639,3740,6089630.0,417510.1,0.011,0.125,0.372,0.393,0.101,515,60.56,12.44,36.06,14.19,6.93,10.84,0.11,0.71,17.46,3.15,6.33,9.88,0.108,0.170,355,0.247,0.727,0.259,0.000,0.014,114237,70485,4,0.569,0.061,0.064,3143971,0.097,0.138,0.026,655.34
130000,3861,3.921,0.160,10.80,337701,84203,697,247298,5093,4244,6195277.5,447627.3,0.011,0.117,0.392,0.392,0.088,548,53.32,20.34,33.21,18.88,4.56,9.20,0.29,1.93,15.26,3.76,4.13,8.35,0.073,0.147,514,0.164,0.703,0.273,0.000,0.024,112666,66603,5,0.205,0.037,0.076,2374828,0.101,0.129,0.018,655.33
140000,3776,4.077,0.163,10.52,298242,86846,781,208102,2598,5557,6241940.0,407967.7,0.011,0.118,0.369,0.403,0.100,570,54.57,19.73,34.53,18.95,4.27,9.11,0.20,1.50,15.58,3.69,3.90,8.39,0.068,0.145,440,0.168,0.823,0.159,0.000,0.017,104218,63587,4,0.317,0.192,0.074,3308187,0.101,0.131,0.020,655.33
150000,3584,4.284,0.162,10.47,287995,80733,970,203438,3046,6829,6229816.5,391494.6,0.009,0.140,0.349,0.370,0.132,609,59.00,9.88,37.14,15.24,5.48,8.41,0.13,0.83,16.24,2.45,5.17,7.81,0.106,0.152,284,0.184,0.787,0.206,0.000,0.008,97528,58088,6,0.319,0.002,0.072,2775081,0.093,0.132,0.020,655.34
160000,3705,4.194,0.160,10.55,219666,73592,1556,142610,1787,6707,6173611.0,332278.2,0.006,0.184,0.303,0.328,0.178,767,57.84,14.52,37.94,16.06,3.89,7.85,0.28,1.49,15.72,3.55,3.71,7.58,0.067,0.132,446,0.173,0.778,0.204,0.000,0.019,63872,31602,5,0.368,0.041,0.125,3669849,0.087,0.128,0.017,655.34
170000,3809,3.985,0.165,10.91,275618,72964,1404,199324,1822,6000,6170751.5,430179.2,0.005,0.164,0.321,0.366,0.144,640,53.94,18.29,32.91,17.81,5.41,9.20,0.30,1.34,15.32,4.23,5.11,8.79,0.091,0.152,454,0.125,0.737,0.241,0.000,0.022,83239,44907,5,0.310,0.167,0.145,5121227,0.086,0.136,0.024,655.34
180000,3892,3.985,0.161,10.26,280591,75590,1423,201151,2344,5379,6154388.5,427826.4,0.007,0.165,0.336,0.350,0.142,636,52.34,20.62,32.47,18.21,4.98,9.10,0.26,1.67,14.63,4.09,4.92,9.00,0.078,0.143,478,0.149,0.705,0.275,0.000,0.020,86412,47722,4,0.256,0.277,0.083,4227434,0.085,0.129,0.018,655.34
190000,3725,4.045,0.164,10.80,342463,78594,1190,260878,1968,3115,6114652.0,515397.1,0.011,0.142,0.362,0.368,0.118,568,53.75,18.86,31.99,17.38,6.43,10.06,0.21,1.32,15.11,3.67,6.37,10.01,0.101,0.158,425,0.189,0.650,0.327,0.000,0.022,111961,64517,6,0.277,0.023,0.075,3036350,0.102,0.131,0.021,655.34
200000,3963,3.863,0.160,10.57,342811,78241,1135,262059,1138,2919,6123331.5,518803.7,0.011,0.142,0.364,0.367,0.116,531,50.97,20.61,30.84,18.31,5.23,9.58,0.24,1.73,14.65,4.01,5.17,9.46,0.082,0.150,469,0.207,0.702,0.275,0.000,0.023,108849,61942,5,0.294,0.002,0.063,2457514,0.100,0.130,0.019,655.34
210000,3807,4.045,0.160,10.76,346307,79592,1183,264483,1205,2733,6112160.0,511915.0,0.011,0.136,0.381,0.365,0.107,557,53.28,19.26,31.54,17.84,6.57,10.46,0.23,1.49,14.93,3.20,6.53,10.41,0.103,0.164,373,0.256,0.641,0.338,0.000,0.021,108960,61988,6,0.277,0.076,0.084,2506158,0.099,0.127,0.016,655.35
220000,3689,4.129,0.163,10.95,326018,82955,1173,240919,1089,2556,6140491.0,458071.3,0.011,0.145,0.379,0.352,0.114,594,55.93,17.55,35.26,17.10,5.38,9.75,0.25,1.82,15.05,3.42,5.35,9.73,0.085,0.153,355,0.274,0.694,0.287,0.000,0.019,102732,58495,5,0.307,0.111,0.061,2281949,0.101,0.129,0.018,655.34
230000,4215,3.686,0.150,10.39,319718,82706,1225,234256,1005,2793,6183473.5,447507.8,0.010,0.148,0.375,0.349,0.118,607,49.28,20.93,29.77,18.88,4.41,9.14,0.21,1.40,14.90,4.12,4.28,8.98,0.070,0.144,587,0.228,0.753,0.217,0.000,0.030,100442,55442,5,0.242,0.320,0.050,1645538,0.111,0.123,0.013,655.34
240000,3786,3.987,0.162,10.92,329659,83219,1247,244087,1535,2543,6176923.5,461228.0,0.010,0.137,0.375,0.368,0.110,588,53.69,19.30,32.88,17.99,5.52,9.92,0.22,1.63,15.06,3.78,5.46,9.83,0.087,0.157,468,0.297,0.705,0.270,0.000,0.024,104631,58641,7,0.272,0.090,0.044,1093271,0.120,0.129,0.018,655.34
250000,3970,3.857,0.159,10.70,325693,81509,1159,241351,1490,2789,6166702.0,448948.4,0.009,0.145,0.378,0.350,0.118,559,52.14,20.38,31.72,18.12,5.60,9.98,0.13,1.04,14.69,3.82,5.53,9.89,0.088,0.156,468,0.244,0.693,0.284,0.000,0.023,103770,57663,6,0.257,0.035,0.044,1611793,0.109,0.130,0.020,655.34
260000,3713,4.045,0.165,10.89,328077,80693,1123,244824,1694,2434,6211565.0,464860.6,0.008,0.146,0.378,0.350,0.119,596,54.91,17.96,33.10,17.32,6.36,10.41,0.17,1.64,15.28,3.43,6.28,10.34,0.100,0.163,394,0.249,0.665,0.308,0.000,0.027,102309,57025,7,0.301,0.037,0.055,1457680,0.109,0.132,0.020,655.34
270000,3936,3.913,0.155,10.79,324829,81767,1128,240384,1327,2423,6155213.0,459590.3,0.007,0.141,0.381,0.360,0.111,588,52.64,19.95,32.04,18.05,5.74,9.98,0.29,1.68,14.57,3.53,5.60,9.85,0.091,0.158,444,0.216,0.667,0.303,0.000,0.030,102520,59656,7,0.291,0.011,0.100,3580107,0.101,0.124,0.014,655.34
280000,3654,4.163,0.163,11.25,321117,83505,1219,234793,1882,3166,6181047.5,453027.3,0.007,0.137,0.395,0.360,0.101,579,57.05,16.15,36.09,16.44,5.47,9.83,0.29,1.86,15.21,3.09,5.43,9.78,0.086,0.155,341,0.274,0.687,0.294,0.000,0.020,99622,56626,7,0.390,0.004,0.100,4324310,0.099,0.130,0.019,655.34
290000,3882,3.845,0.157,11.11,328718,83212,1238,242199,1841,3395,6100760.0,457694.1,0.006,0.131,0.380,0.381,0.101,567,52.88,19.89,32.87,17.94,5.24,9.67,0.25,1.71,14.51,4.20,5.09,9.52,0.084,0.154,466,0.265,0.691,0.287,0.000,0.022,106283,62410,6,0.368,0.044,0.085,3923864,0.097,0.126,0.016,655.35
300000,3759,4.036,0.161,11.02,313028,84399,1283,226138,1331,3282,6199688.0,423251.4,0.006,0.139,0.382,0.373,0.101,556,54.82,17.74,35.39,17.29,4.27,8.72,0.17,1.17,14.99,3.67,4.17,8.57,0.068,0.137,480,0.275,0.699,0.275,0.000,0.026,100205,58093,5,0.402,0.018,0.092,3679536,0.095,0.127,0.017,655.35
310000,3948,3.910,0.158,10.88,305357,83422,1376,219525,845,2779,6093311.5,413501.4,0.006,0.149,0.373,0.360,0.112,613,52.95,19.61,33.48,18.36,4.55,9.01,0.31,1.74,14.60,4.03,4.39,8.85,0.073,0.144,491,0.243,0.710,0.267,0.000,0.023,95210,53346,5,0.378,0.045,0.114,3501024,0.093,0.127,0.017,655.35
320000,3626,4.225,0.166,11.18,317029,83528,1358,231674,791,3296,6076485.0,428018.9,0.006,0.147,0.370,0.363,0.114,607,57.25,16.08,36.95,16.13,5.19,9.50,0.18,0.88,14.93,3.23,5.09,9.37,0.082,0.150,367,0.261,0.688,0.297,0.000,0.015,100789,58172,5,0.414,0.002,0.110,4041923,0.089,0.130,0.020,655.35
330000,3549,4.255,0.171,11.61,311780,82693,1377,225787,2000,3472,6091712.5,423522.4,0.006,0.146,0.368,0.370,0.111,615,58.52,15.03,37.81,15.47,5.51,9.86,0.16,0.87,15.04,2.79,5.43,9.79,0.087,0.155,320,0.307,0.702,0.281,0.000,0.018,97074,53579,5,0.461,0.057,0.101,3570928,0.091,0.134,0.023,655.35
340000,3517,4.249,0.170,11.48,310612,84243,1257,222176,2968,5409,6231359.5,430680.5,0.006,0.135,0.391,0.370,0.098,598,58.69,13.66,36.19,15.92,6.29,9.81,0.31,0.97,15.91,3.73,6.04,9.55,0.104,0.159,332,0.272,0.662,0.322,0.000,0.016,94907,52016,7,0.336,0.057,0.160,3614736,0.092,0.136,0.024,655.34
350000,3583,4.302,0.159,11.41,278272,74305,1369,200655,1877,7638,6200400.5,467283.9,0.005,0.151,0.408,0.318,0.117,566,58.38,13.07,36.03,16.11,5.45,8.51,0.41,1.30,16.48,3.43,4.98,7.91,0.092,0.144,411,0.260,0.735,0.250,0.000,0.015,76063,39612,5,0.364,0.000,0.220,6920335,0.082,0.128,0.017,655.34
360000,3386,4.510,0.156,11.98,183186,72047,1740,109169,427,6277,6300679.0,302283.1,0.004,0.168,0.388,0.300,0.140,780,62.51,3.13,40.97,12.34,3.81,7.17,0.46,0.85,17.26,3.24,3.70,6.89,0.065,0.122,330,0.285,0.875,0.119,0.000,0.006,41121,15828,5,0.478,0.000,0.281,9399815,0.077,0.124,0.014,655.35
370000,3761,4.186,0.158,10.94,172713,71758,1817,97920,843,7919,6256098.0,278227.9,0.007,0.173,0.367,0.302,0.150,769,55.96,18.05,35.08,17.71,4.57,7.74,0.33,1.01,15.98,4.63,4.21,7.42,0.084,0.140,484,0.195,0.772,0.209,0.000,0.019,38489,13485,5,0.218,0.282,0.232,9338400,0.070,0.129,0.018,655.35
380000,3382,4.387,0.153,12.72,167557,78468,1380,87338,750,7297,6275165.0,255475.9,0.005,0.148,0.444,0.284,0.120,799,62.23,3.02,36.79,11.77,4.79,7.83,0.99,1.22,19.68,3.55,4.72,7.69,0.080,0.131,444,0.129,0.849,0.143,0.000,0.008,33882,12660,5,0.616,0.021,0.556,14131808,0.075,0.123,0.014,655.35
390000,3287,4.487,0.168,13.04,223070,95867,727,125461,1110,7107,6283735.5,373395.1,0.011,0.059,0.561,0.350,0.019,596,61.09,2.98,25.88,11.51,13.45,8.71,1.11,1.13,20.64,3.19,13.24,8.51,0.222,0.142,316,0.330,0.633,0.357,0.000,0.011,50931,24325,4,0.742,0.043,0.720,21819498,0.090,0.140,0.027,655.35
400000,3464,4.243,0.150,13.73,178968,94716,833,83239,3,5064,6257725.0,276316.4,0.008,0.055,0.566,0.335,0.036,654,61.78,3.57,37.21,11.39,4.05,7.30,1.07,1.01,19.45,3.16,3.97,7.12,0.070,0.125,391,0.269,0.870,0.124,0.000,0.007,36300,13560,5,0.642,0.024,0.748,20227685,0.075,0.121,0.013,655.35
410000,3387,4.427,0.156,13.96,195067,72113,1231,121799,1,8194,6303672.5,413787.5,0.012,0.040,0.553,0.328,0.066,620,62.07,3.05,34.81,13.36,6.64,8.59,0.92,1.04,19.70,3.88,6.56,8.46,0.111,0.143,396,0.180,0.809,0.183,0.000,0.009,39499,17724,2,0.594,0.001,0.623,20500899,0.068,0.125,0.015,655.31
420000,3246,4.605,0.174,14.17,179768,74958,1169,103779,3,6184,6413817.5,348624.7,0.013,0.052,0.496,0.353,0.086,636,62.33,2.82,32.11,13.95,10.93,10.01,0.66,0.81,18.64,3.74,10.60,9.58,0.178,0.161,344,0.233,0.694,0.293,0.000,0.014,37425,13590,2,0.578,0.014,0.483,18567692,0.076,0.139,0.026,655.34
430000,3562,4.226,0.155,14.01,195550,76544,1163,116617,910,5970,6119126.0,321627.1,0.013,0.052,0.517,0.329,0.089,596,57.90,14.08,30.00,14.62,7.52,9.13,0.73,0.85,19.64,4.73,7.38,8.90,0.125,0.151,566,0.184,0.735,0.250,0.000,0.015,47357,20243,3,0.408,0.332,0.522,16554810,0.071,0.128,0.017,655.35
440000,3596,4.137,0.153,13.60,319360,77151,842,237846,3487,15329,6013621.5,525435.9,0.018,0.053,0.545,0.310,0.074,465,56.43,16.41,28.92,16.14,7.47,8.83,0.58,0.86,19.45,4.89,7.15,8.80,0.137,0.155,513,0.270,0.709,0.271,0.000,0.019,95225,54421,7,0.418,0.177,0.444,13973437,0.066,0.125,0.015,655.34
450000,3470,4.367,0.161,14.34,289679,68213,1114,217312,3166,9597,6209603.0,489371.9,0.019,0.065,0.469,0.344,0.103,431,60.97,10.91,36.33,14.88,5.83,9.00,0.37,1.39,18.44,4.28,5.75,8.85,0.094,0.145,400,0.221,0.797,0.197,0.000,0.007,91770,49914,5,0.576,0.052,0.276,6942252,0.060,0.131,0.019,655.31
460000,4108,3.773,0.152,12.14,311507,82776,1205,219909,6979,5569,6060373.5,410629.2,0.016,0.059,0.548,0.296,0.080,442,48.76,21.93,25.77,18.37,5.96,8.46,0.33,1.06,16.71,5.91,5.14,8.18,0.129,0.173,747,0.172,0.751,0.216,0.000,0.033,105972,64360,6,0.313,0.172,0.232,12704433,0.059,0.129,0.018,655.35
470000,3855,3.992,0.154,14.09,340689,75230,1025,260572,4115,11200,5977120.0,543158.5,0.014,0.060,0.520,0.322,0.084,366,53.47,20.26,29.73,17.59,6.29,9.31,0.28,0.78,17.18,5.63,5.92,9.07,0.109,0.159,614,0.084,0.756,0.226,0.000,0.018,107355,58615,6,0.495,0.146,0.232,10338022,0.056,0.127,0.017,655.34
480000,4206,3.653,0.145,12.24,408510,73786,833,326144,7396,6650,6063925.0,623303.9,0.012,0.052,0.549,0.318,0.069,358,46.82,23.86,24.35,18.57,5.81,8.96,0.37,0.74,16.28,5.88,5.69,8.81,0.095,0.147,612,0.148,0.713,0.261,0.000,0.026,136153,84059,3,0.404,0.002,0.325,11087836,0.056,0.121,0.013,655.35
490000,3346,4.442,0.165,14.94,224916,65460,966,157245,2105,6219,6347085.5,400217.7,0.010,0.057,0.543,0.315,0.075,601,62.94,2.04,38.70,12.33,5.35,8.88,0.41,0.68,18.49,3.79,5.22,8.67,0.086,0.142,407,0.219,0.845,0.148,0.000,0.007,57628,29839,2,0.597,0.157,0.348,15572042,0.052,0.133,0.022,655.34
500000,3466,4.289,0.157,14.74,134467,65468,2058,66814,7,2991,6325210.5,221375.0,0.012,0.083,0.513,0.300,0.093,750,61.25,3.96,37.90,11.39,4.57,8.24,0.47,0.89,18.31,3.89,4.54,8.18,0.074,0.132,450,0.218,0.845,0.145,0.000,0.010,28490,7106,5,0.662,0.090,0.364,13348129,0.054,0.126,0.015,655.34
510000,3434,4.357,0.158,15.07,139616,67068,2018,70541,21,2923,6350886.5,230482.7,0.012,0.090,0.510,0.284,0.103,777,61.70,4.15,39.57,11.14,3.65,7.72,0.54,0.99,17.95,3.91,3.58,7.55,0.059,0.124,493,0.154,0.877,0.114,0.000,0.009,30866,7993,5,0.432,0.003,0.420,11984582,0.054,0.125,0.015,655.34
520000,3358,4.491,0.162,15.26,128095,65961,2526,59678,6,2422,6357558.0,195953.4,0.010,0.092,0.510,0.291,0.098,803,63.02,2.40,39.42,12.78,5.35,8.89,0.64,0.91,17.62,4.30,5.29,8.75,0.086,0.142,351,0.225,0.839,0.156,0.000,0.005,27753,6904,5,0.400,0.027,0.527,16329139,0.062,0.125,0.013,655.35
530000,3515,4.191,0.159,15.41,138403,67742,2399,67960,145,2760,6339315.5,211345.3,0.008,0.085,0.519,0.295,0.093,726,59.89,11.79,37.42,14.76,4.60,8.36,0.68,1.10,17.19,4.47,4.53,8.20,0.074,0.135,498,0.212,0.850,0.140,0.000,0.010,30844,9367,6,0.416,0.030,0.529,18308866,0.064,0.127,0.016,655.35
540000,3451,4.369,0.158,15.26,172860,68816,2056,101105,947,3372,6328883.0,284343.2,0.008,0.076,0.535,0.294,0.087,588,60.63,10.83,36.19,15.15,6.07,9.07,0.69,0.91,17.67,4.58,6.00,8.98,0.098,0.146,365,0.279,0.802,0.188,0.000,0.010,42272,16685,5,0.422,0.080,0.587,19262732,0.063,0.125,0.014,655.35
550000,3386,4.472,0.156,14.77,229029,70443,1360,155599,1692,4964,6227561.5,413262.9,0.006,0.068,0.553,0.309,0.065,454,61.15,6.31,31.22,13.51,9.62,9.79,0.82,1.07,19.49,3.95,9.52,9.69,0.155,0.158,421,0.449,0.716,0.273,0.000,0.012,55675,26153,7,0.470,0.011,0.691,22737992,0.062,0.125,0.015,655.35
560000,3669,4.106,0.157,15.32,152264,68358,2041,81433,149,2997,6323980.0,253571.3,0.007,0.084,0.516,0.310,0.083,655,56.32,17.06,32.96,17.27,5.83,8.95,0.60,0.83,16.93,5.14,5.52,8.74,0.103,0.158,531,0.250,0.784,0.195,0.000,0.022,33388,10647,7,0.422,0.118,0.518,18821446,0.064,0.126,0.016,655.35
570000,3912,3.889,0.150,14.11,303265,72686,1349,226005,2982,12463,6132296.5,498149.6,0.006,0.060,0.558,0.313,0.062,437,52.21,21.16,28.60,19.00,6.38,9.15,0.74,2.16,16.50,5.51,6.06,8.87,0.112,0.160,581,0.251,0.754,0.225,0.000,0.021,87366,47850,10,0.323,0.070,0.498,19524259,0.062,0.122,0.013,655.35
580000,3457,4.385,0.165,15.59,277302,76735,865,197817,2340,11673,6245115.0,484043.5,0.005,0.057,0.592,0.291,0.055,471,59.38,5.54,35.55,13.43,6.74,9.38,0.41,1.10,16.69,2.80,6.21,8.64,0.121,0.167,525,0.210,0.790,0.197,0.000,0.013,74516,39359,5,0.618,0.022,0.254,13436963,0.073,0.134,0.024,655.35
590000,3649,4.103,0.146,16.21,177288,80127,1347,95603,19,6657,6145548.0,289184.5,0.004,0.074,0.580,0.272,0.070,578,58.81,5.71,37.68,10.79,3.24,7.07,0.43,1.30,17.46,3.23,2.90,6.36,0.061,0.132,734,0.121,0.886,0.106,0.000,0.008,36937,11169,4,0.725,0.105,0.207,8002661,0.080,0.117,0.009,655.35
600000,3604,4.202,0.148,15.87,317786,84353,916,230160,2402,8832,6050324.5,484602.0,0.006,0.072,0.571,0.253,0.098,322,59.34,6.61,37.97,11.99,3.96,7.73,0.45,1.38,16.96,3.47,3.50,6.91,0.075,0.146,623,0.093,0.868,0.126,0.000,0.006,90633,42532,7,0.317,0.061,0.248,7741766,0.091,0.118,0.010,655.35
610000,3476,4.257,0.165,15.73,317698,78255,647,236450,2474,13719,6330623.0,545460.5,0.006,0.072,0.562,0.266,0.094,347,61.94,5.11,42.70,11.31,3.09,7.07,0.12,0.84,16.03,2.89,2.89,6.57,0.057,0.130,354,0.556,0.899,0.089,0.000,0.011,90064,44464,7,0.782,0.026,0.055,6254234,0.091,0.130,0.019,655.33
620000,4165,3.738,0.158,14.31,269928,80242,1424,185957,1616,12455,6130095.0,422753.0,0.005,0.088,0.537,0.278,0.092,391,47.47,22.65,26.16,20.20,6.48,9.25,0.15,1.16,14.68,5.03,5.54,8.89,0.139,0.180,688,0.230,0.746,0.220,0.000,0.034,77786,36909,7,0.286,0.279,0.046,2229539,0.101,0.131,0.019,655.34
630000,4076,3.798,0.153,14.03,328191,78169,1473,246775,1863,19236,6068851.5,503321.9,0.006,0.105,0.496,0.276,0.117,379,49.97,21.53,28.48,19.95,6.83,9.94,0.15,1.30,14.51,4.69,5.80,9.35,0.145,0.190,551,0.225,0.759,0.220,0.000,0.021,98789,52180,6,0.290,0.071,0.041,1519363,0.109,0.126,0.017,655.34
640000,3952,3.985,0.155,14.26,364746,79421,1427,280156,3866,18469,6069795.5,520281.1,0.003,0.106,0.471,0.307,0.113,409,52.58,19.85,32.89,19.21,4.52,8.48,0.13,1.34,15.04,4.45,3.62,7.05,0.091,0.158,549,0.277,0.774,0.207,0.001,0.019,118146,69210,5,0.403,0.091,0.049,1589759,0.110,0.126,0.015,655.34
650000,4157,3.793,0.153,14.18,251332,72723,1947,174611,1846,8858,6159146.0,351569.3,0.003,0.123,0.392,0.349,0.134,488,50.26,21.04,31.54,19.36,3.46,7.48,0.14,0.75,15.13,4.86,2.74,5.88,0.063,0.138,730,0.266,0.823,0.153,0.000,0.024,73658,36625,5,0.462,0.136,0.064,1801514,0.098,0.127,0.016,655.35
660000,4135,3.767,0.148,13.55,284858,75062,1844,205086,2888,10449,6163107.5,423905.9,0.005,0.116,0.420,0.330,0.129,494,50.33,20.80,31.24,19.50,3.91,7.68,0.11,1.07,15.07,4.40,3.61,7.20,0.080,0.137,548,0.300,0.796,0.177,0.000,0.027,83773,42120,7,0.401,0.330,0.036,2044501,0.102,0.122,0.012,655.35
670000,3774,4.087,0.160,14.67,230924,70605,2060,156671,1949,7585,6160042.5,346691.9,0.004,0.107,0.418,0.347,0.124,517,55.63,18.87,34.35,17.59,5.78,9.44,0.11,0.72,15.38,3.91,5.64,9.21,0.092,0.150,550,0.266,0.760,0.225,0.000,0.015,60956,25915,5,0.380,0.154,0.059,2251602,0.101,0.129,0.018,655.35
680000,3763,4.194,0.156,15.73,287240,72371,1781,207316,5783,9438,6118175.5,405813.3,0.003,0.098,0.425,0.353,0.121,366,54.15,18.03,31.86,18.94,6.39,9.64,0.14,0.69,15.76,4.46,5.28,8.53,0.121,0.179,547,0.245,0.767,0.213,0.000,0.020,90270,48567,4,0.381,0.168,0.087,2906178,0.086,0.127,0.017,655.35
690000,3539,4.349,0.160,15.13,293878,73770,1839,212351,6142,11424,6118188.5,415032.8,0.003,0.100,0.426,0.352,0.119,382,59.46,10.98,36.21,15.86,6.97,10.04,0.19,1.07,16.07,3.20,5.99,8.88,0.123,0.176,288,0.280,0.762,0.229,0.000,0.009,96451,53038,5,0.314,0.183,0.125,3868390,0.083,0.128,0.016,655.35
700000,4248,3.695,0.147,13.67,260906,71724,1960,182879,3634,11180,6079595.0,374505.8,0.002,0.095,0.429,0.361,0.112,469,48.70,22.07,28.13,20.76,5.59,8.95,0.37,1.88,14.62,4.25,4.25,7.91,0.126,0.181,581,0.184,0.799,0.177,0.000,0.023,82022,44006,7,0.160,0.218,0.163,6047478,0.081,0.121,0.012,655.35
710000,3711,4.108,0.161,15.06,354503,75590,1543,273336,4571,20797,6035256.0,522609.2,0.002,0.096,0.433,0.363,0.105,387,55.93,17.76,35.91,17.55,4.80,9.29,0.27,1.11,14.95,3.78,4.33,8.77,0.084,0.159,508,0.229,0.755,0.226,0.000,0.019,118637,66361,7,0.196,0.139,0.165,6292624,0.083,0.128,0.018,655.34
720000,3811,4.008,0.158,15.25,234090,72162,2086,157938,1804,14555,6195207.0,315878.1,0.003,0.106,0.440,0.321,0.130,479,52.92,19.20,33.07,18.92,4.45,7.78,0.33,1.01,15.07,4.10,3.59,6.73,0.096,0.160,709,0.189,0.773,0.208,0.000,0.019,69722,33177,6,0.186,0.183,0.194,7403672,0.077,0.129,0.018,655.35
730000,3700,4.153,0.154,15.17,254344,70454,2002,180030,1969,20348,6177818.5,404366.1,0.003,0.105,0.436,0.321,0.134,478,55.12,15.58,33.87,17.76,5.20,7.85,0.20,1.09,15.85,4.02,4.47,7.11,0.114,0.159,578,0.265,0.766,0.216,0.000,0.017,68314,30080,8,0.335,0.044,0.115,5801637,0.081,0.125,0.015,655.35
740000,3610,4.293,0.159,15.40,285910,70852,1809,211377,1962,18496,6171369.5,467956.6,0.004,0.097,0.458,0.318,0.123,458,57.83,13.61,37.24,15.73,4.30,7.75,0.30,1.00,15.99,3.19,4.12,7.37,0.078,0.139,488,0.270,0.798,0.187,0.000,0.014,80105,38752,8,0.306,0.184,0.193,5385181,0.085,0.127,0.016,655.35
750000,3801,4.025,0.160,14.53,294290,74518,1593,213886,4102,8555,6060962.5,454064.1,0.003,0.082,0.483,0.340,0.092,355,52.37,21.33,28.77,17.66,8.15,9.53,0.42,1.42,15.04,4.15,7.71,9.32,0.141,0.158,488,0.228,0.667,0.309,0.000,0.024,87145,46408,7,0.299,0.088,0.317,11845810,0.080,0.130,0.019,655.35
760000,3724,4.177,0.163,14.91,457992,74874,1030,373344,8821,20812,6025972.5,665795.3,0.006,0.072,0.492,0.350,0.078,283,54.69,18.93,33.14,17.71,6.44,10.05,0.32,1.82,14.79,3.95,6.02,9.69,0.111,0.167,500,0.221,0.680,0.298,0.000,0.022,159465,96380,8,0.227,0.211,0.161,9104456,0.077,0.130,0.019,655.35
770000,3968,3.831,0.153,14.49,338958,75368,1770,259085,2491,9263,6062945.5,466860.6,0.005,0.102,0.455,0.321,0.117,389,50.81,21.60,30.96,19.48,5.10,9.46,0.18,1.02,14.57,3.93,4.79,9.27,0.091,0.156,551,0.244,0.751,0.227,0.000,0.022,109757,60106,6,0.195,0.333,0.098,4326065,0.088,0.124,0.014,655.35
780000,3768,4.043,0.157,14.91,353814,73952,1692,275623,2747,5483,6050499.5,468437.2,0.005,0.095,0.462,0.333,0.104,422,55.33,18.49,35.74,17.46,4.64,9.17,0.29,1.57,14.66,3.38,4.55,9.11,0.076,0.149,443,0.268,0.743,0.238,0.000,0.019,118977,68703,6,0.356,0.114,0.168,4451791,0.081,0.125,0.015,655.35
790000,3974,3.936,0.152,14.45,337523,77411,1678,255720,2508,4689,6059086.5,447170.0,0.005,0.092,0.467,0.333,0.103,429,52.30,20.94,33.45,18.63,4.23,8.95,0.27,1.19,14.35,3.86,4.13,8.84,0.068,0.141,448,0.232,0.782,0.197,0.000,0.021,117649,69423,5,0.192,0.271,0.181,5522032,0.082,0.121,0.012,655.35
800000,3710,4.061,0.159,14.67,345609,75516,1708,266150,2499,5339,6073063.5,466788.0,0.005,0.083,0.471,0.348,0.093,438,55.51,18.05,35.82,16.98,4.81,9.33,0.26,1.25,14.62,3.33,4.71,9.22,0.077,0.149,425,0.268,0.725,0.257,0.000,0.018,117702,69135,7,0.198,0.364,0.154,6031512,0.080,0.126,0.016,655.35
810000,4153,3.725,0.147,13.47,356559,81407,1509,270357,2843,3705,6055473.5,468881.2,0.005,0.078,0.482,0.348,0.087,493,50.04,21.43,30.52,18.95,4.88,9.51,0.14,0.84,14.51,3.53,4.73,9.39,0.080,0.153,476,0.259,0.759,0.213,0.000,0.029,125359,77924,9,0.326,0.110,0.086,4865112,0.078,0.120,0.012,655.35
820000,3922,3.830,0.152,13.47,366877,86399,1425,276634,2650,3915,6034349.5,489364.2,0.005,0.076,0.486,0.355,0.079,536,52.49,20.10,32.94,18.25,4.71,9.38,0.15,0.83,14.69,3.26,4.64,9.26,0.074,0.148,395,0.280,0.747,0.226,0.000,0.027,124446,79334,8,0.252,0.090,0.103,3511871,0.079,0.122,0.013,655.35
830000,3759,3.978,0.156,13.77,358388,86614,1545,268285,2107,3019,6043634.0,469081.5,0.005,0.088,0.473,0.350,0.084,559,54.37,18.61,34.54,17.35,4.92,9.45,0.14,0.59,14.77,2.91,4.89,9.40,0.077,0.148,344,0.239,0.733,0.250,0.000,0.018,119937,76229,8,0.212,0.021,0.111,3799299,0.077,0.124,0.014,655.35
840000,3783,3.959,0.156,14.11,339507,86551,1631,249408,1893,3108,6097328.5,443703.6,0.005,0.097,0.458,0.348,0.092,565,55.36,17.71,35.37,16.87,5.06,9.49,0.12,0.54,14.81,3.09,4.99,9.39,0.080,0.151,361,0.274,0.711,0.264,0.000,0.025,113032,69765,10,0.212,0.057,0.091,3400240,0.078,0.124,0.014,655.35
850000,3819,3.932,0.150,13.68,321947,84239,1690,233875,2107,3116,6100074.0,430965.4,0.004,0.095,0.445,0.361,0.095,549,54.31,18.20,33.96,17.30,5.21,9.68,0.12,0.67,15.03,3.11,5.16,9.61,0.082,0.152,375,0.246,0.735,0.243,0.000,0.022,100824,58785,6,0.244,0.026,0.072,2809602,0.081,0.120,0.013,655.35
860000,3828,3.974,0.149,14.22,325469,84330,1744,236765,2621,2707,6036508.0,429684.4,0.005,0.093,0.446,0.365,0.090,576,54.19,18.91,35.07,17.48,4.26,8.90,0.15,0.99,14.72,3.65,4.18,8.75,0.067,0.139,388,0.245,0.754,0.230,0.000,0.016,102277,60345,10,0.185,0.082,0.083,2705911,0.081,0.118,0.010,655.35
870000,4037,3.786,0.147,13.14,324649,80825,1739,238717,3159,2680,6063275.0,440679.2,0.004,0.094,0.449,0.364,0.089,577,50.73,20.42,31.39,18.76,4.34,9.04,0.11,0.54,14.89,3.52,4.28,8.94,0.069,0.142,483,0.217,0.751,0.224,0.000,0.025,96894,54390,11,0.300,0.009,0.078,3359192,0.077,0.120,0.012,655.35
880000,3804,3.958,0.154,13.70,328161,82932,1506,241311,2645,2933,6048975.0,437750.5,0.005,0.090,0.464,0.350,0.091,585,54.26,18.61,34.15,17.41,5.18,9.68,0.09,0.73,14.83,3.22,5.11,9.55,0.081,0.152,349,0.247,0.730,0.251,0.000,0.019,107340,66526,12,0.216,0.007,0.066,2674695,0.080,0.124,0.014,655.35
890000,3982,3.836,0.156,13.18,340666,85225,1367,250926,2970,3426,6045078.5,463963.7,0.004,0.086,0.480,0.343,0.087,564,51.80,20.28,31.20,18.10,5.93,10.25,0.07,0.46,14.59,3.25,5.83,10.05,0.094,0.162,398,0.230,0.705,0.273,0.000,0.022,113144,71682,11,0.268,0.030,0.052,2702593,0.077,0.127,0.016,655.34
900000,3781,3.929,0.157,13.93,335718,85593,1478,246168,2680,2875,6003423.5,442842.8,0.004,0.091,0.472,0.340,0.093,533,54.63,18.60,34.40,17.26,5.40,9.82,0.12,0.89,14.71,3.60,5.33,9.70,0.084,0.154,303,0.297,0.727,0.255,0.001,0.017,112532,71278,10,0.214,0.071,0.085,2880620,0.079,0.124,0.016,655.35
910000,3828,3.999,0.156,14.14,323156,83548,1608,235423,2530,2678,6062700.0,427652.9,0.005,0.089,0.475,0.340,0.090,577,53.87,19.41,34.99,17.65,4.17,8.94,0.12,0.73,14.59,3.46,4.09,8.82,0.066,0.141,364,0.325,0.773,0.209,0.000,0.018,105839,64847,10,0.211,0.032,0.085,3348876,0.076,0.125,0.015,655.35
920000,3586,4.141,0.158,14.89,321022,82470,1632,234831,2331,3924,6079292.0,426216.2,0.006,0.094,0.475,0.329,0.096,577,57.68,16.08,37.61,15.86,5.00,9.46,0.11,0.91,14.96,2.99,4.96,9.42,0.080,0.150,302,0.364,0.725,0.265,0.000,0.010,102784,62074,8,0.244,0.055,0.061,2361764,0.079,0.124,0.015,655.35
930000,4140,3.662,0.142,13.03,317517,82907,1660,230931,1465,3996,6072563.0,425628.8,0.005,0.096,0.477,0.327,0.095,576,49.48,21.70,30.48,19.14,4.46,9.19,0.08,0.56,14.45,3.29,4.39,9.12,0.072,0.147,413,0.275,0.757,0.218,0.000,0.025,97396,55622,11,0.314,0.022,0.057,2093715,0.082,0.116,0.010,655.35
940000,3907,3.973,0.151,13.91,355121,85536,1398,266629,1791,3849,6104661.5,480471.1,0.005,0.091,0.488,0.330,0.086,550,53.71,19.13,34.54,17.63,4.36,9.01,0.07,0.56,14.75,3.11,4.30,8.91,0.068,0.141,368,0.317,0.744,0.235,0.000,0.021,114157,69836,10,0.284,0.006,0.037,2008354,0.080,0.122,0.013,655.35
950000,4034,3.795,0.149,13.17,313885,84022,1693,226016,2027,2603,6036140.0,408517.8,0.006,0.095,0.464,0.337,0.099,556,50.45,21.24,31.21,18.72,4.75,9.42,0.04,0.43,14.44,3.75,4.65,9.23,0.075,0.149,426,0.279,0.742,0.231,0.000,0.027,101875,60433,12,0.293,0.032,0.025,1287952,0.089,0.120,0.011,655.35
960000,3462,4.309,0.152,15.89,235613,77573,1907,155116,1589,3136,6241724.0,304295.5,0.004,0.089,0.477,0.334,0.096,656,60.61,7.08,38.91,14.29,5.54,9.09,0.09,0.57,16.06,2.11,4.60,7.63,0.102,0.167,268,0.386,0.820,0.170,0.000,0.010,69049,36636,8,0.332,0.004,0.058,1599546,0.084,0.119,0.012,655.35
970000,3618,4.182,0.154,16.09,164104,72533,2318,88598,499,6208,6205600.0,222683.6,0.002,0.089,0.463,0.339,0.106,625,58.05,14.46,38.90,15.77,3.54,7.49,0.15,0.82,15.46,3.29,2.98,6.58,0.070,0.148,450,0.257,0.797,0.188,0.000,0.015,39885,13279,7,0.202,0.087,0.094,3127689,0.085,0.121,0.012,655.36
980000,3674,4.242,0.156,15.28,192781,69213,2443,119479,1590,5128,6187975.0,269160.2,0.004,0.102,0.431,0.337,0.125,602,56.56,16.66,36.42,16.82,4.33,8.18,0.20,0.82,15.62,4.45,4.03,7.65,0.073,0.139,497,0.203,0.756,0.225,0.000,0.018,53549,22817,7,0.225,0.165,0.142,5275560,0.079,0.123,0.013,655.36
990000,3555,4.363,0.154,16.17,174697,68316,2343,103050,1107,6353,6237927.5,245774.1,0.003,0.097,0.440,0.341,0.119,633,59.67,11.24,39.71,14.32,3.92,7.91,0.26,1.10,15.78,3.20,3.47,7.12,0.071,0.141,435,0.262,0.820,0.168,0.000,0.012,44482,16734,9,0.295,0.037,0.193,6209915,0.075,0.119,0.010,655.36
1000000,3601,4.310,0.152,15.30,179983,66435,2460,110433,609,6832,6253051.0,280327.3,0.002,0.099,0.423,0.350,0.125,572,57.79,12.73,34.99,16.35,6.28,8.96,0.21,0.70,16.30,3.62,5.86,8.37,0.114,0.160,327,0.201,0.758,0.230,0.000,0.012,44294,16218,8,0.299,0.073,0.167,6593665,0.076,0.121,0.012,655.36
