step,place,pop,mass,hard,muscle,sensor,digestive,bite,shell,biters,cover,plant_intake,meat_intake,lineages,movers,foot,shell_front,shell_back,dead,carrion,soil,barren,regrowth,cells,rain,trees,fruit,fruit_intake,water,dry
10000,0,897,30.63,2.61,5.63,0.63,13.41,0.05,1.78,0.028,0.228,394560.5,144062.6,15,69,4.03,1.63,1.82,22.7934,711.29,31532.9,1.5412,1.2399,5462,25.7211,213,65.8954,342892.8,142.23,4.4060
10000,1,773,31.78,2.60,7.06,1.32,13.16,0.04,1.65,0.022,0.215,382540.1,148580.9,15,79,4.21,1.44,1.84,23.5969,585.41,30925.6,4.0764,1.3229,5461,25.7164,298,64.9233,331295.3,86.56,14.4187
10000,2,688,28.69,1.67,6.61,1.29,12.30,0.03,1.45,0.025,0.171,337820.8,139574.0,12,65,3.99,1.35,1.53,20.2406,575.86,36187.9,3.5166,1.1652,5461,25.7164,312,56.1754,286419.9,71.21,27.3726
20000,0,817,34.64,0.81,6.94,0.17,12.31,0.01,1.27,0.006,0.189,216243.3,142125.5,3,81,3.64,1.28,1.25,13.2048,1105.16,27986.2,0.1023,2.6280,5462,9.9603,84,34.6065,190974.4,142.23,1.5393
20000,1,600,32.67,0.65,6.34,0.31,13.00,0.04,1.21,0.018,0.140,90652.6,48366.6,3,68,3.60,1.22,1.22,3.3973,882.63,35517.7,0.0007,2.6897,5461,9.9585,137,14.3101,63462.0,86.56,3.5234
20000,2,571,33.37,0.91,7.11,0.09,11.85,0.03,1.31,0.014,0.131,75922.2,40173.9,3,108,3.62,1.27,1.32,2.9705,780.55,44313.7,0.0001,2.4187,5461,9.9585,145,11.0260,51317.6,71.21,5.9471
30000,0,858,40.85,0.04,8.05,0.03,12.29,0.01,1.02,0.002,0.200,344192.0,393879.6,4,71,3.60,1.02,1.02,30.1502,1534.76,28628.4,0.1526,1.6929,5462,18.7192,160,62.9198,329920.0,142.23,3.2412
30000,1,808,40.35,0.03,7.77,0.05,12.33,0.00,1.01,0.002,0.186,390409.2,429129.8,7,87,3.51,1.01,1.01,35.9147,934.58,26477.9,1.5805,1.6593,5461,18.7157,143,75.8132,376089.2,86.56,14.4332
30000,2,621,39.51,0.30,7.94,0.04,11.30,0.00,1.11,0.002,0.140,301679.9,334093.2,4,82,3.58,1.09,1.16,24.8490,652.14,28309.4,1.2998,1.9689,5461,18.7157,224,56.5022,283724.1,71.21,25.2197
40000,0,759,42.09,0.00,8.26,0.00,12.79,0.00,1.00,0.000,0.183,196468.7,104539.1,3,83,3.62,1.00,1.00,9.6340,899.08,20367.0,0.1380,2.8682,5462,9.5241,174,33.4130,168555.8,142.23,1.6356
40000,1,644,38.13,0.06,6.17,0.00,12.78,0.00,1.02,0.000,0.139,89055.8,48609.5,3,62,3.59,1.01,1.02,4.2422,584.62,33510.1,0.0207,1.8236,5461,9.5224,130,16.2144,71147.2,86.56,3.6232
40000,2,499,43.35,0.02,7.09,0.00,14.57,0.00,1.01,0.000,0.125,67386.8,33960.1,3,92,3.75,1.01,1.01,2.8520,446.46,42389.3,0.0040,1.7014,5461,9.5224,125,11.7887,50412.1,71.21,5.9238
50000,0,779,40.20,0.01,7.47,0.01,12.62,0.00,1.00,0.001,0.179,392654.5,217752.6,9,72,3.53,1.00,1.00,32.8782,1453.22,21595.5,4.8305,1.9332,5462,20.5094,126,62.7884,375625.7,142.23,3.0612
50000,1,619,39.56,0.03,7.63,0.00,12.10,0.00,1.01,0.002,0.140,374186.9,214108.5,11,78,3.64,1.01,1.01,29.2073,1251.59,25282.9,8.3704,2.2926,5461,20.5056,160,60.0702,353953.6,86.56,13.4369
50000,2,566,36.43,0.01,7.13,0.01,11.06,0.00,1.00,0.000,0.118,346803.7,192206.6,9,68,3.46,1.00,1.00,26.4370,982.59,25473.5,3.8969,2.3980,5461,20.5056,143,57.7022,325071.5,71.21,25.4719
60000,0,757,32.57,0.01,5.13,0.02,11.13,0.00,1.01,0.000,0.141,249441.6,124016.8,9,70,3.27,1.01,1.01,15.1372,805.87,14879.9,0.8135,3.6236,5462,11.7501,109,32.5703,213819.4,142.23,1.5139
60000,1,686,32.37,0.01,4.76,0.02,11.39,0.00,1.00,0.000,0.128,120269.0,45523.6,8,108,3.25,1.00,1.00,5.4226,683.07,27675.3,0.0463,3.4788,5461,11.7479,97,13.8378,85450.7,86.56,3.4910
60000,2,582,31.23,0.00,4.65,0.00,10.96,0.00,1.00,0.000,0.104,95309.6,37095.9,4,116,3.17,1.00,1.00,4.5328,628.22,40252.8,0.0011,3.0442,5461,11.7479,104,10.3898,65041.8,71.21,5.7801
70000,0,831,31.95,0.00,4.55,0.00,11.42,0.00,1.00,0.000,0.153,358795.1,195637.7,7,121,3.22,1.00,1.00,25.8182,607.51,12340.4,18.8125,5.0873,5462,22.2067,100,42.6462,310136.4,142.23,3.6703
70000,1,805,31.11,0.00,4.32,0.00,11.24,0.00,1.00,0.000,0.143,399386.2,245499.7,8,137,3.20,1.00,1.00,35.7584,1737.07,21774.8,14.9663,3.9022,5461,22.2026,47,55.2058,364086.1,86.56,14.4624
70000,2,777,30.99,0.00,4.85,0.00,10.65,0.00,1.00,0.000,0.138,376098.1,236675.7,6,126,3.24,1.00,1.00,35.3316,1381.28,30900.0,5.5389,3.0837,5461,22.2026,66,53.1347,347805.9,71.21,24.1141
80000,0,802,32.77,0.00,4.22,0.00,12.16,0.00,1.00,0.001,0.151,257902.1,117650.6,14,85,3.14,1.00,1.00,13.5687,541.88,12718.3,4.3163,6.4116,5462,13.2485,99,25.8411,194581.9,142.23,1.6322
80000,1,651,31.18,0.01,3.55,0.00,12.02,0.00,1.00,0.002,0.115,133050.0,61382.5,14,121,3.06,1.00,1.00,8.1803,897.50,29444.5,0.3616,4.8298,5461,13.2461,78,11.3662,85104.0,86.56,3.3649
80000,2,661,32.20,0.01,4.08,0.00,12.00,0.00,1.00,0.000,0.122,109210.1,52283.9,14,156,3.26,1.00,1.00,7.3292,708.61,45116.6,0.0194,4.0896,5461,13.2461,72,9.3779,68726.1,71.21,5.7171
90000,0,870,32.43,0.02,3.82,0.00,12.36,0.00,1.01,0.001,0.161,334475.6,179926.7,20,128,3.04,1.01,1.01,21.9242,704.11,12303.4,21.7827,6.6441,5462,23.1288,83,35.1541,270275.7,142.23,3.8036
90000,1,870,31.18,0.00,4.81,0.00,10.78,0.00,1.00,0.000,0.156,424345.3,268695.4,22,125,3.20,1.00,1.00,39.1873,1629.66,21907.3,14.8706,4.3173,5461,23.1246,62,57.3052,384393.0,86.56,13.0061
90000,2,710,31.85,0.00,4.60,0.00,11.32,0.00,1.00,0.000,0.129,392216.0,255249.4,17,117,3.25,1.00,1.00,36.5564,1500.40,29748.3,5.3190,3.1143,5461,23.1246,53,53.9009,364366.6,71.21,24.7066
100000,0,718,31.11,0.00,4.00,0.00,11.55,0.00,1.00,0.000,0.128,256424.9,123200.0,12,95,3.02,1.00,1.00,14.4543,640.34,12963.0,4.4335,7.5871,5462,13.2513,90,23.8056,181294.7,142.23,1.5451
100000,1,733,30.94,0.00,3.82,0.01,11.65,0.00,1.00,0.000,0.130,142994.2,71880.1,10,142,3.16,1.00,1.00,9.4779,704.04,28540.7,0.2684,5.0880,5461,13.2489,60,12.0731,92279.9,86.56,3.4015
100000,2,653,31.07,0.00,4.30,0.00,11.23,0.00,1.00,0.000,0.116,107563.8,47751.0,11,174,3.15,1.00,1.00,6.1471,686.37,42617.2,0.0525,4.5683,5461,13.2489,43,8.1996,62229.1,71.21,5.6294
110000,0,818,31.30,0.01,3.70,0.00,11.93,0.01,1.01,0.002,0.147,355004.6,196006.0,20,123,3.19,1.01,1.00,25.4015,1290.57,13327.4,20.7890,8.8168,5462,23.3654,38,35.6567,269324.9,142.23,3.5494
110000,1,832,30.07,0.01,3.91,0.00,11.12,0.01,1.00,0.005,0.142,419735.8,282387.6,20,152,3.06,1.00,1.00,39.9473,1007.81,24712.8,13.3404,5.0840,5461,23.3612,49,54.1779,372513.3,86.56,13.1175
110000,2,781,29.83,0.02,3.60,0.00,11.28,0.01,1.01,0.005,0.134,382703.4,256610.7,23,150,3.14,1.01,1.01,36.0387,1312.39,32351.1,7.2177,4.9229,5461,23.3612,30,49.8991,336285.0,71.21,24.6975
120000,0,796,30.15,0.01,4.44,0.00,10.61,0.02,1.00,0.008,0.137,252372.7,115305.9,20,101,3.03,1.01,1.00,12.9978,607.28,12021.7,4.9538,8.2596,5462,13.3366,116,22.4194,170843.7,142.23,1.5131
120000,1,755,30.51,0.02,3.67,0.00,11.55,0.02,1.01,0.007,0.133,140853.6,67466.2,21,172,3.13,1.01,1.00,8.3649,908.99,29329.4,0.3317,5.4856,5461,13.3341,53,11.4438,86203.6,86.56,3.4556
120000,2,620,31.20,0.06,3.57,0.00,11.90,0.05,1.02,0.021,0.110,107330.5,50472.3,20,200,3.16,1.03,1.00,6.2828,679.87,44379.6,0.0274,4.7918,5461,13.3341,45,7.7933,59731.8,71.21,5.6639
130000,0,793,30.50,0.03,3.50,0.00,11.70,0.04,1.01,0.018,0.138,326426.4,157396.4,19,148,3.12,1.01,1.00,19.0176,510.13,11520.8,25.7617,9.2229,5462,23.3168,82,30.3618,236009.6,142.23,3.6088
130000,1,785,31.00,0.02,4.51,0.00,10.95,0.02,1.01,0.006,0.139,391631.6,260829.8,23,141,2.92,1.01,1.00,34.4465,1097.98,23169.0,16.5613,5.2350,5461,23.3126,57,47.1430,342059.8,86.56,13.5405
130000,2,765,30.97,0.03,4.70,0.00,10.73,0.02,1.01,0.010,0.136,407027.8,276005.5,26,126,3.19,1.02,1.00,40.7152,1300.13,34203.8,5.2137,3.9170,5461,23.3126,39,56.2264,370530.4,71.21,24.9189
140000,0,759,30.33,0.06,4.03,0.00,11.01,0.13,1.01,0.049,0.130,246355.3,107741.5,16,114,3.04,1.03,1.00,11.2837,355.39,11646.3,5.9895,8.4694,5462,13.5486,107,21.0081,162369.8,142.23,1.4572
140000,1,800,30.52,0.08,4.15,0.00,10.97,0.08,1.02,0.039,0.140,139082.6,62759.3,18,196,3.16,1.04,1.00,7.8563,733.25,28949.9,0.3425,5.6783,5461,13.5461,63,10.8973,82656.7,86.56,3.4357
140000,2,681,30.09,0.04,4.28,0.00,10.69,0.04,1.02,0.015,0.117,109617.3,51596.3,18,173,3.09,1.02,1.01,6.8240,352.00,45347.1,0.0542,4.7038,5461,13.5461,115,8.3301,63284.8,71.21,5.7266
150000,0,1008,27.94,0.28,3.96,0.00,9.44,0.46,1.08,0.184,0.159,325627.6,177792.7,22,133,3.05,1.16,1.02,20.1878,623.52,13206.6,22.9013,7.7424,5462,23.6283,85,31.7718,250208.6,142.23,3.6745
150000,1,890,29.39,0.23,4.58,0.00,9.64,0.32,1.06,0.128,0.146,405214.1,277352.6,24,151,3.06,1.12,1.01,37.3776,1307.55,21369.0,17.5050,4.9765,5461,23.6240,53,50.4703,358855.4,86.56,13.4138
150000,2,811,29.89,0.15,4.89,0.00,9.75,0.23,1.04,0.084,0.138,410354.3,300828.4,23,130,3.05,1.08,1.01,40.9526,846.17,28516.5,7.0981,4.0605,5461,23.6240,50,53.8697,372968.3,71.21,24.6184
160000,0,873,28.86,0.26,4.62,0.00,9.29,0.39,1.07,0.149,0.142,253495.6,131771.4,9,101,3.01,1.14,1.02,13.1786,686.79,12131.4,3.9514,5.6551,5462,13.5997,137,26.7173,198208.2,142.23,1.4935
160000,1,790,29.58,0.23,4.43,0.00,9.90,0.32,1.06,0.130,0.131,137029.5,70475.9,8,159,3.06,1.12,1.01,7.9010,707.70,28801.2,0.2331,4.7251,5461,13.5972,85,12.0854,90200.5,86.56,3.3625
160000,2,683,29.21,0.31,4.79,0.00,9.20,0.40,1.08,0.146,0.113,106542.4,52055.2,9,162,3.01,1.16,1.02,5.8951,521.10,43577.3,0.0251,4.3385,5461,13.5972,84,8.7138,63743.6,71.21,5.7629
170000,0,1047,27.84,0.51,4.34,0.00,8.55,0.69,1.15,0.277,0.161,327094.6,185822.7,10,118,3.01,1.27,1.03,18.0584,991.86,13011.4,23.0163,5.4305,5462,24.4649,90,35.8228,275353.0,142.23,3.3927
170000,1,943,28.53,0.42,4.63,0.00,8.79,0.55,1.12,0.220,0.148,398049.9,273443.6,11,138,3.10,1.23,1.03,33.5979,1284.96,20175.3,15.8901,3.6938,5461,24.4604,56,51.6520,364796.4,86.56,13.4833
170000,2,833,28.77,0.33,5.39,0.00,8.35,0.43,1.09,0.173,0.134,407896.5,278794.8,10,120,3.05,1.17,1.01,36.9991,1758.55,29434.1,6.9395,3.0177,5461,24.4604,62,57.1624,380527.9,71.21,23.9069
180000,0,875,28.94,0.36,4.57,0.00,9.18,0.45,1.10,0.178,0.142,250568.6,129667.8,18,105,3.02,1.19,1.02,12.2429,625.67,12646.5,3.6452,5.6426,5462,13.5743,106,26.7827,195209.7,142.23,1.5596
180000,1,723,29.39,0.29,4.28,0.00,9.84,0.34,1.09,0.137,0.119,136457.1,72327.1,19,134,3.06,1.16,1.02,7.8468,823.85,27998.0,0.2010,4.5382,5461,13.5719,105,12.2835,91592.3,86.56,3.2847
180000,2,638,29.06,0.40,4.32,0.04,9.39,0.50,1.11,0.207,0.103,110255.0,56526.8,19,141,3.02,1.20,1.02,6.2857,604.50,42533.1,0.0219,4.2953,5461,13.5719,93,9.3633,67950.1,71.21,5.5424
190000,0,972,28.05,0.53,4.11,0.00,8.85,0.63,1.19,0.255,0.150,321368.0,176001.3,16,118,2.97,1.30,1.05,16.2619,466.03,11302.2,24.4947,5.9323,5462,23.8083,126,34.1776,264831.5,142.23,3.8563
190000,1,959,28.02,0.52,4.26,0.00,8.70,0.50,1.18,0.210,0.148,409879.0,285802.1,20,128,2.96,1.29,1.06,37.4866,1727.44,23905.1,15.3640,3.4723,5461,23.8040,71,55.6724,378655.9,86.56,13.6687
190000,2,836,29.62,0.38,4.14,0.00,9.92,0.44,1.11,0.181,0.138,391288.8,272074.2,18,120,3.15,1.20,1.02,36.2313,1195.32,31397.9,5.4210,3.1853,5461,23.8040,34,54.5013,362363.9,71.21,24.0066
200000,0,889,29.70,0.43,3.97,0.00,10.02,0.43,1.14,0.179,0.147,247378.7,125997.2,20,106,3.01,1.23,1.04,11.8787,538.95,11934.4,4.7130,6.2307,5462,13.5082,110,25.0220,186039.4,142.23,1.4618
200000,1,811,29.93,0.44,4.24,0.00,9.86,0.41,1.13,0.173,0.134,140139.2,73852.6,20,150,3.13,1.23,1.03,8.0417,747.92,28339.5,0.2846,4.5366,5461,13.5057,74,12.7145,95133.7,86.56,3.2909
200000,2,716,29.08,0.41,3.76,0.00,9.97,0.49,1.13,0.198,0.116,108476.7,56641.0,16,153,3.03,1.21,1.03,6.1816,506.43,42860.8,0.0191,4.3069,5461,13.5057,83,8.8441,66048.8,71.21,5.6450
210000,0,883,28.02,0.49,4.31,0.00,8.71,0.54,1.16,0.224,0.136,319179.9,166783.5,24,134,2.89,1.26,1.03,14.7941,278.35,11150.4,25.1216,6.3847,5462,24.2379,145,33.1031,258011.9,142.23,3.7045
210000,1,1049,28.72,0.36,4.29,0.00,9.36,0.43,1.12,0.170,0.168,405820.7,278381.5,24,154,3.13,1.19,1.03,35.7669,1451.69,22933.8,14.6631,4.1601,5461,24.2335,52,53.6924,368003.5,86.56,13.0536
210000,2,875,28.81,0.29,4.61,0.00,9.22,0.32,1.10,0.130,0.142,400059.5,279772.2,21,157,2.89,1.16,1.03,37.8343,1024.48,32541.5,6.6576,3.3560,5461,24.2335,76,55.3178,369789.7,71.21,24.2095
220000,0,903,28.32,0.47,4.27,0.00,8.94,0.47,1.16,0.195,0.142,245233.6,121893.2,18,107,2.96,1.26,1.05,10.9374,583.17,12302.2,4.9051,5.7506,5462,13.6933,115,25.3756,188710.3,142.23,1.4937
220000,1,816,28.52,0.31,4.21,0.00,9.42,0.31,1.10,0.127,0.130,137624.6,73629.2,17,138,2.94,1.17,1.03,8.0777,668.60,29205.6,0.4224,4.5645,5461,13.6908,78,12.4609,92478.3,86.56,3.2339
220000,2,724,29.02,0.25,4.05,0.00,9.96,0.24,1.08,0.105,0.118,108750.9,53502.0,17,176,2.99,1.14,1.02,5.4079,579.02,43012.9,0.0273,4.4822,5461,13.6908,106,8.7008,64498.5,71.21,5.7781
230000,0,985,28.91,0.80,4.33,0.00,8.51,0.71,1.25,0.297,0.154,335829.4,191326.6,27,119,3.01,1.42,1.05,19.2702,446.62,12317.0,21.6643,5.4976,5462,24.2202,108,37.8210,283663.4,142.23,3.8208
230000,1,982,29.19,0.49,4.28,0.00,9.33,0.44,1.16,0.184,0.158,411399.6,291209.4,28,130,3.23,1.26,1.03,36.6519,1417.91,21679.3,16.7914,3.7988,5461,24.2157,88,53.6340,377553.0,86.56,14.0636
230000,2,770,28.72,0.46,4.19,0.00,9.26,0.48,1.15,0.200,0.123,385453.4,265666.6,23,112,3.10,1.24,1.05,35.3001,984.64,30680.9,7.0524,3.8998,5461,24.2157,58,50.6959,349073.1,71.21,24.7254
240000,0,969,28.34,0.45,4.13,0.00,9.14,0.41,1.16,0.175,0.152,254059.9,136418.0,20,112,3.05,1.25,1.05,13.4474,468.68,12407.1,3.8356,5.5288,5462,13.5040,116,27.2729,200079.0,142.23,1.4708
240000,1,783,28.77,0.49,3.38,0.00,10.02,0.45,1.16,0.198,0.125,140872.5,77547.4,17,114,3.02,1.27,1.04,8.2340,935.26,28607.9,0.2621,4.5743,5461,13.5016,75,12.6334,95488.1,86.56,3.3909
240000,2,678,29.20,0.41,3.42,0.00,10.35,0.37,1.13,0.156,0.110,105112.3,54410.0,15,140,3.03,1.22,1.03,5.7320,577.25,43198.3,0.0151,4.0283,5461,13.5016,86,8.8352,65448.2,71.21,5.5279
250000,0,1088,27.51,0.62,4.19,0.00,8.31,0.61,1.22,0.256,0.164,330109.3,191895.9,15,133,3.04,1.34,1.07,18.9493,961.40,13844.1,22.8820,5.2633,5462,23.9754,85,37.9516,280128.8,142.23,3.7329
250000,1,960,28.08,0.42,4.66,0.00,8.53,0.42,1.14,0.178,0.149,413973.9,292049.2,16,131,3.02,1.22,1.03,36.2874,1342.84,21019.3,15.1772,3.5615,5461,23.9710,48,56.2462,382409.5,86.56,14.0621
250000,2,888,28.39,0.47,4.77,0.00,8.48,0.44,1.17,0.176,0.140,379591.9,267517.0,14,144,3.09,1.26,1.06,34.3357,1516.04,28543.3,5.8256,3.1062,5461,23.9710,48,52.3548,351499.7,71.21,23.8461
260000,0,900,28.13,0.66,3.40,0.00,9.34,0.53,1.22,0.226,0.138,250696.3,130697.5,16,108,2.98,1.35,1.07,11.6488,287.11,12081.6,4.5946,6.4071,5462,13.8694,96,24.9509,187913.6,142.23,1.5102
260000,1,872,28.08,0.54,3.70,0.00,9.26,0.49,1.17,0.204,0.135,135301.0,69986.0,17,166,3.05,1.27,1.05,7.1896,698.15,29837.0,0.3252,4.7103,5461,13.8669,80,12.0495,88682.8,86.56,3.3306
260000,2,710,28.51,0.51,3.53,0.00,9.70,0.41,1.16,0.172,0.112,110746.2,60579.1,15,167,3.03,1.26,1.05,6.5221,376.72,44258.8,0.0481,4.3856,5461,13.8669,76,9.0667,67529.7,71.21,5.5793
270000,0,886,28.17,0.71,4.03,0.00,8.63,0.56,1.23,0.236,0.136,324703.8,188258.0,10,122,2.94,1.37,1.06,18.1756,607.10,11789.6,24.4195,6.5235,5462,23.1825,123,34.5947,261695.8,142.23,3.4496
270000,1,1022,28.36,0.48,4.32,0.00,8.89,0.39,1.17,0.156,0.160,425684.1,303805.9,12,132,3.13,1.26,1.07,40.3532,1547.36,23815.2,15.5313,3.6855,5461,23.1783,53,58.6288,392876.8,86.56,12.6806
270000,2,796,28.10,0.45,4.60,0.00,8.55,0.35,1.16,0.144,0.124,363020.9,248733.6,11,140,3.07,1.23,1.08,31.6334,769.85,28573.9,7.4462,3.9606,5461,23.1783,41,47.5167,325865.5,71.21,24.5732
280000,0,902,28.22,0.49,3.20,0.00,9.92,0.46,1.16,0.182,0.141,246691.8,124679.5,14,104,3.00,1.26,1.04,11.6768,614.08,12575.9,5.3236,7.1915,5462,13.7721,87,23.2102,175787.0,142.23,1.4091
280000,1,869,29.18,0.57,3.22,0.01,10.23,0.38,1.19,0.155,0.139,143157.0,77254.9,16,181,3.04,1.29,1.08,8.0532,763.40,29841.4,0.3773,5.2152,5461,13.7695,51,12.0264,91381.2,86.56,3.3498
280000,2,641,30.55,0.43,3.74,0.00,10.68,0.31,1.12,0.120,0.109,104697.2,56294.2,15,152,3.14,1.20,1.03,6.1446,488.63,45495.8,0.0553,4.7395,5461,13.7695,75,7.7775,57922.0,71.21,5.6548
290000,0,911,28.04,0.70,3.52,0.00,9.10,0.62,1.24,0.247,0.139,295856.3,157355.2,24,124,3.00,1.37,1.08,13.7155,530.15,11031.5,26.2315,7.4028,5462,22.8609,121,28.1931,224169.9,142.23,3.6432
290000,1,864,28.24,0.59,3.95,0.00,8.99,0.48,1.20,0.200,0.134,412303.4,283422.8,24,118,3.10,1.32,1.05,37.5880,1339.12,25417.0,15.1119,4.6468,5461,22.8567,69,55.6254,369248.5,86.56,13.3132
290000,2,781,28.47,0.55,4.27,0.00,8.87,0.36,1.19,0.150,0.122,383066.0,264798.8,24,142,3.09,1.29,1.08,36.0530,1441.23,32870.2,6.4676,3.9867,5461,22.8567,43,52.7019,345520.5,71.21,25.1118
300000,0,882,28.07,0.54,3.80,0.00,9.15,0.46,1.17,0.186,0.136,246789.1,125719.3,14,128,3.01,1.29,1.06,11.1522,350.24,11386.3,5.6065,7.6613,5462,13.6599,132,22.5342,170962.1,142.23,1.4558
300000,1,742,29.63,0.53,3.53,0.00,10.22,0.39,1.16,0.163,0.122,135265.5,70264.0,15,140,3.10,1.28,1.04,7.2935,919.20,31162.4,0.4494,5.4171,5461,13.6574,78,10.9111,81393.8,86.56,3.3265
300000,2,716,29.79,0.55,3.34,0.00,10.45,0.37,1.18,0.145,0.117,109622.7,56291.3,13,178,3.11,1.29,1.05,5.8748,606.54,45379.0,0.1149,5.0082,5461,13.6574,53,8.0236,59988.5,71.21,5.6445
