step,lineage,size,mass,hard,muscle,sensor,digestive,bite,shell,open,bodies,age,plant,meat,p0,p1,pnone,bite_any,shell_front,shell_back,shell_side,foot,len_fwd,len_side,height,density
5000,1,1973,23.3,1.9,2.0,0.1,15.7,0.3,1.45,11.5,862,129,7.34,14.03,1005,662,306,0.3,1.58,1.19,1.55,4.01,5.48,5.06,26.7,1.022
5000,40,81,16.4,0.0,0.0,0.2,14.8,0.0,1.04,12.5,34,127,5.95,10.34,0,45,36,0.0,1.02,1.02,1.06,3.23,4.30,5.56,37.9,1.124
5000,20,48,12.8,0.0,0.0,0.0,10.4,0.0,1.00,12.6,13,160,3.96,9.34,8,37,3,0.0,1.00,1.00,1.00,3.35,3.62,6.10,31.0,1.225
5000,8,45,21.6,0.6,0.0,0.2,13.2,0.0,1.24,15.7,27,176,6.69,11.50,38,7,0,0.0,1.34,1.32,1.18,3.00,4.96,3.18,20.7,1.495
5000,5,35,12.9,0.0,0.0,0.0,10.3,0.0,1.00,17.5,23,176,6.24,11.37,0,35,0,0.0,1.00,1.00,1.00,2.86,3.40,3.86,31.5,1.236
5000,9,31,8.0,0.0,0.0,0.0,8.2,0.0,1.00,19.2,14,201,9.90,14.52,0,31,0,0.0,1.00,1.00,1.00,2.13,2.65,3.74,32.5,0.977
5000,4,20,22.3,0.0,2.0,0.1,15.3,0.0,1.00,13.9,15,131,5.70,11.86,6,12,2,0.0,1.00,1.00,1.00,3.45,5.65,3.40,29.3,1.300
5000,45,17,11.9,0.1,0.0,0.0,10.2,0.0,1.02,18.1,9,304,7.70,16.99,0,17,0,0.0,1.02,1.02,1.02,2.94,2.82,4.12,30.7,1.141
5000,3,12,22.6,0.0,0.0,0.0,17.6,0.0,1.00,9.3,8,148,6.69,9.05,12,0,0,0.0,1.00,1.00,1.00,3.92,5.42,5.92,15.7,1.274
5000,24,10,13.3,1.5,0.0,0.0,8.4,0.0,1.64,18.2,6,293,12.45,13.35,0,8,2,0.0,1.58,1.65,1.65,3.00,2.70,4.40,35.9,1.178
5000,7,6,4.2,0.0,0.0,0.0,6.0,0.0,1.00,20.0,3,110,6.15,3.11,0,6,0,0.0,1.00,1.00,1.00,2.50,3.00,3.00,33.3,0.702
6000,1,1562,25.2,1.1,3.1,0.1,16.5,0.2,1.27,11.1,861,116,6.74,14.69,793,518,251,0.2,1.30,1.19,1.30,4.02,5.78,4.86,26.6,1.086
6000,40,88,13.1,0.2,0.0,0.0,11.6,0.0,1.11,15.1,60,117,5.67,8.34,5,47,36,0.0,1.06,1.09,1.18,2.78,4.30,4.26,35.5,1.094
6000,8,86,17.8,0.3,0.0,0.0,11.8,0.0,1.14,16.9,53,104,3.55,7.98,47,35,4,0.0,1.13,1.17,1.13,2.78,4.44,3.13,23.0,1.408
6000,99,35,8.1,0.0,0.0,0.3,7.6,0.0,1.00,19.2,27,193,4.99,11.17,24,11,0,0.0,1.00,1.00,1.00,2.89,5.71,2.26,22.3,1.041
6000,45,11,11.0,0.0,0.0,0.0,9.8,0.0,1.00,18.5,4,152,3.13,7.32,2,9,0,0.0,1.00,1.00,1.00,3.00,2.91,3.82,26.8,1.125
6000,20,8,8.8,0.0,0.0,0.0,7.1,0.0,1.00,16.8,8,266,12.22,9.59,0,7,1,0.0,1.00,1.00,1.00,2.88,2.50,5.38,32.9,1.240
6000,7,8,3.3,0.0,0.0,0.0,4.6,0.0,1.00,21.8,7,345,10.42,10.91,0,8,0,0.0,1.00,1.00,1.00,2.38,2.25,2.88,31.3,0.717
6000,3,7,19.1,0.4,0.0,0.3,13.9,0.0,1.18,12.3,7,158,5.64,10.96,3,3,1,0.0,1.25,1.25,1.13,3.14,4.71,6.57,28.0,1.288
7000,1,1321,21.9,0.5,2.3,0.1,15.9,0.1,1.14,12.0,651,118,6.55,12.67,558,512,251,0.1,1.15,1.14,1.14,3.78,5.66,4.49,28.5,1.064
7000,40,70,15.7,0.1,0.2,0.1,13.8,0.0,1.04,12.8,48,118,5.55,8.77,8,30,32,0.0,1.00,1.05,1.06,3.11,4.89,5.50,37.2,1.101
7000,8,39,19.8,0.3,0.0,0.5,11.9,0.0,1.20,15.8,23,109,3.04,7.94,38,1,0,0.0,1.17,1.22,1.21,3.00,4.90,3.18,14.7,1.542
7000,112,23,12.5,0.0,0.0,0.0,9.6,0.0,1.00,17.0,9,133,3.91,6.85,4,19,0,0.0,1.00,1.00,1.00,2.52,4.96,2.57,28.4,1.333
7000,110,16,10.6,0.1,0.0,0.0,12.6,0.0,1.01,15.4,12,262,19.75,10.74,11,5,0,0.0,1.00,1.02,1.01,3.12,4.94,3.38,23.6,0.831
8000,1,684,14.1,0.2,0.1,0.0,13.3,0.0,1.06,14.2,250,125,6.28,9.30,318,302,64,0.0,1.06,1.09,1.06,3.24,4.81,4.19,26.5,1.022
8000,135,111,18.3,0.0,0.6,0.2,24.1,0.0,1.01,6.3,71,81,6.14,8.23,22,41,48,0.0,1.01,1.00,1.01,4.85,5.91,7.25,35.5,0.738
8000,40,40,27.2,0.4,0.2,0.6,23.5,0.0,1.11,5.8,21,102,5.76,10.18,0,38,2,0.0,1.12,1.15,1.09,5.07,5.57,7.78,34.2,1.096
8000,8,16,14.5,0.0,0.0,1.6,8.1,0.0,1.00,17.9,11,173,11.43,10.68,16,0,0,0.0,1.00,1.00,1.00,2.94,4.94,2.12,16.0,1.629
8000,143,5,6.9,0.0,0.0,0.0,7.0,0.0,1.00,20.0,1,117,2.99,3.47,0,5,0,0.0,1.00,1.00,1.00,2.80,3.00,3.00,31.6,0.981
9000,1,1132,15.6,0.5,0.0,0.1,14.0,0.0,1.16,14.1,527,123,5.91,8.86,501,435,196,0.0,1.13,1.25,1.15,3.28,4.80,4.23,28.1,1.043
9000,151,595,59.6,13.0,14.7,1.6,18.0,3.2,4.33,2.8,471,137,12.25,34.46,302,215,78,3.2,5.17,1.81,5.62,6.42,7.01,7.75,26.7,1.002
9000,40,123,16.8,0.2,0.2,0.2,15.5,0.0,1.08,13.3,81,107,5.06,7.76,30,86,7,0.0,1.04,1.09,1.09,3.58,3.67,5.71,30.1,1.037
9000,135,40,14.9,0.2,0.1,0.0,18.8,0.0,1.03,11.4,32,126,7.41,13.72,20,15,5,0.1,1.00,1.05,1.03,3.85,4.47,5.80,28.2,0.809
10000,1,1672,16.2,0.3,0.0,0.1,14.5,0.0,1.11,13.9,729,131,6.10,9.45,733,635,304,0.0,1.09,1.17,1.11,3.41,4.71,4.38,28.7,1.070
10000,151,548,61.2,13.5,14.0,0.7,19.2,3.1,4.44,2.7,446,153,14.06,37.99,267,189,92,3.2,5.36,1.75,5.68,6.48,7.05,7.72,26.4,1.009
10000,40,91,17.4,0.2,0.6,0.0,14.4,0.0,1.07,13.6,57,118,6.08,8.58,31,56,4,0.1,1.11,1.13,1.04,3.37,3.84,5.41,27.7,1.119
10000,135,38,19.6,0.2,1.5,0.0,21.6,0.0,1.03,8.5,28,102,6.95,15.36,2,25,11,0.1,1.00,1.05,1.04,4.29,5.82,6.26,33.4,0.809
10000,160,26,21.1,1.5,0.6,0.0,17.1,0.0,1.34,9.3,14,83,3.68,8.74,26,0,0,0.0,1.25,1.50,1.34,4.27,3.77,7.58,9.5,1.019
10000,162,15,10.7,0.0,0.0,0.3,13.3,0.0,1.00,12.8,10,68,4.10,3.38,0,15,0,0.0,1.00,1.00,1.00,3.33,4.93,4.80,33.4,0.807
11000,1,2078,15.8,0.4,0.1,0.1,13.9,0.0,1.13,14.3,801,125,5.83,9.08,944,777,357,0.0,1.10,1.16,1.15,3.28,4.69,4.23,27.5,1.069
11000,151,459,65.6,15.2,15.6,0.7,18.5,3.6,4.77,2.1,382,153,16.46,43.31,231,157,71,3.7,5.94,1.74,6.05,6.54,7.29,7.77,26.5,1.008
11000,40,155,19.4,0.1,0.3,0.1,17.4,0.0,1.02,11.3,93,131,5.91,9.82,31,118,6,0.0,1.01,1.03,1.03,3.86,4.18,6.26,30.3,1.085
11000,180,47,26.4,0.1,0.5,0.2,23.7,0.0,1.03,9.0,29,108,4.86,8.47,3,9,35,0.0,1.01,1.06,1.04,4.34,4.98,6.70,46.4,1.059
11000,178,22,14.8,0.0,0.0,0.0,12.5,0.0,1.00,14.7,14,147,12.41,9.84,11,11,0,0.0,1.00,1.00,1.00,2.50,3.41,5.23,26.6,1.190
11000,175,21,13.0,0.2,0.0,0.0,9.8,0.0,1.13,17.2,16,100,2.85,6.85,21,0,0,0.0,1.10,1.02,1.26,2.43,2.76,4.62,11.1,1.278
11000,135,14,12.4,0.0,0.5,0.0,17.2,0.0,1.00,11.3,10,141,8.32,11.51,11,3,0,0.0,1.00,1.00,1.00,4.21,5.79,4.57,23.3,0.681
11000,169,12,33.3,1.1,0.0,0.0,22.0,0.0,1.27,13.2,10,120,3.62,7.45,12,0,0,0.0,1.36,1.29,1.20,4.25,4.17,5.25,9.5,1.369
11000,133,10,22.0,0.0,0.0,0.0,14.8,0.0,1.00,12.0,5,279,25.45,26.63,10,0,0,0.0,1.00,1.00,1.00,2.90,7.10,2.90,16.1,1.485
11000,168,10,10.3,0.2,0.0,0.0,12.8,0.0,1.08,13.0,6,156,11.08,9.08,0,10,0,0.0,1.00,1.07,1.17,3.30,2.90,6.60,31.6,0.775
11000,162,8,6.9,0.0,0.0,0.0,8.1,0.0,1.00,17.5,6,94,3.48,4.41,1,7,0,0.0,1.00,1.00,1.00,2.75,3.88,3.38,31.6,0.846
12000,1,2319,24.2,2.8,3.2,0.3,14.2,0.7,1.74,12.2,1061,134,7.31,14.85,1082,864,373,0.7,1.91,1.22,1.99,3.82,5.03,4.93,27.3,1.067
12000,180,58,24.1,0.6,1.3,0.3,20.9,0.0,1.10,7.7,28,110,4.70,10.29,0,14,44,0.3,1.00,1.17,1.11,4.59,5.28,7.03,44.6,1.017
12000,40,56,18.8,0.0,0.0,0.0,16.6,0.0,1.01,12.2,26,136,6.30,11.69,4,49,3,0.0,1.01,1.01,1.02,3.57,3.36,6.68,31.6,1.116
12000,184,47,12.6,0.3,0.0,0.0,11.0,0.0,1.09,16.8,20,135,6.45,8.97,23,21,3,0.0,1.14,1.04,1.10,2.40,4.11,3.53,26.2,1.092
12000,135,23,8.4,0.0,0.0,0.0,13.3,0.0,1.00,14.0,16,66,3.44,4.72,23,0,0,0.0,1.00,1.00,1.00,3.22,5.04,3.96,12.7,0.630
12000,178,22,18.7,1.6,0.0,0.0,12.0,0.0,1.63,12.6,6,228,12.94,12.63,18,4,0,0.0,1.53,1.72,1.64,3.18,4.23,5.45,22.4,1.220
12000,133,19,18.5,0.0,0.0,0.0,12.6,0.0,1.00,13.9,13,290,17.64,21.85,19,0,0,0.0,1.00,1.00,1.00,2.63,6.32,3.05,15.1,1.478
12000,175,7,29.5,4.0,0.0,0.0,17.0,0.0,2.46,10.9,4,144,6.46,10.69,7,0,0,0.0,1.36,3.13,2.86,4.00,5.00,5.57,3.8,1.177
13000,1,1443,15.8,0.5,0.0,0.1,13.3,0.0,1.15,14.5,611,122,4.90,8.76,662,529,252,0.0,1.09,1.21,1.17,3.24,4.47,4.35,27.6,1.097
13000,184,117,13.4,0.2,0.0,0.0,12.1,0.0,1.07,16.3,56,131,4.21,8.91,83,18,16,0.0,1.11,1.08,1.06,2.63,4.44,3.39,26.0,1.071
13000,180,56,17.7,0.1,0.7,0.0,16.0,0.0,1.02,10.9,31,85,3.37,6.76,1,17,38,0.0,1.00,1.03,1.03,3.71,4.23,6.50,44.1,1.054
13000,133,43,17.3,0.2,0.0,0.0,11.3,0.0,1.13,15.8,20,215,12.69,21.52,43,0,0,0.0,1.13,1.13,1.13,3.07,5.53,2.65,15.7,1.485
13000,203,37,29.0,1.0,0.3,0.0,24.0,0.0,1.34,5.6,20,102,6.20,10.14,7,24,6,0.0,1.29,1.34,1.38,5.08,5.76,7.68,32.3,1.100
13000,40,35,17.3,0.0,0.0,0.8,14.7,0.0,1.00,14.1,24,141,8.16,9.98,6,28,1,0.0,1.00,1.00,1.00,3.20,3.46,5.49,28.8,1.133
13000,175,19,15.6,0.7,0.0,0.1,10.2,0.0,1.29,16.6,12,144,3.25,9.39,19,0,0,0.0,1.14,1.39,1.32,3.00,3.53,4.47,3.4,1.347
13000,205,11,9.9,0.0,0.0,0.0,9.5,0.0,1.00,15.8,5,260,5.57,19.53,8,3,0,0.0,1.00,1.00,1.00,2.82,3.82,4.27,22.9,1.045
14000,1,1796,14.2,0.2,0.0,0.0,12.6,0.0,1.09,15.1,705,128,5.27,8.49,990,629,177,0.0,1.08,1.11,1.10,3.13,4.51,3.98,24.9,1.082
14000,184,148,12.8,0.0,0.0,0.0,12.0,0.0,1.00,16.3,72,112,5.30,6.95,59,61,28,0.0,1.00,1.00,1.00,2.73,4.39,3.53,29.2,1.057
14000,40,47,16.2,0.4,0.0,0.0,13.9,0.0,1.19,14.3,39,217,10.19,13.91,9,37,1,0.0,1.13,1.13,1.35,3.26,3.38,5.55,27.8,1.107
14000,203,41,24.1,0.3,0.8,0.0,19.2,0.0,1.07,8.6,33,198,11.74,19.07,1,39,1,0.0,1.06,1.10,1.07,4.54,5.05,7.10,32.2,1.169
14000,180,25,9.7,0.0,0.0,0.0,9.0,0.0,1.00,16.2,13,82,2.02,3.95,1,13,11,0.0,1.00,1.00,1.00,2.92,3.00,5.00,43.3,1.069
14000,205,18,12.4,0.0,0.0,0.0,11.9,0.0,1.00,14.1,4,157,7.98,11.95,5,13,0,0.0,1.00,1.00,1.00,2.67,3.78,5.17,27.4,1.047
14000,175,7,22.7,2.6,0.0,0.3,11.4,0.0,1.80,14.6,6,184,5.55,14.63,7,0,0,0.0,1.07,2.26,1.95,3.14,4.14,4.57,3.5,1.362
15000,1,2071,14.9,0.3,0.0,0.1,13.2,0.0,1.09,14.6,786,115,4.67,7.82,925,803,343,0.0,1.08,1.13,1.09,3.23,4.30,4.46,27.8,1.081
15000,184,191,14.1,0.2,0.0,0.0,13.3,0.0,1.05,15.8,93,114,4.08,7.71,63,48,80,0.0,1.05,1.10,1.05,3.01,4.25,3.90,33.4,1.034
15000,203,51,24.4,1.1,0.0,0.0,19.7,0.0,1.40,8.7,35,120,7.93,11.22,6,45,0,0.0,1.35,1.34,1.50,4.71,4.61,7.02,31.8,1.118
15000,40,33,9.7,0.0,0.2,0.0,8.5,0.0,1.00,18.2,14,119,5.72,7.51,1,32,0,0.0,1.00,1.00,1.00,2.27,2.61,4.30,29.1,1.121
15000,133,17,13.8,0.0,0.0,0.0,9.8,0.0,1.00,16.9,13,55,3.03,6.88,8,9,0,0.0,1.00,1.00,1.00,2.35,5.47,2.06,25.2,1.396
16000,1,1139,14.9,0.3,0.1,0.1,12.8,0.0,1.11,14.6,498,117,4.71,8.02,561,424,154,0.0,1.10,1.15,1.12,3.19,4.42,4.37,26.4,1.108
16000,184,298,14.1,0.0,0.0,0.0,13.7,0.0,1.00,15.5,147,113,4.72,7.04,151,66,81,0.0,1.00,1.00,1.00,2.98,4.27,4.07,29.1,1.035
16000,203,48,23.5,0.8,0.6,0.0,19.0,0.0,1.21,8.3,38,231,17.22,22.41,8,38,2,0.0,1.26,1.22,1.17,4.54,4.98,7.19,30.9,1.114
16000,40,40,11.7,0.0,0.0,0.0,10.8,0.0,1.00,16.7,20,115,5.83,7.01,6,34,0,0.0,1.00,1.00,1.00,2.58,2.88,4.78,28.6,1.081
16000,133,13,16.8,0.0,0.0,0.0,11.8,0.0,1.00,14.6,8,169,4.66,13.69,13,0,0,0.0,1.00,1.00,1.00,3.46,6.46,2.23,23.5,1.418
17000,1,1962,15.1,0.3,0.2,0.0,13.3,0.0,1.08,14.5,760,119,5.08,7.93,862,744,356,0.0,1.04,1.12,1.09,3.18,4.15,4.67,28.5,1.079
17000,241,414,57.7,11.7,13.8,0.5,21.0,2.8,3.98,3.0,317,111,11.30,34.05,229,138,47,2.8,4.68,1.62,5.34,6.50,6.96,7.72,24.3,0.991
17000,203,37,24.4,1.5,0.1,0.0,19.0,0.1,1.49,8.2,22,147,7.23,13.35,8,27,2,0.1,1.50,1.39,1.60,4.35,4.97,7.19,30.4,1.098
17000,40,28,9.2,0.0,0.0,0.0,8.6,0.0,1.00,18.6,15,188,12.76,7.34,6,22,0,0.0,1.00,1.00,1.00,2.39,2.36,4.32,27.0,1.078
17000,184,11,7.2,0.0,0.0,0.0,6.3,0.0,1.00,20.0,3,120,5.25,8.26,9,2,0,0.0,1.00,1.00,1.00,1.73,3.00,3.00,24.9,1.147
17000,133,6,32.1,0.0,0.0,0.0,24.0,0.0,1.00,10.0,2,141,7.37,9.82,6,0,0,0.0,1.00,1.00,1.00,3.50,8.00,3.00,24.2,1.361
18000,1,1285,15.0,0.3,0.1,0.0,13.0,0.0,1.10,14.3,516,129,5.69,8.94,540,465,280,0.0,1.05,1.14,1.10,3.17,3.94,4.98,29.3,1.083
18000,241,498,62.9,12.8,14.7,1.0,22.0,2.6,4.12,2.0,371,128,11.31,39.10,243,170,85,2.7,5.06,1.59,5.25,6.67,7.30,7.88,27.5,1.003
18000,40,69,15.4,0.3,0.7,0.0,12.5,0.0,1.12,14.9,35,103,5.81,6.92,22,44,3,0.0,1.06,1.14,1.16,3.13,3.86,4.93,28.5,1.106
18000,203,39,26.6,0.2,0.0,0.0,22.6,0.0,1.06,7.0,21,139,8.88,11.49,7,24,8,0.0,1.05,1.06,1.07,5.05,5.41,7.26,32.9,1.153
18000,184,38,9.5,0.0,0.0,0.0,8.2,0.0,1.00,19.0,22,142,4.61,6.79,17,21,0,0.0,1.00,1.00,1.00,2.21,3.45,3.05,26.4,1.167
19000,1,1244,14.1,0.3,0.0,0.0,12.4,0.0,1.08,15.0,478,127,4.97,8.55,652,384,208,0.0,1.04,1.11,1.10,3.13,3.94,4.66,27.4,1.094
19000,241,571,60.2,13.0,16.0,0.7,18.8,2.9,4.23,2.5,446,127,11.68,39.02,299,181,91,2.9,5.19,1.68,5.36,6.54,7.24,7.80,26.3,0.990
19000,40,34,19.6,0.0,0.0,0.0,17.6,0.0,1.00,13.6,22,196,16.65,18.83,2,31,1,0.0,1.00,1.00,1.00,3.62,4.79,4.38,31.4,1.115
19000,184,20,13.1,0.0,0.0,0.0,12.4,0.0,1.00,16.3,16,90,2.77,5.84,1,18,1,0.0,1.00,1.00,1.00,2.50,2.90,4.95,30.1,1.062
20000,1,2448,14.4,0.3,0.0,0.1,12.6,0.0,1.12,15.0,833,120,4.76,7.73,1191,849,408,0.0,1.08,1.16,1.13,3.09,4.25,4.35,27.1,1.081
20000,241,446,60.0,12.9,14.0,0.6,19.8,2.7,4.31,2.9,347,171,17.68,42.47,205,189,52,2.7,5.11,1.72,5.70,6.28,7.04,7.71,26.4,1.000
20000,40,6,7.4,0.0,0.0,0.0,7.2,0.0,1.00,20.7,2,218,15.56,2.48,3,3,0,0.0,1.00,1.00,1.00,1.33,3.00,2.67,26.1,1.035
20000,184,6,25.2,3.2,0.0,0.0,18.8,0.0,2.25,11.7,6,111,8.36,4.77,6,0,0,0.0,1.89,2.94,2.14,4.17,5.33,4.83,17.3,0.998
21000,1,1842,15.2,0.3,0.1,0.0,13.1,0.0,1.10,14.5,686,132,5.42,9.39,841,680,321,0.0,1.06,1.14,1.11,3.18,4.21,4.61,27.5,1.100
21000,241,515,58.9,11.4,14.2,0.7,21.2,2.6,3.88,2.6,384,145,13.75,39.06,254,165,96,2.7,4.57,1.61,5.13,6.50,7.10,7.79,27.5,1.004
21000,40,52,8.2,0.0,0.4,0.0,7.1,0.0,1.00,20.2,15,139,4.70,6.92,13,39,0,0.0,1.00,1.00,1.00,2.02,3.08,2.85,28.4,1.085
21000,184,14,17.7,0.8,0.1,0.0,16.7,0.0,1.14,14.1,5,118,3.33,11.47,9,5,0,0.0,1.36,1.00,1.12,3.43,4.36,4.86,24.4,0.963
22000,1,1162,15.9,0.6,0.0,0.1,13.2,0.0,1.18,14.3,430,126,5.63,8.42,591,393,178,0.0,1.12,1.25,1.20,3.23,4.27,4.65,26.9,1.102
22000,241,591,60.8,11.9,15.6,0.4,19.9,3.3,4.04,2.5,468,140,11.95,40.36,304,215,72,3.4,4.69,1.70,5.33,6.47,7.08,7.85,26.2,1.022
22000,40,51,6.4,0.0,0.1,0.0,6.0,0.0,1.00,20.5,24,123,4.06,5.68,13,38,0,0.0,1.00,1.00,1.00,2.31,3.20,2.63,27.3,1.063
23000,1,1584,14.3,0.5,0.1,0.0,11.9,0.0,1.16,15.5,509,116,5.09,7.59,722,601,261,0.0,1.10,1.23,1.17,2.99,4.09,4.23,27.5,1.111
23000,241,399,58.4,10.2,15.9,0.3,20.6,3.6,3.68,2.5,320,117,9.40,36.29,230,125,44,3.6,4.12,1.47,5.03,6.36,7.16,7.73,25.1,1.025
23000,40,12,6.4,0.0,0.0,0.0,6.8,0.0,1.00,20.7,7,157,4.23,8.10,5,7,0,0.0,1.00,1.00,1.00,2.67,3.58,2.08,25.8,0.950
24000,1,1796,14.6,0.4,0.2,0.1,12.1,0.0,1.14,15.2,612,112,4.69,7.30,823,670,303,0.0,1.09,1.20,1.15,3.07,4.17,4.30,27.9,1.106
24000,241,580,63.9,12.5,16.8,0.8,19.4,3.6,4.21,2.2,436,111,8.62,36.15,286,223,71,3.7,4.93,1.60,5.65,6.55,7.20,7.79,26.4,1.037
25000,1,1743,14.5,0.3,0.1,0.1,12.3,0.0,1.10,15.4,622,118,4.78,7.79,814,638,291,0.0,1.06,1.15,1.11,3.08,3.99,4.36,28.1,1.111
25000,241,545,62.0,11.1,15.5,0.7,21.3,3.2,3.82,2.4,427,112,9.00,34.61,259,191,95,3.2,4.45,1.49,5.21,6.61,7.23,7.75,27.5,1.044
25000,313,407,14.8,0.1,0.0,0.0,13.8,0.0,1.06,15.2,216,106,5.20,7.51,230,133,44,0.0,1.03,1.08,1.07,3.00,4.17,4.23,24.9,1.046
26000,1,2188,15.0,0.4,0.1,0.1,12.5,0.0,1.15,14.8,741,124,5.18,8.59,1030,819,339,0.0,1.10,1.21,1.16,3.13,4.25,4.43,27.8,1.117
26000,241,478,63.3,10.8,16.4,0.8,21.9,3.6,3.80,2.2,357,116,10.42,35.99,220,175,83,3.6,4.28,1.41,5.25,6.71,7.26,7.74,27.7,1.052
26000,313,140,12.9,0.1,0.0,0.0,12.1,0.0,1.04,16.9,65,120,4.00,7.03,111,27,2,0.0,1.03,1.06,1.04,2.86,3.70,3.88,21.0,1.034
26000,324,60,23.2,0.2,0.0,0.0,20.7,0.0,1.04,8.5,45,118,4.23,10.05,1,43,16,0.0,1.00,1.08,1.04,4.72,5.17,6.73,35.8,1.104
26000,318,10,12.0,0.2,0.0,0.0,10.9,0.0,1.05,16.8,5,62,3.62,4.18,10,0,0,0.0,1.00,1.10,1.06,2.20,3.60,4.00,15.0,1.062
26000,322,7,15.5,0.0,0.1,0.0,14.1,0.0,1.00,11.7,3,114,5.12,4.65,0,7,0,0.0,1.00,1.00,1.00,3.71,3.43,6.71,30.3,1.070
27000,1,2172,14.7,0.3,0.1,0.1,12.3,0.0,1.12,15.1,677,123,4.54,8.10,904,861,407,0.0,1.07,1.18,1.12,3.08,4.20,4.31,28.6,1.124
27000,241,670,59.3,10.3,15.1,1.0,20.8,3.3,3.76,2.6,508,118,10.32,38.55,330,252,88,3.3,4.09,1.49,5.34,6.44,7.08,7.75,26.4,1.043
27000,313,234,14.2,0.1,0.0,0.0,13.7,0.0,1.04,15.9,113,109,4.58,7.51,157,33,44,0.0,1.04,1.07,1.03,3.05,3.90,4.17,25.4,1.007
27000,326,74,12.0,0.5,0.0,0.2,10.4,0.0,1.16,17.0,51,107,4.22,6.93,63,11,0,0.0,1.16,1.11,1.18,2.65,3.84,3.74,17.6,1.055
27000,318,20,12.0,0.0,0.0,0.0,11.4,0.0,1.00,16.7,9,159,5.42,9.97,20,0,0,0.0,1.00,1.00,1.00,2.80,3.70,3.95,15.7,1.056
27000,324,6,26.0,0.0,0.0,0.0,23.8,0.0,1.00,6.0,4,142,4.52,9.95,0,5,1,0.0,1.00,1.00,1.00,6.00,6.00,7.00,35.8,1.105
28000,1,2637,14.1,0.4,0.1,0.1,11.7,0.0,1.14,15.5,781,117,4.16,7.78,1261,892,484,0.0,1.10,1.21,1.14,2.97,4.09,4.18,27.6,1.117
28000,241,576,60.9,10.9,16.5,1.0,19.9,3.8,3.85,2.3,436,120,10.17,39.59,290,198,88,3.8,4.34,1.50,5.26,6.51,7.25,7.73,26.2,1.038
28000,313,96,14.8,0.0,0.0,0.0,13.8,0.0,1.01,15.4,65,130,6.23,8.61,62,16,18,0.0,1.00,1.01,1.01,3.09,4.04,4.30,25.6,1.066
28000,326,15,6.8,0.0,0.0,0.0,6.7,0.0,1.00,20.4,13,169,11.77,9.42,14,1,0,0.0,1.00,1.00,1.00,2.40,2.93,2.87,21.0,1.034
29000,1,2499,14.8,0.5,0.1,0.2,12.1,0.0,1.16,15.1,806,118,4.36,7.91,1232,858,409,0.0,1.09,1.23,1.16,3.11,4.15,4.34,27.0,1.119
29000,241,592,58.6,9.8,15.5,0.4,21.8,3.4,3.54,2.6,478,121,9.52,37.54,291,195,106,3.5,3.97,1.51,4.82,6.32,7.17,7.68,27.6,1.029
29000,313,17,7.8,0.0,0.0,0.0,8.4,0.0,1.00,19.4,7,129,4.73,7.14,15,1,1,0.0,1.00,1.00,1.00,2.24,2.82,3.47,24.2,0.928
29000,326,6,12.0,0.0,0.0,0.0,12.0,0.0,1.00,15.3,5,283,11.07,22.35,5,1,0,0.0,1.00,1.00,1.00,2.50,4.17,4.33,23.2,1.007
30000,1,2637,13.8,0.4,0.1,0.1,11.5,0.0,1.16,15.6,814,126,4.58,8.01,1369,878,390,0.0,1.10,1.22,1.16,2.99,3.94,4.31,26.7,1.111
30000,241,631,58.7,9.9,15.6,0.3,21.0,3.5,3.54,2.8,486,125,11.59,37.79,278,243,110,3.5,4.03,1.48,4.79,6.28,7.09,7.66,27.4,1.038
30000,326,21,12.3,0.0,0.0,0.0,12.4,0.0,1.00,16.6,10,133,7.11,7.85,21,0,0,0.0,1.00,1.00,1.00,2.71,4.14,3.57,15.8,0.996
31000,1,2638,14.4,0.5,0.1,0.0,11.8,0.0,1.18,15.5,807,125,4.86,8.07,1219,1023,396,0.0,1.10,1.27,1.18,3.05,3.98,4.31,27.4,1.112
31000,241,591,63.8,12.7,16.9,0.5,19.1,3.6,4.21,2.1,450,106,8.52,34.69,296,209,86,3.6,4.96,1.59,5.58,6.56,7.22,7.79,26.5,1.038
31000,326,29,15.4,0.0,0.0,0.0,14.9,0.0,1.00,13.8,16,143,7.18,8.72,24,1,4,0.0,1.00,1.00,1.00,3.62,4.76,4.34,20.7,1.012
32000,1,2282,14.8,0.4,0.1,0.0,12.5,0.0,1.14,14.9,771,128,5.22,8.16,1157,772,353,0.0,1.08,1.21,1.14,3.14,4.12,4.49,26.9,1.096
32000,241,429,56.4,11.0,14.9,0.4,20.3,3.0,3.81,2.9,333,127,10.93,33.52,187,161,81,3.0,4.41,1.63,5.12,6.35,7.00,7.74,28.2,0.982
32000,326,5,16.9,0.0,0.0,0.0,16.6,0.0,1.00,13.2,4,152,1.76,10.72,5,0,0,0.0,1.00,1.00,1.00,3.80,5.40,4.00,12.1,1.018
33000,1,2413,14.3,0.4,0.1,0.1,12.2,0.0,1.13,15.1,783,129,5.12,8.36,1156,882,375,0.0,1.09,1.21,1.13,3.09,4.03,4.47,27.3,1.089
33000,241,655,54.1,11.9,14.7,0.6,17.6,3.1,4.09,3.4,547,117,11.09,35.04,346,228,81,3.1,4.79,1.71,5.41,5.97,6.95,7.58,26.2,0.951
33000,361,22,14.8,0.0,0.0,0.0,14.1,0.0,1.00,12.4,12,72,2.89,4.03,0,1,21,0.0,1.00,1.00,1.00,3.05,4.82,5.00,51.5,1.022
33000,326,8,24.1,0.0,0.0,0.0,24.9,0.0,1.00,8.2,6,91,1.84,9.40,7,1,0,0.0,1.00,1.00,1.00,4.12,6.62,5.25,9.4,0.973
34000,1,2293,14.3,0.4,0.1,0.1,12.3,0.0,1.13,15.2,784,131,5.62,8.70,1151,794,348,0.0,1.07,1.19,1.14,3.14,4.01,4.44,26.9,1.083
34000,241,574,62.4,12.4,15.2,0.3,21.7,3.0,4.18,2.3,425,118,10.21,35.81,255,224,95,3.0,4.90,1.60,5.60,6.57,7.15,7.79,28.1,1.008
34000,361,37,15.2,0.3,0.0,0.0,13.3,0.0,1.18,13.0,21,110,4.19,6.59,5,16,16,0.0,1.17,1.14,1.21,3.19,4.27,5.30,37.2,1.088
35000,1,2442,15.2,0.5,0.1,0.1,12.9,0.0,1.16,14.4,853,123,5.26,8.67,1194,857,391,0.0,1.11,1.22,1.16,3.23,4.27,4.60,27.2,1.083
35000,241,466,63.9,10.2,14.5,0.5,23.8,2.5,3.56,2.3,363,137,12.61,37.05,245,162,59,2.6,4.12,1.48,4.62,6.28,7.21,7.72,26.4,1.086
35000,361,64,16.5,0.5,0.0,0.0,14.2,0.0,1.26,12.2,47,120,4.50,7.66,21,22,21,0.0,1.25,1.25,1.28,3.52,4.66,5.22,33.9,1.090
36000,1,2426,15.1,0.5,0.1,0.1,12.7,0.0,1.17,14.7,822,125,5.33,8.61,1147,885,394,0.0,1.12,1.23,1.17,3.19,4.22,4.50,27.4,1.095
36000,241,491,66.4,13.0,14.6,0.8,20.7,2.9,4.27,2.4,386,137,11.66,40.14,246,186,59,3.0,5.15,1.61,5.58,6.68,7.17,7.79,26.1,1.078
36000,361,18,16.6,0.3,0.0,0.0,13.7,0.0,1.08,12.7,14,155,5.56,11.17,7,10,1,0.0,1.18,1.00,1.07,3.56,5.22,4.72,28.9,1.155
37000,1,2557,14.3,0.3,0.1,0.1,12.3,0.0,1.12,15.2,866,132,5.13,9.07,1299,871,387,0.0,1.09,1.16,1.12,3.10,4.17,4.32,26.6,1.094
37000,241,234,63.4,10.9,13.6,0.5,21.8,2.3,3.79,2.5,185,145,14.77,44.66,119,100,15,2.4,4.33,1.65,5.13,6.37,7.07,7.78,25.8,1.105
38000,1,2497,14.7,0.4,0.1,0.1,12.5,0.0,1.15,14.9,903,127,5.26,8.58,1215,880,402,0.0,1.10,1.18,1.16,3.17,4.05,4.56,27.4,1.094
38000,241,81,59.0,9.4,11.9,2.2,21.5,2.0,3.48,3.3,68,193,18.04,47.00,51,27,3,2.0,3.84,1.68,4.97,6.00,6.86,7.74,24.4,1.110
39000,1,2510,13.7,0.4,0.1,0.1,11.6,0.0,1.14,15.4,872,136,5.23,8.92,1238,913,359,0.0,1.10,1.16,1.16,3.03,4.04,4.31,26.7,1.103
39000,378,462,52.3,13.1,14.8,0.3,19.6,3.0,4.32,2.7,374,132,11.93,34.31,194,167,101,3.0,5.23,1.71,5.55,6.45,7.10,7.74,28.9,0.857
39000,241,138,62.9,9.1,13.0,0.5,25.3,2.2,3.23,2.6,118,129,12.70,34.25,74,56,8,2.2,3.78,1.33,4.10,6.30,7.12,7.64,25.6,1.108
40000,1,2528,13.4,0.3,0.0,0.1,11.5,0.0,1.13,15.8,809,127,4.99,7.88,1201,948,379,0.0,1.11,1.17,1.14,2.95,3.94,4.23,27.4,1.105
40000,378,395,52.7,12.8,14.5,0.4,19.1,3.0,4.27,3.0,321,132,13.89,35.64,171,168,56,3.0,5.06,1.73,5.63,6.26,6.92,7.72,26.7,0.884
40000,241,50,56.3,5.0,14.5,0.8,23.0,1.0,2.28,3.2,44,280,32.12,64.06,21,27,2,1.0,2.48,1.41,2.76,6.26,7.04,7.58,26.9,1.169
41000,1,2445,13.5,0.3,0.0,0.1,11.5,0.0,1.12,15.7,803,120,4.48,7.42,1090,939,416,0.0,1.09,1.16,1.14,3.01,3.93,4.25,27.6,1.107
41000,378,507,51.6,12.5,14.0,0.3,20.7,3.2,4.19,2.8,391,109,10.38,33.03,241,177,89,3.2,5.05,1.70,5.40,6.45,7.14,7.69,27.7,0.858
41000,385,104,59.0,9.9,15.5,0.1,21.0,3.6,3.72,2.8,87,152,16.46,43.44,75,23,6,3.6,4.02,1.57,5.08,6.18,7.16,7.64,23.4,1.045
41000,241,29,62.4,10.2,15.6,0.0,20.4,2.5,3.29,2.8,28,177,16.99,33.54,16,13,0,2.6,4.21,1.24,3.92,6.14,7.24,7.69,25.9,1.108
42000,1,1953,13.9,0.4,0.1,0.1,12.0,0.0,1.13,15.6,677,127,5.21,8.03,909,659,385,0.0,1.07,1.17,1.14,3.04,3.98,4.27,28.3,1.090
42000,378,525,50.9,12.8,13.7,0.4,19.4,3.2,4.22,3.0,426,130,11.93,32.78,270,178,77,3.2,5.13,1.77,5.39,6.30,7.01,7.70,25.9,0.860
42000,385,62,45.8,5.6,11.5,0.3,19.9,2.1,2.56,5.5,61,237,25.28,57.00,30,28,4,2.1,2.73,1.36,3.61,5.63,6.35,7.29,26.3,1.076
42000,241,13,64.9,12.9,14.5,0.2,18.8,3.2,3.99,3.1,13,342,34.36,54.33,4,8,1,3.2,5.14,1.25,5.04,7.23,6.69,7.77,28.0,1.084
43000,1,2588,13.1,0.4,0.1,0.0,11.2,0.0,1.15,15.8,835,128,4.93,8.45,1315,862,411,0.0,1.10,1.19,1.15,2.97,3.96,4.22,26.7,1.098
43000,378,453,51.3,13.1,15.8,0.5,17.6,3.4,4.38,3.1,377,118,9.63,32.79,215,164,74,3.4,5.25,1.83,5.68,6.34,7.02,7.75,27.4,0.855
43000,385,121,62.9,9.4,18.2,0.3,20.9,3.1,3.31,2.5,102,141,15.12,43.29,69,37,15,3.1,3.94,1.31,4.16,6.36,7.28,7.67,24.4,1.086
44000,1,2367,13.1,0.4,0.1,0.1,10.9,0.0,1.15,16.1,775,123,4.94,7.50,1150,880,337,0.0,1.11,1.17,1.17,2.99,3.92,4.14,26.9,1.104
44000,378,496,50.7,12.9,14.1,0.4,19.6,3.1,4.21,2.8,396,124,11.30,32.45,246,165,85,3.2,5.15,1.75,5.33,6.38,7.07,7.75,26.8,0.846
44000,385,149,62.0,9.0,18.8,0.7,19.2,4.0,3.21,2.1,131,132,14.09,39.42,78,53,18,4.0,3.69,1.34,4.21,6.69,7.38,7.70,27.1,1.100
45000,1,2725,12.8,0.3,0.1,0.1,10.9,0.0,1.13,16.2,824,127,5.07,7.86,1367,939,419,0.0,1.11,1.15,1.14,2.90,3.90,4.05,26.9,1.097
45000,378,573,48.7,12.3,14.2,0.4,18.4,3.1,4.17,3.3,457,119,9.93,33.94,262,203,108,3.2,5.01,1.76,5.44,6.39,6.97,7.62,27.5,0.846
45000,385,82,57.2,11.2,15.8,0.4,18.6,3.2,3.90,2.8,66,117,9.98,31.51,59,19,4,3.2,4.55,1.46,5.11,6.30,6.96,7.74,21.7,1.016
46000,1,2710,13.5,0.4,0.1,0.1,11.6,0.0,1.14,15.5,840,129,4.84,8.38,1410,964,336,0.0,1.12,1.16,1.15,3.01,4.09,4.22,26.3,1.092
46000,378,465,54.5,13.4,15.4,0.5,19.0,3.2,4.33,2.5,378,129,13.45,38.98,227,176,62,3.2,5.30,1.70,5.54,6.36,7.17,7.76,26.5,0.887
46000,385,62,60.0,9.0,15.2,0.2,22.7,3.9,3.22,1.7,56,190,22.96,50.43,50,12,0,3.9,3.60,1.35,4.20,6.45,7.47,7.81,20.5,1.073
47000,1,2752,12.8,0.3,0.0,0.1,11.0,0.0,1.13,15.8,817,134,5.24,8.42,1247,1075,430,0.0,1.08,1.16,1.14,2.95,3.98,4.19,27.7,1.085
47000,378,522,55.0,13.7,14.8,0.4,18.8,3.2,4.53,2.8,425,133,11.48,41.11,273,184,65,3.3,5.44,1.88,5.84,6.23,7.02,7.71,25.6,0.892
47000,385,57,51.3,6.0,14.9,1.1,20.2,2.4,2.61,3.7,54,189,23.76,48.40,25,26,6,2.4,2.94,1.28,3.69,5.96,7.16,7.46,27.4,1.075
48000,1,2768,13.6,0.5,0.1,0.1,11.4,0.0,1.17,15.5,842,138,5.25,8.83,1313,1106,349,0.0,1.14,1.21,1.18,3.05,4.21,4.12,26.9,1.092
48000,378,454,52.8,13.0,15.4,0.4,17.2,3.2,4.29,3.1,372,138,11.61,40.59,229,159,66,3.3,5.30,1.75,5.49,6.28,7.04,7.64,26.7,0.897
48000,385,22,61.3,13.2,11.9,1.1,19.7,2.5,4.55,3.3,22,286,29.96,68.88,18,3,1,2.5,5.26,1.71,5.89,6.00,7.09,7.59,17.6,1.049
49000,1,2777,12.9,0.4,0.1,0.1,10.9,0.0,1.16,16.0,822,127,4.65,7.98,1415,995,367,0.0,1.14,1.19,1.18,2.95,4.15,3.93,26.6,1.091
49000,378,553,52.3,13.3,15.6,0.8,16.6,3.5,4.53,3.2,434,120,9.37,35.40,226,223,104,3.5,5.34,1.82,6.13,6.21,6.93,7.69,28.3,0.877
50000,1,2711,13.4,0.4,0.1,0.1,11.3,0.0,1.15,15.6,846,126,4.82,7.95,1324,974,413,0.0,1.12,1.21,1.16,2.99,4.21,4.06,26.9,1.089
50000,378,325,54.2,13.7,16.7,0.6,16.0,3.2,4.72,2.9,245,116,8.54,33.77,179,113,33,3.2,5.43,1.66,6.55,6.46,7.01,7.65,25.5,0.889
51000,1,2633,13.2,0.3,0.0,0.1,11.2,0.0,1.12,15.9,803,126,4.86,7.64,1189,984,460,0.0,1.10,1.15,1.12,2.94,4.06,4.06,27.9,1.096
51000,378,401,55.5,13.4,16.2,0.7,16.2,3.0,4.66,3.0,303,111,8.31,30.86,182,167,52,3.0,5.32,1.75,6.39,6.48,7.02,7.67,26.7,0.928
52000,1,2506,13.3,0.4,0.0,0.1,11.1,0.0,1.18,15.7,703,127,4.86,7.73,1245,874,387,0.0,1.16,1.19,1.20,2.95,4.06,4.13,27.0,1.111
52000,378,195,63.2,16.6,20.0,0.4,13.7,3.4,5.54,2.0,147,160,14.26,44.99,77,88,30,3.4,6.34,1.77,7.53,6.50,7.18,7.88,27.4,0.940
53000,1,2690,13.5,0.4,0.1,0.1,11.3,0.0,1.14,15.6,836,131,4.94,8.17,1290,980,420,0.0,1.10,1.17,1.14,3.01,4.06,4.22,27.1,1.108
53000,378,184,63.0,13.8,20.1,0.4,15.5,3.2,4.58,2.1,140,135,10.44,41.96,106,57,21,3.2,5.48,1.52,5.94,6.76,7.35,7.85,25.0,0.995
54000,1,2430,13.3,0.3,0.1,0.1,11.3,0.0,1.11,15.6,828,117,4.31,7.58,1235,803,392,0.0,1.09,1.14,1.11,2.99,4.06,4.22,26.4,1.109
54000,425,263,51.2,12.8,14.0,1.9,19.3,2.5,4.24,2.9,215,99,7.29,31.35,105,118,40,2.6,5.19,1.68,5.43,6.35,7.08,7.80,28.9,0.850
54000,378,221,60.2,13.6,17.8,0.3,15.9,3.2,4.72,2.5,145,102,6.56,35.27,117,79,25,3.2,5.31,1.71,6.54,6.57,7.08,7.84,25.9,0.985
55000,1,2429,14.3,0.4,0.1,0.2,12.0,0.0,1.15,14.9,749,119,4.70,7.66,1204,847,378,0.0,1.11,1.19,1.16,3.14,4.28,4.35,26.9,1.105
55000,425,246,51.0,11.2,11.7,0.5,22.3,2.1,3.84,3.4,194,127,11.35,34.80,142,76,28,2.1,4.49,1.57,5.15,6.20,6.81,7.65,25.3,0.898
55000,378,203,62.5,14.2,15.9,0.3,17.3,2.9,4.75,2.4,159,134,9.33,38.10,91,82,30,3.0,5.49,1.70,6.30,6.28,7.07,7.81,26.7,1.014
56000,1,2329,14.3,0.3,0.0,0.1,12.2,0.0,1.11,14.9,763,127,4.91,8.23,1110,848,371,0.0,1.08,1.15,1.12,3.10,4.29,4.28,26.8,1.119
56000,378,332,64.6,13.5,16.3,0.2,19.1,2.6,4.59,2.3,247,141,12.16,39.46,180,102,50,2.6,5.31,1.73,6.10,6.52,7.15,7.83,26.0,1.035
56000,425,208,51.7,10.3,11.7,0.2,24.8,2.0,3.57,2.6,164,146,15.91,37.37,93,88,27,2.0,4.05,1.48,4.77,6.37,6.97,7.80,26.1,0.904
56000,435,22,8.0,0.0,0.0,0.0,9.0,0.0,1.00,17.2,12,166,6.24,9.45,15,7,0,0.0,1.00,1.00,1.00,2.95,4.05,3.36,25.0,0.889
57000,1,2344,13.7,0.3,0.0,0.1,11.7,0.0,1.13,15.2,718,126,5.02,8.03,1138,880,326,0.0,1.11,1.16,1.13,3.09,4.28,4.15,26.4,1.110
57000,378,391,66.1,13.2,18.0,0.7,18.0,2.8,4.40,2.0,299,119,11.13,36.90,205,140,46,2.8,5.17,1.58,5.83,6.63,7.23,7.83,25.3,1.057
57000,425,118,51.3,12.6,13.2,0.3,20.4,2.4,4.18,2.8,99,159,18.25,44.70,30,55,33,2.4,5.13,1.66,5.33,6.14,7.19,7.81,31.8,0.868
57000,436,31,48.4,12.0,13.8,3.6,14.7,2.5,3.86,3.1,29,193,18.69,44.94,24,2,5,2.5,4.83,1.64,4.69,5.87,6.97,7.68,22.5,0.895
58000,1,2734,13.3,0.2,0.0,0.1,11.2,0.0,1.11,15.5,781,126,4.69,7.89,1336,989,409,0.0,1.10,1.14,1.12,2.96,4.06,4.21,26.8,1.128
58000,378,348,63.6,11.9,16.0,1.1,19.3,2.8,4.04,2.5,279,140,12.78,41.80,202,105,41,2.8,4.77,1.72,5.24,6.59,7.10,7.82,26.3,1.072
58000,425,126,50.8,11.4,14.3,1.8,21.1,2.9,3.71,2.3,92,105,8.03,38.44,66,47,13,2.9,4.55,1.52,4.67,6.69,7.33,7.76,24.4,0.858
58000,436,53,62.6,15.7,15.3,0.5,19.9,2.8,5.00,1.4,48,106,10.86,36.69,34,12,7,2.8,6.04,1.76,6.38,6.85,7.58,7.89,25.6,0.934
59000,1,2437,13.9,0.4,0.1,0.1,11.5,0.0,1.14,15.2,732,126,5.00,8.01,1199,905,333,0.0,1.12,1.18,1.15,3.04,4.33,4.10,26.5,1.123
59000,378,499,66.0,13.1,17.5,0.8,18.1,2.9,4.38,2.4,370,118,9.79,37.91,246,164,89,3.0,5.12,1.68,5.82,6.64,7.10,7.84,26.7,1.060
59000,425,43,47.6,10.1,14.3,0.2,19.5,4.2,3.53,3.1,39,114,8.82,23.37,18,9,16,4.2,4.12,1.59,4.56,5.67,7.05,7.49,30.0,0.879
60000,1,2438,13.8,0.3,0.0,0.1,11.6,0.0,1.12,15.4,724,118,4.57,7.49,1159,847,432,0.0,1.12,1.14,1.12,3.03,4.33,4.04,27.7,1.118
60000,378,516,66.3,14.1,17.5,0.9,17.7,3.2,4.51,2.2,379,120,9.66,37.07,253,176,87,3.3,5.47,1.69,5.81,6.66,7.18,7.82,26.5,1.040
60000,425,38,52.3,16.3,14.9,0.3,14.0,3.9,5.17,2.8,32,218,22.53,50.81,14,16,8,4.0,6.45,2.29,6.25,6.74,7.18,7.63,30.0,0.857
61000,1,2825,13.6,0.2,0.0,0.1,11.6,0.0,1.09,15.2,772,124,4.80,7.80,1434,950,441,0.0,1.07,1.12,1.09,3.05,4.32,4.13,26.7,1.127
61000,378,474,66.0,13.5,18.8,1.0,16.0,3.5,4.38,2.4,360,111,9.05,35.84,217,193,64,3.6,5.25,1.66,5.72,6.66,7.12,7.83,27.2,1.062
62000,1,2547,14.2,0.3,0.0,0.1,12.0,0.0,1.10,14.9,759,124,5.10,7.83,1315,878,354,0.0,1.06,1.13,1.10,3.15,4.36,4.22,26.3,1.123
62000,378,390,63.4,13.9,15.9,0.4,15.9,2.9,4.54,3.1,319,157,15.14,38.97,185,138,67,3.0,5.48,1.88,5.73,6.26,6.95,7.67,27.5,1.074
63000,1,2563,13.8,0.2,0.1,0.1,11.6,0.0,1.10,15.2,759,129,5.41,8.25,1219,936,408,0.0,1.08,1.12,1.10,3.00,4.20,4.23,27.1,1.130
63000,378,187,68.3,13.7,14.1,0.3,21.2,2.5,4.42,2.3,151,166,16.89,44.78,100,74,13,2.5,5.31,1.83,5.66,6.72,7.03,7.93,24.5,1.085
64000,1,2638,13.8,0.3,0.0,0.1,11.7,0.0,1.11,15.0,745,130,5.06,8.08,1214,996,428,0.0,1.09,1.13,1.12,3.03,4.18,4.35,27.6,1.121
64000,378,94,63.9,11.8,11.0,0.2,24.1,2.3,4.03,2.8,71,176,17.56,41.44,59,24,11,2.3,4.60,1.82,5.55,6.21,6.87,7.85,25.3,1.089
65000,1,2580,14.1,0.2,0.1,0.1,12.1,0.0,1.09,14.9,726,131,5.21,8.17,1201,961,418,0.0,1.07,1.11,1.10,3.13,4.22,4.38,27.5,1.115
65000,461,304,67.1,12.0,16.3,0.3,21.3,3.1,4.03,2.1,232,145,16.23,42.27,152,113,39,3.1,4.71,1.57,5.30,6.52,7.19,7.84,26.5,1.090
65000,378,119,60.3,12.6,10.8,1.0,18.1,1.9,4.46,3.6,101,278,33.70,61.61,77,28,14,1.9,4.94,2.10,5.95,6.00,6.51,7.78,24.3,1.113
66000,1,2709,14.1,0.3,0.0,0.1,11.9,0.0,1.12,14.9,766,125,4.83,7.53,1203,1025,481,0.0,1.13,1.11,1.13,3.12,4.28,4.30,27.7,1.122
66000,461,426,68.7,12.6,17.2,0.5,20.8,3.4,4.23,1.9,306,146,14.63,42.22,216,141,69,3.4,4.86,1.57,5.76,6.60,7.17,7.89,27.2,1.085
66000,378,24,61.6,11.2,10.0,0.8,23.7,1.8,4.01,2.5,23,259,36.22,63.93,19,4,1,1.8,4.36,1.79,5.63,6.83,6.75,8.00,20.9,1.089
67000,1,2524,13.2,0.3,0.0,0.2,11.2,0.0,1.10,15.6,787,125,4.50,8.03,1198,961,365,0.0,1.11,1.10,1.11,3.01,4.11,4.13,27.1,1.121
67000,461,616,67.3,12.5,15.3,0.9,20.8,3.0,4.20,2.2,468,124,11.13,40.31,282,228,106,3.1,4.92,1.71,5.54,6.56,7.11,7.87,27.8,1.095
67000,378,11,32.2,7.4,2.9,0.0,10.7,0.2,3.59,7.5,10,338,31.72,78.60,6,5,0,0.2,3.23,2.58,5.53,4.45,4.73,7.91,23.3,1.144
68000,1,2458,13.3,0.3,0.0,0.1,11.4,0.0,1.10,15.6,686,117,4.26,7.32,1033,974,451,0.0,1.09,1.09,1.11,3.00,4.03,4.19,28.7,1.110
68000,461,609,65.8,12.1,15.3,1.2,20.5,2.9,4.11,2.2,439,128,11.28,36.96,309,212,88,2.9,4.74,1.62,5.58,6.45,7.08,7.90,26.5,1.089
69000,1,2366,13.4,0.2,0.0,0.1,11.6,0.0,1.09,15.2,699,120,4.46,7.60,1029,945,392,0.0,1.08,1.10,1.10,2.99,3.98,4.45,28.3,1.112
69000,461,585,67.5,12.9,15.2,1.0,21.2,3.0,4.26,2.1,406,143,14.40,40.00,289,220,76,3.0,5.01,1.61,5.62,6.35,7.16,7.90,26.5,1.082
69000,474,41,12.2,0.0,0.0,0.2,9.7,0.0,1.00,16.6,25,109,2.50,7.78,34,7,0,0.0,1.00,1.00,1.00,2.71,4.29,3.46,23.4,1.237
70000,1,2112,14.3,0.4,0.0,0.1,12.1,0.0,1.14,14.6,660,125,4.87,8.13,926,804,382,0.0,1.14,1.16,1.14,3.14,4.15,4.61,28.3,1.113
70000,461,639,65.5,11.8,14.5,1.0,22.0,2.8,3.99,2.2,459,158,18.21,41.65,320,237,82,2.8,4.63,1.57,5.34,6.53,7.13,7.87,26.6,1.081
70000,474,27,16.4,0.0,0.0,0.4,12.9,0.0,1.00,15.2,19,102,4.89,5.55,13,13,1,0.0,1.00,1.00,1.00,3.15,4.52,3.89,25.9,1.269
71000,1,2466,14.0,0.3,0.1,0.1,11.7,0.0,1.11,14.9,691,128,4.90,8.36,1224,891,351,0.0,1.10,1.14,1.11,3.10,4.31,4.28,26.7,1.126
71000,461,484,66.6,11.6,14.6,1.0,22.7,2.8,3.90,2.1,345,177,19.53,45.09,239,169,76,2.8,4.54,1.55,5.13,6.66,7.17,7.83,26.4,1.096
71000,474,20,18.7,0.0,0.0,0.0,14.0,0.0,1.00,14.5,12,90,2.85,6.09,7,13,0,0.0,1.00,1.00,1.00,3.10,4.65,4.10,25.9,1.316
72000,1,2555,13.9,0.3,0.1,0.1,11.5,0.0,1.10,15.2,816,132,4.73,8.35,1183,954,418,0.0,1.08,1.12,1.10,3.04,4.28,4.18,27.3,1.126
72000,461,536,65.3,11.4,15.6,0.8,21.1,3.1,3.93,2.3,377,151,15.14,44.90,300,165,71,3.1,4.44,1.59,5.41,6.53,7.00,7.94,26.1,1.091
73000,1,2563,13.2,0.2,0.1,0.1,11.1,0.0,1.10,15.7,804,122,4.50,7.71,1187,962,414,0.0,1.09,1.11,1.10,2.95,4.14,4.03,27.5,1.117
73000,461,582,66.5,12.3,15.0,1.6,21.1,3.0,4.11,2.2,395,136,14.02,42.86,319,183,80,3.0,4.76,1.57,5.65,6.46,7.03,7.95,25.8,1.082
73000,485,47,7.6,0.0,0.0,0.0,7.4,0.0,1.00,20.0,27,163,5.29,7.69,42,5,0,0.0,1.01,1.00,1.00,2.02,3.02,3.00,13.6,1.004
74000,1,2403,14.0,0.2,0.1,0.1,11.8,0.0,1.08,15.0,744,126,4.59,7.94,1082,857,464,0.0,1.07,1.09,1.08,3.12,4.41,4.13,28.1,1.130
74000,461,590,65.8,11.9,15.1,1.5,21.5,3.2,3.92,2.0,420,169,18.20,43.37,286,208,96,3.2,4.65,1.53,5.08,6.50,7.25,7.86,27.5,1.082
74000,485,6,7.7,0.0,0.0,0.0,7.5,0.0,1.00,19.0,4,193,8.22,6.92,6,0,0,0.0,1.00,1.00,1.00,1.67,3.83,2.67,4.4,1.022
75000,1,2336,13.7,0.3,0.1,0.1,11.5,0.0,1.10,15.3,698,127,5.07,8.18,1148,797,391,0.0,1.09,1.12,1.11,3.02,4.32,4.08,27.3,1.136
75000,461,596,67.3,12.1,16.0,1.6,21.3,3.0,4.04,1.9,407,138,14.29,39.40,290,203,103,3.0,4.73,1.55,5.33,6.60,7.26,7.87,27.6,1.087
76000,1,2127,13.4,0.3,0.1,0.0,11.3,0.0,1.13,15.7,654,117,4.40,7.43,1048,722,357,0.0,1.13,1.16,1.13,2.96,4.16,4.03,27.6,1.132
76000,461,694,66.3,12.4,15.7,1.4,20.7,3.2,4.13,2.0,483,125,13.16,40.05,350,231,113,3.2,4.84,1.61,5.50,6.57,7.21,7.87,27.2,1.074
77000,1,2482,14.5,0.3,0.0,0.1,12.1,0.0,1.12,14.7,696,116,4.36,7.53,1083,946,453,0.0,1.10,1.15,1.12,3.11,4.45,4.23,28.2,1.134
77000,461,530,63.7,11.5,13.9,1.3,21.3,2.8,3.97,2.5,364,156,16.04,42.20,302,160,68,2.8,4.51,1.62,5.40,6.47,6.99,7.85,25.9,1.087
78000,1,2418,14.2,0.3,0.1,0.1,12.0,0.0,1.10,15.2,728,122,4.72,7.96,1226,817,375,0.0,1.09,1.11,1.11,3.10,4.26,4.16,27.0,1.120
78000,461,590,67.2,12.2,14.6,2.1,21.8,2.9,4.02,2.0,382,159,18.34,45.76,265,221,104,2.9,4.74,1.54,5.30,6.45,7.18,7.92,27.7,1.088
79000,1,2430,13.9,0.2,0.0,0.1,11.9,0.0,1.08,15.2,664,128,5.21,8.38,1064,935,431,0.0,1.07,1.10,1.08,3.05,4.45,3.98,27.8,1.119
79000,461,536,67.9,12.7,14.5,1.6,22.4,2.9,4.17,1.9,333,163,19.58,46.45,302,177,57,2.9,4.90,1.59,5.53,6.64,7.19,7.94,25.5,1.078
80000,1,2236,14.0,0.3,0.1,0.1,11.8,0.0,1.11,15.3,670,122,4.73,7.70,1006,846,384,0.0,1.11,1.13,1.11,3.09,4.34,4.07,28.1,1.126
80000,461,578,67.1,12.4,15.1,1.6,21.7,3.0,4.11,1.8,355,157,17.20,41.81,284,204,90,3.0,4.79,1.59,5.43,6.65,7.21,7.94,27.2,1.078
81000,1,2332,13.6,0.3,0.1,0.0,11.5,0.0,1.13,15.7,685,115,4.43,7.53,899,1043,390,0.0,1.13,1.14,1.13,3.00,4.41,3.79,28.6,1.119
81000,461,592,67.1,12.2,15.0,1.6,22.2,2.9,4.08,2.0,393,150,17.07,45.01,329,187,76,2.9,4.74,1.54,5.50,6.71,7.18,7.91,25.6,1.079
82000,1,2503,14.0,0.3,0.1,0.1,11.9,0.0,1.09,15.2,645,131,4.98,8.47,1080,996,427,0.0,1.08,1.11,1.09,3.05,4.61,3.80,28.1,1.120
82000,461,558,67.2,12.2,15.3,2.0,21.5,3.0,3.99,1.7,371,148,16.53,43.79,279,200,79,3.1,4.74,1.54,5.18,6.65,7.30,7.92,27.1,1.082
83000,1,2649,14.0,0.3,0.0,0.1,11.7,0.0,1.12,15.1,791,134,5.06,8.71,1340,915,394,0.0,1.12,1.12,1.12,3.12,4.62,3.87,26.4,1.119
83000,461,590,67.8,12.5,15.3,1.7,21.5,2.8,4.14,1.9,392,140,14.77,42.37,275,216,99,2.9,4.87,1.55,5.54,6.66,7.22,7.89,28.1,1.086
84000,1,2451,14.5,0.3,0.1,0.1,12.2,0.0,1.10,15.0,684,131,5.07,8.60,1160,836,455,0.0,1.10,1.11,1.10,3.13,4.69,3.85,27.6,1.121
84000,461,512,66.6,12.7,15.8,1.5,20.3,3.3,4.18,2.1,337,138,13.03,43.58,275,163,74,3.3,4.97,1.66,5.42,6.88,7.22,7.94,25.6,1.071
85000,1,2541,15.0,0.3,0.1,0.1,12.6,0.0,1.10,14.8,703,136,5.49,9.15,1226,916,399,0.0,1.09,1.11,1.10,3.17,4.73,3.94,26.9,1.126
85000,461,436,67.5,13.0,14.4,1.4,21.4,2.9,4.30,2.1,280,164,19.06,42.78,239,147,50,2.9,5.04,1.67,5.76,6.56,7.14,7.91,25.9,1.081
86000,1,2474,14.9,0.3,0.1,0.1,12.4,0.0,1.10,15.0,698,128,4.99,8.40,1187,916,371,0.0,1.10,1.13,1.10,3.18,4.63,3.91,27.0,1.131
86000,461,474,67.9,13.2,16.1,1.4,19.5,3.2,4.37,2.1,319,138,12.36,45.28,237,172,65,3.2,5.11,1.64,5.86,6.47,7.06,7.94,27.2,1.087
87000,1,2614,14.4,0.3,0.1,0.1,12.0,0.0,1.10,15.1,726,127,4.96,8.26,1165,1030,419,0.0,1.08,1.12,1.10,3.09,4.58,3.90,27.9,1.125
87000,461,455,69.9,13.3,16.0,2.3,20.3,3.0,4.37,1.9,297,132,14.15,43.63,258,157,40,3.1,5.15,1.57,5.76,6.63,7.21,7.89,24.4,1.094
88000,1,2403,15.1,0.3,0.1,0.1,12.6,0.0,1.10,14.7,728,126,5.02,8.43,1065,988,350,0.0,1.09,1.12,1.10,3.15,4.63,4.04,27.7,1.137
88000,461,537,66.7,12.4,14.7,1.6,21.2,2.9,4.14,2.0,357,171,17.80,46.36,267,199,71,3.0,4.83,1.57,5.48,6.48,7.16,7.92,26.5,1.089
89000,1,2540,14.5,0.3,0.1,0.1,12.1,0.0,1.09,15.0,739,124,4.85,8.26,1161,1013,366,0.0,1.07,1.12,1.09,3.07,4.57,3.97,27.2,1.139
89000,461,511,67.3,12.8,14.9,2.3,20.8,3.0,4.27,2.0,302,141,14.41,42.33,280,163,68,3.0,4.94,1.59,5.76,6.65,7.14,7.92,26.3,1.079
90000,1,2152,15.1,0.3,0.1,0.1,12.7,0.0,1.09,14.4,638,135,5.64,8.59,919,852,381,0.0,1.09,1.12,1.09,3.18,4.77,4.06,28.4,1.139
90000,461,478,67.2,12.9,13.9,2.1,21.5,2.8,4.25,2.1,312,186,23.08,46.27,243,175,60,2.8,4.99,1.61,5.62,6.68,7.12,7.92,26.1,1.080
91000,1,2333,14.4,0.2,0.1,0.1,12.0,0.0,1.09,14.8,704,132,5.56,8.40,1047,899,387,0.0,1.07,1.11,1.09,3.11,4.60,4.02,27.4,1.138
91000,461,586,67.3,12.3,13.9,1.9,22.8,2.8,4.14,2.0,347,162,17.99,45.54,294,231,61,2.8,4.77,1.56,5.65,6.43,7.08,7.94,25.8,1.083
92000,1,2516,14.1,0.3,0.1,0.1,11.8,0.0,1.11,15.1,738,126,5.16,8.03,1190,900,426,0.0,1.09,1.13,1.11,3.04,4.45,4.03,27.3,1.137
92000,461,559,68.4,12.9,14.4,2.2,21.8,2.9,4.25,1.8,334,155,17.28,45.97,285,204,70,2.9,4.96,1.59,5.65,6.49,7.21,7.91,25.8,1.084
93000,1,2374,14.4,0.3,0.1,0.1,11.8,0.0,1.11,14.9,720,131,5.11,8.52,1080,895,399,0.0,1.09,1.13,1.11,3.10,4.61,4.00,27.5,1.157
93000,461,501,64.8,12.4,13.1,2.0,21.4,2.7,4.21,2.2,341,183,21.84,47.90,289,166,46,2.7,4.85,1.72,5.70,6.41,7.02,7.90,25.0,1.076
94000,1,2454,15.0,0.3,0.1,0.1,12.4,0.0,1.11,14.6,771,137,5.67,9.14,1146,911,397,0.0,1.10,1.14,1.11,3.17,4.63,4.07,27.5,1.145
94000,461,502,68.0,14.6,13.4,1.8,20.0,2.8,4.76,2.2,318,172,17.81,44.15,260,184,58,2.9,5.55,1.81,6.38,6.52,7.01,7.95,25.9,1.073
94000,540,22,6.0,0.0,0.0,0.0,5.7,0.0,1.00,20.1,7,128,4.99,5.92,22,0,0,0.0,1.00,1.00,1.00,2.27,2.45,3.50,16.0,1.055
95000,1,2765,14.5,0.3,0.1,0.1,12.0,0.0,1.11,14.8,823,128,4.98,8.39,1385,990,390,0.0,1.11,1.13,1.11,3.08,4.57,4.04,26.5,1.142
95000,461,439,68.1,14.2,14.6,1.4,20.2,2.9,4.61,2.0,298,186,19.83,51.22,240,147,52,3.0,5.47,1.74,6.09,6.61,7.09,7.96,25.7,1.068
96000,1,2697,13.9,0.2,0.0,0.1,11.7,0.0,1.06,15.1,776,138,5.12,8.54,1308,979,410,0.0,1.05,1.09,1.06,3.06,4.51,3.98,27.3,1.154
96000,461,461,66.9,12.5,14.9,1.5,21.9,3.0,4.14,2.0,293,177,20.47,48.82,234,176,51,3.0,4.84,1.56,5.55,6.65,7.17,7.86,25.6,1.072
97000,1,2497,13.9,0.2,0.1,0.1,11.6,0.0,1.07,15.2,753,132,5.35,8.39,1106,974,417,0.0,1.07,1.11,1.06,3.04,4.53,3.94,27.9,1.154
97000,461,536,67.6,12.9,15.6,1.7,21.1,3.0,4.27,1.9,327,142,15.83,42.05,297,180,59,3.0,4.95,1.59,5.76,6.80,7.18,7.92,25.4,1.069
98000,1,2375,14.2,0.3,0.1,0.1,11.6,0.0,1.09,15.2,789,131,5.29,8.48,1070,878,427,0.0,1.08,1.15,1.08,3.06,4.45,4.00,28.1,1.162
98000,461,616,68.0,12.7,15.8,1.8,21.2,3.1,4.14,1.9,383,138,14.22,41.57,359,189,68,3.1,4.90,1.58,5.48,6.58,7.19,7.93,25.0,1.077
99000,1,2417,13.8,0.2,0.1,0.1,11.2,0.0,1.09,15.4,714,130,5.10,8.14,1111,958,348,0.0,1.08,1.12,1.09,3.06,4.34,4.01,27.0,1.169
99000,461,567,66.9,12.4,15.3,2.0,21.4,2.9,4.17,2.1,330,149,17.34,44.17,298,200,69,2.9,4.80,1.61,5.67,6.57,7.08,7.90,26.1,1.073
100000,1,2211,14.7,0.2,0.1,0.1,12.1,0.0,1.07,15.0,705,126,4.95,7.97,1001,861,349,0.0,1.06,1.10,1.08,3.12,4.30,4.24,27.7,1.168
100000,461,539,68.0,12.9,14.7,1.5,21.8,3.0,4.24,2.0,317,150,15.71,41.79,264,196,79,3.0,4.98,1.60,5.66,6.68,7.17,7.91,26.7,1.079
101000,1,2686,14.0,0.3,0.1,0.1,11.5,0.0,1.10,15.3,751,126,4.84,8.06,1343,952,391,0.0,1.08,1.12,1.10,3.03,4.24,4.13,26.7,1.161
101000,461,475,67.8,13.0,15.0,2.2,20.4,2.9,4.39,2.1,304,139,14.77,45.29,245,166,64,2.9,5.04,1.70,5.96,6.49,7.10,7.91,26.0,1.084
102000,1,2669,14.2,0.3,0.1,0.1,11.6,0.0,1.11,15.3,797,122,4.44,7.66,1243,965,461,0.0,1.09,1.14,1.12,3.03,4.23,4.13,27.4,1.162
102000,461,554,67.4,12.6,15.1,2.1,21.3,3.0,4.18,1.9,349,109,9.13,39.95,265,206,83,3.0,4.88,1.57,5.59,6.52,7.20,7.94,26.2,1.079
103000,1,2517,15.3,0.3,0.0,0.1,12.7,0.0,1.10,14.6,752,128,5.12,8.22,1199,922,396,0.0,1.08,1.14,1.10,3.20,4.47,4.24,27.1,1.151
103000,461,477,66.8,12.8,15.3,2.1,20.4,3.1,4.28,2.1,325,163,19.70,44.30,237,193,47,3.1,4.95,1.65,5.80,6.56,7.04,7.95,26.2,1.075
104000,1,2406,14.6,0.3,0.0,0.1,12.0,0.0,1.12,15.2,796,130,5.34,8.47,1154,861,391,0.0,1.10,1.17,1.12,3.13,4.44,4.00,27.0,1.153
104000,461,565,67.8,12.9,14.7,1.5,21.9,3.0,4.26,1.9,352,145,16.39,41.65,273,233,59,3.1,4.97,1.65,5.70,6.57,7.17,7.92,26.1,1.076
105000,1,2602,14.9,0.2,0.0,0.1,12.5,0.0,1.09,14.7,823,133,5.28,8.81,1236,944,422,0.0,1.07,1.13,1.09,3.16,4.58,4.13,27.5,1.145
105000,461,556,68.8,13.4,14.5,1.5,22.0,3.0,4.34,1.8,368,163,17.42,44.22,260,225,71,3.1,5.16,1.60,5.66,6.57,7.21,7.90,26.0,1.079
106000,1,2294,15.0,0.3,0.1,0.1,12.4,0.0,1.09,14.6,781,123,4.89,8.02,1009,871,414,0.0,1.09,1.13,1.09,3.18,4.45,4.27,28.5,1.154
106000,461,600,69.0,13.8,15.5,1.9,19.8,3.1,4.52,1.8,403,143,15.14,40.63,281,225,94,3.1,5.31,1.71,6.02,6.55,7.21,7.95,27.3,1.080
107000,1,2375,15.0,0.3,0.1,0.1,12.4,0.0,1.10,14.8,795,130,5.21,8.18,1185,794,396,0.0,1.10,1.11,1.10,3.19,4.52,4.11,27.1,1.151
107000,461,543,66.3,12.1,13.9,2.5,22.4,2.8,4.05,1.9,332,154,16.69,40.05,245,217,81,2.8,4.69,1.59,5.46,6.64,7.15,7.94,27.4,1.075
108000,1,2417,14.5,0.3,0.1,0.1,12.0,0.0,1.10,15.2,723,121,4.81,7.61,1160,853,404,0.0,1.07,1.13,1.10,3.06,4.40,4.03,27.1,1.152
108000,461,586,65.2,11.3,13.9,2.0,23.1,2.8,3.77,2.0,350,142,15.46,43.15,271,204,111,2.8,4.39,1.56,5.01,6.58,7.11,7.92,28.1,1.080
109000,1,2453,14.1,0.3,0.0,0.1,11.6,0.0,1.11,15.3,716,127,4.86,7.85,1107,972,374,0.0,1.09,1.16,1.11,3.03,4.37,4.00,27.6,1.150
109000,461,561,66.7,12.4,15.2,1.5,21.0,3.1,4.10,2.1,353,158,17.94,45.50,260,227,74,3.1,4.78,1.56,5.52,6.49,7.10,7.89,26.7,1.081
110000,1,2468,14.2,0.3,0.1,0.1,11.7,0.0,1.08,15.4,728,123,4.80,7.95,1128,918,422,0.0,1.06,1.11,1.08,3.03,4.30,4.03,27.7,1.158
110000,461,596,66.2,12.0,14.0,2.4,22.5,2.7,4.04,2.1,355,134,13.94,40.88,314,214,68,2.8,4.67,1.58,5.47,6.66,7.08,7.91,25.5,1.075
111000,1,2200,14.5,0.3,0.1,0.2,11.9,0.0,1.09,15.2,654,124,4.66,7.65,963,805,432,0.0,1.07,1.14,1.10,3.12,4.27,4.16,28.4,1.153
111000,461,544,64.4,11.9,13.7,1.9,21.7,2.8,4.06,2.3,334,149,15.17,43.21,305,156,83,2.8,4.62,1.68,5.52,6.31,7.03,7.88,25.8,1.072
112000,1,2282,14.5,0.2,0.0,0.1,11.9,0.0,1.09,15.2,700,117,4.49,7.57,1087,784,411,0.0,1.07,1.12,1.09,3.07,4.27,4.16,27.9,1.162
112000,461,533,68.2,12.7,15.8,1.8,21.2,3.1,4.19,1.8,342,155,16.93,43.38,294,153,86,3.1,4.93,1.54,5.56,6.53,7.23,7.92,26.2,1.078
113000,1,2297,15.0,0.2,0.1,0.1,12.4,0.0,1.08,14.8,727,126,4.89,7.98,1064,829,404,0.0,1.05,1.14,1.09,3.12,4.44,4.18,27.9,1.161
113000,461,591,67.5,13.1,13.6,1.8,20.8,2.8,4.42,2.1,382,154,16.50,42.84,360,182,49,2.9,5.01,1.71,6.03,6.36,7.00,7.95,24.2,1.098
114000,1,2332,14.8,0.3,0.1,0.1,12.1,0.0,1.11,14.9,762,122,5.08,7.86,1112,763,457,0.0,1.10,1.16,1.10,3.09,4.45,4.18,28.2,1.158
114000,461,575,65.9,12.0,14.1,1.7,21.8,2.8,4.06,2.0,365,158,17.05,39.56,292,211,72,2.8,4.64,1.61,5.53,6.51,7.10,7.95,26.1,1.086
115000,1,2509,14.1,0.3,0.1,0.1,11.7,0.0,1.10,15.5,738,130,5.26,8.31,1202,880,427,0.0,1.07,1.15,1.09,3.02,4.37,3.94,27.3,1.150
115000,461,556,68.3,12.5,16.1,1.5,21.4,3.1,4.12,1.9,358,152,17.23,43.81,286,196,74,3.2,4.87,1.56,5.41,6.66,7.24,7.89,26.4,1.082
115000,612,10,13.2,1.6,0.0,0.0,8.8,0.0,1.69,17.2,3,47,1.04,3.24,10,0,0,0.0,1.70,2.10,1.54,2.80,4.20,3.20,22.9,1.111
116000,1,2486,14.6,0.2,0.0,0.0,12.3,0.0,1.09,15.1,735,124,4.95,7.84,1193,859,434,0.0,1.07,1.16,1.08,3.10,4.45,4.02,27.5,1.146
116000,461,513,64.7,12.0,14.5,1.5,21.4,2.9,4.04,2.2,332,175,19.41,41.45,241,186,86,2.9,4.70,1.55,5.44,6.45,7.09,7.86,27.5,1.068
116000,612,18,9.7,0.0,0.0,0.0,8.7,0.0,1.00,18.0,4,103,2.49,5.53,16,2,0,0.0,1.00,1.00,1.00,2.22,4.00,3.00,22.7,1.114
117000,1,2380,13.8,0.2,0.1,0.1,11.6,0.0,1.08,15.7,795,123,4.71,7.79,1106,818,456,0.0,1.06,1.12,1.07,2.97,4.34,3.86,28.0,1.145
117000,461,641,63.6,11.8,14.9,1.7,20.1,2.9,4.03,2.3,437,141,14.44,41.02,333,240,68,2.9,4.62,1.64,5.47,6.41,6.98,7.89,25.9,1.072
118000,1,2422,14.1,0.2,0.1,0.1,11.9,0.0,1.07,15.5,713,126,5.36,7.86,1123,926,373,0.0,1.05,1.10,1.07,3.05,4.32,3.96,26.9,1.142
118000,461,560,65.4,11.9,14.2,2.6,21.7,2.8,4.01,2.1,358,172,20.77,44.85,305,163,92,2.8,4.60,1.65,5.39,6.76,7.07,7.91,26.9,1.077
119000,1,2352,14.6,0.2,0.1,0.0,12.4,0.0,1.08,15.0,711,125,5.00,8.12,1018,890,444,0.0,1.07,1.10,1.09,3.09,4.41,4.10,28.3,1.133
119000,461,526,67.0,13.3,15.2,2.0,20.0,3.1,4.37,2.0,351,150,16.02,46.55,281,188,57,3.1,5.12,1.55,5.89,6.72,7.16,7.92,25.7,1.072
120000,1,2017,14.5,0.3,0.1,0.1,12.1,0.0,1.09,15.2,658,126,4.90,8.00,922,723,372,0.0,1.08,1.15,1.09,3.11,4.44,4.03,27.9,1.136
120000,461,550,66.7,11.9,14.5,2.2,22.3,2.9,3.98,2.0,346,157,19.20,44.13,276,197,77,2.9,4.62,1.53,5.39,6.71,7.12,7.94,26.1,1.081
121000,1,2027,15.1,0.3,0.2,0.1,12.5,0.0,1.10,14.8,668,120,5.01,7.57,779,799,449,0.0,1.08,1.17,1.10,3.19,4.47,4.17,29.3,1.134
121000,461,527,67.3,12.7,14.8,1.3,21.6,3.2,4.18,2.0,363,169,18.52,41.09,261,204,62,3.2,4.90,1.58,5.52,6.60,7.18,7.90,25.9,1.082
122000,1,2051,14.3,0.2,0.1,0.1,12.0,0.0,1.08,15.3,618,131,5.43,8.80,995,724,332,0.0,1.07,1.12,1.08,3.05,4.30,4.10,27.5,1.135
122000,461,555,67.8,12.8,15.4,1.8,20.6,3.2,4.26,1.9,347,147,14.99,40.65,249,205,101,3.2,4.92,1.64,5.73,6.64,7.21,7.89,28.1,1.088
123000,1,2500,14.1,0.2,0.1,0.1,11.8,0.0,1.09,15.3,715,118,4.43,7.57,1048,990,462,0.0,1.07,1.12,1.08,3.01,4.23,4.13,28.8,1.141
123000,461,583,66.6,12.1,14.7,1.8,22.2,3.1,4.02,2.1,349,143,14.61,43.12,323,171,89,3.1,4.69,1.53,5.41,6.70,7.10,7.92,25.9,1.077
124000,1,2250,14.0,0.3,0.1,0.1,11.8,0.0,1.10,15.2,662,126,4.86,8.04,1076,755,419,0.0,1.07,1.14,1.10,3.04,4.22,4.27,28.0,1.135
124000,461,531,66.8,12.5,14.3,1.7,21.9,3.1,4.13,2.0,342,155,17.02,43.34,253,181,97,3.1,4.85,1.58,5.50,6.43,7.16,7.92,27.1,1.076
125000,1,2322,13.7,0.3,0.1,0.1,11.2,0.0,1.09,15.7,696,116,4.25,7.29,1014,892,416,0.0,1.06,1.16,1.09,3.00,4.07,4.13,28.4,1.142
125000,461,604,66.7,12.1,14.0,1.6,23.1,3.0,3.98,1.9,383,145,15.12,43.73,324,204,76,3.0,4.70,1.51,5.32,6.55,7.19,7.94,26.3,1.076
126000,1,1567,14.6,0.3,0.1,0.1,12.2,0.0,1.11,15.0,540,118,4.68,7.47,628,548,391,0.0,1.10,1.15,1.11,3.13,4.26,4.31,29.5,1.131
126000,461,674,66.4,12.6,14.7,1.5,21.2,3.0,4.20,2.1,438,134,15.22,36.81,315,269,90,3.0,4.87,1.69,5.67,6.51,7.07,7.91,27.1,1.075
126000,639,51,14.3,0.6,0.0,0.0,11.4,0.0,1.28,16.7,21,107,4.36,7.67,40,11,0,0.0,1.21,1.25,1.39,2.78,3.12,4.57,22.5,1.134
127000,1,2308,14.9,0.3,0.1,0.2,12.4,0.0,1.10,14.8,745,124,5.33,8.20,1100,793,415,0.0,1.08,1.14,1.11,3.14,4.41,4.28,27.4,1.142
127000,461,606,66.3,12.0,14.3,1.8,22.8,2.9,3.97,1.8,387,155,15.63,40.70,305,219,82,2.9,4.67,1.57,5.22,6.64,7.25,7.91,26.5,1.074
127000,639,63,11.7,0.2,0.0,0.0,10.3,0.0,1.12,17.4,39,138,6.58,8.44,51,12,0,0.0,1.09,1.12,1.14,2.63,3.13,4.25,23.6,1.094
128000,1,2451,14.2,0.4,0.1,0.1,11.7,0.0,1.13,15.3,746,121,4.77,8.08,1202,860,389,0.0,1.10,1.19,1.12,3.02,4.45,3.96,27.2,1.138
128000,461,608,67.0,12.4,13.5,2.7,22.6,2.8,4.12,2.0,379,130,13.42,36.17,328,221,59,2.8,4.80,1.59,5.55,6.59,7.12,7.91,25.4,1.078
128000,639,31,18.4,2.2,0.7,0.0,11.0,0.0,1.73,16.6,18,151,8.07,9.57,19,8,4,0.0,1.44,1.88,1.86,2.81,3.55,4.13,27.6,1.112
129000,1,2420,14.4,0.4,0.1,0.1,11.7,0.0,1.14,15.2,695,125,4.63,7.95,1243,827,350,0.0,1.14,1.19,1.13,3.06,4.40,4.03,26.6,1.146
129000,461,567,67.4,12.9,14.5,1.8,21.1,2.9,4.29,2.0,350,145,14.58,39.22,298,197,72,3.0,4.98,1.62,5.77,6.37,7.13,7.92,26.9,1.082
129000,639,9,11.8,0.0,0.0,0.0,10.7,0.0,1.00,16.9,7,188,6.71,13.77,9,0,0,0.0,1.00,1.00,1.00,2.78,3.22,4.33,20.7,1.112
130000,1,2322,14.5,0.4,0.1,0.1,11.7,0.0,1.16,15.2,636,125,5.17,7.97,1073,863,386,0.0,1.13,1.21,1.16,3.06,4.52,3.95,27.8,1.142
130000,461,511,69.2,13.5,15.8,1.5,20.9,3.2,4.44,1.7,324,142,17.13,42.41,272,182,57,3.2,5.21,1.55,5.93,6.75,7.26,7.93,25.6,1.076
130000,639,12,10.3,0.2,0.0,0.0,9.5,0.0,1.06,18.0,9,155,10.70,5.44,2,10,0,0.0,1.00,1.08,1.10,2.83,3.17,3.83,28.6,1.032
131000,1,2519,14.0,0.3,0.1,0.1,11.7,0.0,1.10,15.4,659,127,4.96,7.92,1150,898,471,0.0,1.09,1.14,1.10,3.02,4.46,3.87,27.8,1.137
131000,461,481,67.0,12.6,16.1,1.3,21.0,3.1,4.17,1.8,276,162,20.65,42.86,252,180,49,3.1,4.89,1.55,5.57,6.48,7.21,7.91,26.0,1.068
131000,639,16,11.0,0.0,0.0,0.0,10.1,0.0,1.00,18.0,7,82,2.55,4.37,1,15,0,0.0,1.00,1.00,1.00,3.25,3.12,3.88,29.9,1.075
132000,1,2246,15.0,0.2,0.1,0.1,12.5,0.0,1.08,14.9,690,121,4.74,7.86,1035,794,417,0.0,1.08,1.10,1.08,3.14,4.59,3.98,28.1,1.140
132000,461,550,66.7,12.0,14.4,1.9,22.7,3.1,4.00,1.7,351,161,17.42,41.52,285,178,87,3.1,4.62,1.55,5.29,6.62,7.25,7.95,26.7,1.078
133000,1,2234,14.3,0.2,0.1,0.1,12.0,0.0,1.10,15.3,668,130,5.13,8.46,1048,806,380,0.0,1.12,1.11,1.09,3.03,4.57,3.81,27.7,1.135
133000,461,628,65.8,12.6,14.6,2.0,20.7,2.9,4.19,2.2,386,142,15.71,39.91,338,186,104,2.9,4.90,1.60,5.67,6.52,7.03,7.92,26.0,1.074
134000,1,2205,14.3,0.3,0.1,0.0,11.9,0.0,1.12,15.6,650,124,4.97,8.02,937,868,400,0.0,1.14,1.14,1.12,3.01,4.38,3.84,28.3,1.133
134000,461,613,64.7,11.6,13.5,2.2,22.4,2.7,3.95,2.1,391,148,15.87,42.86,333,202,78,2.7,4.51,1.59,5.33,6.45,7.08,7.92,25.3,1.075
135000,1,2320,15.5,0.2,0.1,0.1,13.1,0.0,1.09,14.5,707,127,5.41,8.59,966,879,475,0.0,1.08,1.11,1.09,3.26,4.62,4.15,28.8,1.128
135000,461,513,66.9,12.1,14.1,1.6,22.9,2.7,4.11,2.0,327,166,18.46,43.24,281,150,82,2.8,4.73,1.60,5.54,6.73,7.18,7.88,25.6,1.083
136000,1,2187,14.8,0.3,0.1,0.1,12.6,0.0,1.11,14.8,696,117,5.00,7.79,1025,783,379,0.0,1.10,1.17,1.11,3.18,4.67,3.98,27.4,1.120
136000,461,596,68.1,12.9,14.3,1.5,22.1,2.9,4.30,1.9,363,153,14.16,42.01,283,227,86,2.9,4.97,1.66,5.77,6.61,7.15,7.94,27.4,1.084
137000,1,2272,14.7,0.2,0.1,0.0,12.6,0.0,1.07,14.7,735,120,4.94,7.97,1021,807,444,0.0,1.08,1.07,1.07,3.16,4.52,4.15,28.0,1.123
137000,461,568,65.3,12.4,13.7,1.5,21.3,2.8,4.19,2.3,361,176,19.69,42.81,282,214,72,2.8,4.80,1.68,5.74,6.43,7.01,7.94,26.5,1.081
138000,1,2304,14.1,0.3,0.1,0.1,11.8,0.0,1.10,15.2,724,115,4.90,7.20,1116,753,435,0.0,1.10,1.12,1.11,3.04,4.46,3.96,27.3,1.120
138000,461,582,65.2,11.7,14.2,1.5,21.7,2.9,3.98,2.4,360,162,16.95,41.70,283,204,95,2.9,4.55,1.61,5.42,6.59,6.96,7.90,27.5,1.086
139000,1,2437,13.9,0.2,0.0,0.1,12.0,0.0,1.09,15.2,671,120,5.08,7.69,1156,829,452,0.0,1.08,1.11,1.09,3.09,4.59,3.82,27.9,1.109
139000,461,579,64.5,12.0,13.4,1.9,21.7,2.8,4.07,2.5,345,151,15.33,42.56,299,207,73,2.9,4.67,1.57,5.60,6.35,6.98,7.85,26.4,1.074
140000,1,2404,13.8,0.3,0.1,0.1,11.8,0.0,1.11,15.4,725,131,5.11,8.24,1138,863,403,0.0,1.11,1.11,1.11,3.06,4.56,3.81,27.4,1.111
140000,461,535,67.6,12.7,15.5,1.2,21.0,3.3,4.21,1.8,335,169,20.56,45.78,272,206,57,3.3,4.91,1.64,5.56,6.59,7.22,7.93,25.6,1.081
141000,1,2448,14.2,0.2,0.1,0.1,12.1,0.0,1.08,15.1,710,130,5.44,8.54,1111,881,456,0.0,1.09,1.08,1.09,3.13,4.61,3.89,28.1,1.120
141000,461,551,65.8,11.5,14.6,1.9,21.7,2.9,3.87,2.1,349,151,16.55,40.34,280,217,54,2.9,4.49,1.57,5.15,6.67,7.17,7.86,25.7,1.095
142000,1,2283,13.9,0.2,0.0,0.0,12.3,0.0,1.07,15.0,673,116,4.61,7.52,1061,746,476,0.0,1.07,1.08,1.08,3.10,4.51,4.06,28.6,1.097
142000,461,601,65.2,11.9,14.6,1.5,21.1,3.0,3.99,2.0,401,150,15.94,41.04,335,191,75,3.0,4.63,1.64,5.32,6.47,7.11,7.93,25.0,1.084
143000,1,2347,13.9,0.2,0.1,0.0,12.1,0.0,1.10,15.1,685,120,4.85,7.58,1123,832,392,0.0,1.10,1.12,1.10,3.01,4.48,4.02,27.3,1.102
143000,461,589,67.1,11.7,14.2,1.5,23.1,2.6,4.00,2.0,369,150,17.04,39.52,291,203,95,2.6,4.61,1.57,5.39,6.54,7.18,7.90,26.9,1.092
144000,1,2346,14.2,0.3,0.1,0.1,12.1,0.0,1.12,14.8,742,119,4.63,7.71,1125,835,386,0.0,1.12,1.13,1.12,3.15,4.55,4.08,27.6,1.107
144000,461,655,67.0,12.2,16.0,1.9,20.8,3.1,4.10,2.0,424,139,14.57,38.12,323,223,109,3.1,4.76,1.49,5.53,6.81,7.18,7.89,27.0,1.078
145000,1,2532,14.4,0.4,0.1,0.1,12.2,0.0,1.13,14.4,746,127,5.20,7.97,1174,897,461,0.0,1.12,1.17,1.13,3.19,4.58,4.24,27.8,1.108
145000,461,532,65.9,11.9,14.3,2.0,22.2,3.0,3.98,1.9,343,173,21.42,42.04,272,181,79,3.0,4.63,1.56,5.26,6.53,7.21,7.88,26.3,1.074
146000,1,2815,14.1,0.3,0.1,0.1,12.1,0.0,1.12,14.3,778,131,5.17,8.21,1350,912,553,0.0,1.10,1.15,1.11,3.19,4.53,4.36,27.8,1.109
146000,461,541,64.1,11.8,13.7,1.6,20.8,2.5,4.08,2.7,353,174,16.48,44.39,240,229,72,2.5,4.61,1.70,5.58,6.29,6.86,7.88,27.6,1.090
147000,1,2413,14.5,0.3,0.1,0.1,12.4,0.0,1.12,14.2,760,125,5.07,8.23,1221,739,453,0.0,1.12,1.13,1.12,3.20,4.59,4.34,27.2,1.106
147000,461,611,65.4,12.2,14.1,2.3,21.0,2.8,4.08,2.1,390,158,17.07,42.06,275,222,114,2.8,4.71,1.64,5.56,6.34,7.07,7.93,28.4,1.082
148000,1,2483,14.9,0.3,0.1,0.1,12.8,0.0,1.11,14.1,774,127,5.18,8.44,1239,755,489,0.0,1.10,1.13,1.11,3.26,4.64,4.38,27.8,1.110
148000,461,501,69.1,13.3,15.3,1.9,21.0,3.0,4.35,1.9,320,177,21.40,46.16,236,188,77,3.0,5.12,1.67,5.74,6.54,7.19,7.92,27.5,1.083
149000,1,2434,14.1,0.2,0.1,0.1,12.2,0.0,1.10,14.5,784,128,5.00,8.43,1195,786,453,0.0,1.09,1.11,1.10,3.18,4.50,4.29,27.8,1.102
149000,461,642,66.3,12.4,14.9,2.1,21.3,3.0,4.10,1.9,386,135,13.32,39.91,307,220,115,3.1,4.80,1.62,5.41,6.52,7.23,7.90,27.3,1.073
150000,1,2460,15.2,0.3,0.2,0.1,13.1,0.0,1.10,14.1,779,118,4.92,7.95,1072,943,445,0.0,1.09,1.12,1.11,3.33,4.63,4.34,28.0,1.100
150000,461,534,66.2,12.3,13.7,2.6,22.3,2.7,4.09,1.8,336,160,18.04,44.86,261,188,85,2.7,4.79,1.60,5.43,6.66,7.22,7.93,27.4,1.072
151000,1,2504,13.5,0.2,0.1,0.0,11.8,0.0,1.08,15.2,789,122,4.76,7.97,1153,937,414,0.0,1.07,1.09,1.08,3.06,4.45,3.97,27.7,1.098
151000,461,645,65.8,11.6,14.2,2.0,21.9,2.6,3.96,2.1,387,139,14.85,42.33,301,212,132,2.6,4.54,1.53,5.38,6.58,7.06,7.93,27.7,1.091
152000,1,2336,14.1,0.3,0.0,0.1,12.2,0.0,1.10,14.6,804,124,4.84,8.28,1079,676,581,0.0,1.09,1.11,1.11,3.12,4.42,4.33,28.4,1.095
152000,461,649,65.0,11.5,15.2,1.9,21.5,2.7,3.92,2.1,438,153,16.73,44.60,320,235,94,2.7,4.54,1.62,5.18,6.45,7.13,7.90,26.5,1.077
153000,1,2491,14.1,0.3,0.0,0.1,12.2,0.0,1.12,14.9,853,124,5.28,8.14,1123,912,456,0.0,1.12,1.13,1.13,3.10,4.47,4.13,27.6,1.090
153000,461,541,64.6,12.0,14.5,1.8,20.7,3.0,4.10,2.4,359,171,19.26,43.39,260,194,87,3.0,4.68,1.59,5.63,6.40,7.02,7.84,27.3,1.076
154000,1,2623,13.3,0.3,0.1,0.0,11.6,0.0,1.10,15.5,789,121,4.75,7.77,1306,852,465,0.0,1.10,1.10,1.10,2.97,4.21,4.10,27.0,1.088
154000,461,606,64.9,11.9,13.1,2.6,22.1,2.5,4.01,2.2,389,152,16.65,41.85,288,238,80,2.5,4.70,1.58,5.28,6.45,7.17,7.80,26.7,1.080
155000,1,2508,13.3,0.2,0.0,0.0,11.7,0.0,1.10,15.4,737,127,5.02,8.10,1097,967,444,0.0,1.10,1.11,1.09,3.03,4.26,4.06,27.8,1.090
155000,461,613,66.6,11.7,14.0,2.0,23.3,2.6,3.88,1.8,387,145,16.19,39.29,312,224,77,2.6,4.55,1.55,5.11,6.67,7.22,7.92,26.3,1.081
156000,1,2335,13.4,0.3,0.1,0.1,11.7,0.0,1.13,15.2,722,120,4.72,7.86,1137,774,424,0.0,1.13,1.14,1.14,3.04,4.43,3.97,27.5,1.081
156000,461,635,64.4,11.2,12.8,1.9,22.8,2.3,3.90,2.5,428,148,14.47,44.46,301,230,104,2.3,4.45,1.61,5.25,6.49,6.96,7.85,26.5,1.094
157000,1,2254,13.4,0.3,0.1,0.0,11.8,0.0,1.09,15.6,722,118,4.75,7.62,1106,710,438,0.0,1.09,1.10,1.09,2.99,4.28,3.99,27.5,1.086
157000,461,666,67.1,12.1,14.6,2.0,22.1,2.8,4.09,2.0,402,154,16.55,41.18,317,239,110,2.8,4.72,1.59,5.51,6.41,7.15,7.93,27.2,1.085
158000,1,2449,13.3,0.2,0.0,0.1,11.7,0.0,1.10,15.7,672,123,4.80,7.70,1318,722,409,0.0,1.11,1.09,1.10,2.99,4.39,3.79,26.3,1.095
158000,461,531,64.8,11.3,14.8,2.1,21.7,2.8,3.86,2.1,336,169,17.66,46.93,270,168,93,2.8,4.46,1.55,5.23,6.63,7.10,7.90,27.9,1.081
159000,1,2214,14.0,0.3,0.1,0.0,12.2,0.0,1.14,15.7,714,128,5.39,8.01,1101,755,358,0.0,1.14,1.11,1.15,3.04,4.43,3.76,27.2,1.088
159000,461,598,65.1,11.5,13.8,1.6,22.7,2.8,3.80,2.1,370,147,16.17,41.69,300,216,82,2.8,4.49,1.52,4.94,6.54,7.19,7.84,26.9,1.083
160000,1,2311,13.7,0.2,0.1,0.1,12.1,0.0,1.08,15.4,673,118,4.93,7.44,1072,798,441,0.0,1.09,1.07,1.09,3.04,4.45,3.87,28.1,1.089
160000,461,601,66.2,12.1,13.9,1.9,22.4,2.7,4.05,2.2,385,167,18.93,44.08,339,181,81,2.7,4.71,1.53,5.43,6.45,7.11,7.87,26.4,1.080
161000,1,2489,13.7,0.2,0.1,0.1,12.1,0.0,1.08,15.1,694,118,4.76,7.76,1067,979,443,0.0,1.10,1.08,1.08,3.07,4.48,3.98,28.3,1.090
161000,461,586,66.1,12.7,14.7,1.7,21.3,2.9,4.20,2.0,379,155,18.11,41.20,326,158,102,2.9,4.93,1.62,5.60,6.39,7.18,7.88,26.6,1.065
162000,1,2626,14.0,0.2,0.1,0.1,12.5,0.0,1.07,15.0,702,122,5.11,7.66,1151,992,483,0.0,1.09,1.08,1.07,3.09,4.65,3.91,28.1,1.092
162000,461,518,63.8,11.5,13.3,1.8,21.9,2.4,3.99,2.2,353,173,19.48,44.70,266,191,61,2.5,4.56,1.70,5.28,6.50,7.08,7.89,25.8,1.084
163000,1,2595,13.3,0.2,0.1,0.0,11.6,0.0,1.09,15.4,758,117,4.62,7.44,1185,916,494,0.0,1.11,1.09,1.10,3.04,4.38,3.95,27.7,1.096
163000,461,599,65.2,11.7,15.3,1.4,21.0,2.8,3.98,2.1,384,153,15.65,45.14,271,230,98,2.8,4.60,1.52,5.34,6.44,7.13,7.87,27.6,1.085
164000,1,2454,14.6,0.3,0.1,0.0,12.7,0.0,1.11,14.7,773,131,5.57,7.97,1178,831,445,0.0,1.15,1.11,1.11,3.19,4.58,4.12,27.6,1.103
164000,461,488,63.1,10.8,14.5,1.6,21.3,2.7,3.80,2.5,346,201,23.03,47.53,240,166,82,2.7,4.32,1.57,5.17,6.56,7.05,7.77,27.3,1.089
165000,1,2530,14.3,0.3,0.0,0.0,12.3,0.0,1.11,15.2,724,128,5.49,8.24,1236,887,407,0.0,1.15,1.10,1.11,3.06,4.61,3.83,26.7,1.109
165000,461,539,65.2,11.6,13.9,2.2,22.2,2.7,3.99,2.2,329,175,18.25,43.09,265,180,94,2.7,4.56,1.58,5.47,6.32,7.07,7.91,27.7,1.080
166000,1,2617,14.2,0.3,0.1,0.1,12.2,0.0,1.10,15.2,718,122,4.63,7.73,1267,1017,333,0.0,1.15,1.09,1.10,3.07,4.46,3.95,27.0,1.118
166000,461,533,66.4,12.4,14.4,1.8,21.8,2.9,4.10,2.0,322,168,17.60,43.41,235,170,128,3.0,4.80,1.63,5.46,6.54,7.13,7.91,28.4,1.079
167000,1,2084,14.2,0.3,0.1,0.1,12.0,0.0,1.12,15.4,704,114,4.63,7.51,970,765,349,0.0,1.15,1.09,1.12,3.03,4.48,3.90,27.0,1.121
167000,461,683,65.2,11.7,14.2,1.8,21.7,2.9,3.98,2.1,441,136,14.06,40.60,334,254,95,2.9,4.55,1.60,5.37,6.44,7.14,7.88,26.7,1.085
168000,1,2483,14.3,0.3,0.0,0.1,12.3,0.0,1.10,15.0,702,124,5.14,7.68,1126,949,408,0.0,1.12,1.09,1.11,3.12,4.59,3.97,27.6,1.117
168000,461,556,63.1,11.6,13.4,1.8,21.0,2.7,3.93,2.5,381,166,18.24,42.41,274,212,70,2.7,4.56,1.68,5.25,6.17,7.00,7.87,26.0,1.083
169000,1,2533,14.4,0.3,0.0,0.0,12.4,0.0,1.12,14.8,768,122,4.87,8.08,1242,843,448,0.0,1.14,1.12,1.12,3.17,4.51,4.14,27.3,1.111
169000,461,609,64.6,12.4,13.2,2.2,21.4,2.9,4.19,2.2,390,142,14.45,40.56,285,239,85,2.9,4.81,1.68,5.66,6.61,7.07,7.90,26.8,1.068
170000,1,2492,14.3,0.2,0.0,0.1,12.3,0.0,1.10,14.6,662,124,5.25,7.83,1114,946,432,0.0,1.11,1.09,1.10,3.18,4.56,4.18,27.9,1.110
170000,461,529,66.0,13.1,12.9,1.4,21.4,2.7,4.40,2.4,337,173,19.87,42.93,269,198,62,2.7,5.06,1.79,5.99,6.35,6.96,7.88,25.4,1.077
171000,1,2489,14.6,0.2,0.1,0.1,12.5,0.0,1.10,14.9,748,123,4.99,8.13,1135,933,421,0.0,1.11,1.09,1.11,3.17,4.58,4.03,27.3,1.119
171000,461,547,65.6,12.6,13.4,1.8,21.7,2.7,4.25,2.1,340,170,18.67,43.93,296,190,61,2.7,4.91,1.70,5.68,6.56,7.09,7.89,25.4,1.073
172000,1,2357,14.3,0.3,0.1,0.0,12.3,0.0,1.10,15.0,701,121,4.96,7.92,1173,774,410,0.0,1.12,1.09,1.11,3.10,4.49,4.03,27.5,1.112
172000,461,600,68.4,13.6,16.1,1.9,19.7,3.3,4.43,1.8,401,148,15.92,41.32,297,209,94,3.3,5.21,1.64,5.90,6.60,7.23,7.95,26.7,1.074
173000,1,2440,14.5,0.3,1.0,0.1,11.3,0.0,1.13,15.5,885,113,4.72,7.66,1133,910,397,0.0,1.14,1.09,1.15,3.10,4.39,4.00,27.5,1.127
173000,461,533,66.2,13.4,14.8,1.3,19.0,3.0,4.52,2.4,358,170,17.32,40.32,236,226,71,3.0,5.16,1.77,6.24,6.44,7.00,7.93,27.4,1.082
174000,1,2295,13.6,0.3,0.4,0.1,11.0,0.0,1.11,16.1,727,133,5.72,8.03,1162,873,260,0.0,1.13,1.08,1.12,2.93,4.31,3.77,25.9,1.142
174000,461,458,66.4,13.0,13.6,1.6,20.9,2.6,4.31,2.2,301,188,22.78,44.20,219,181,58,2.6,5.04,1.71,5.70,6.38,7.09,7.93,27.4,1.088
175000,1,2254,13.4,0.3,0.6,0.0,10.6,0.0,1.11,16.3,817,123,5.14,7.68,1123,777,354,0.0,1.13,1.08,1.12,2.91,4.30,3.61,26.8,1.147
175000,461,573,64.7,12.1,13.3,1.6,21.7,2.7,4.14,2.3,376,165,17.12,39.59,277,230,66,2.8,4.67,1.69,5.64,6.34,7.10,7.94,26.7,1.079
176000,1,2651,13.3,0.2,0.7,0.0,10.7,0.0,1.06,16.1,927,124,4.57,7.91,1313,907,431,0.0,1.07,1.05,1.07,2.95,4.26,3.78,27.0,1.137
176000,461,537,64.5,12.2,13.5,2.3,21.0,2.8,4.15,2.3,356,169,19.18,41.04,279,176,82,2.8,4.72,1.71,5.57,6.63,7.10,7.90,26.8,1.077
177000,1,2578,12.7,0.3,0.9,0.0,9.7,0.0,1.10,16.8,878,123,4.99,7.86,1338,845,395,0.0,1.11,1.08,1.10,2.85,4.30,3.33,26.7,1.156
177000,461,443,65.3,11.5,14.2,1.4,22.0,2.9,3.93,2.5,311,167,18.25,44.64,250,130,63,2.9,4.49,1.57,5.41,6.56,6.99,7.88,25.5,1.090
178000,1,2374,14.7,0.5,0.4,0.1,11.4,0.0,1.20,15.3,811,135,5.67,8.59,1188,813,373,0.0,1.24,1.19,1.20,3.14,4.63,3.80,27.6,1.159
178000,461,450,66.6,11.6,14.7,1.1,22.6,2.9,4.01,2.0,285,184,22.56,44.34,245,142,63,3.0,4.51,1.61,5.49,6.49,7.19,7.94,26.1,1.090
179000,1,1793,14.9,0.4,0.0,0.1,12.3,0.0,1.15,15.1,680,139,6.35,8.94,933,629,231,0.0,1.18,1.15,1.15,3.17,4.59,3.89,26.5,1.140
179000,461,618,64.7,9.7,15.0,1.4,24.2,2.6,3.45,1.9,403,132,15.18,38.36,332,193,93,2.7,3.85,1.39,4.72,6.64,7.25,7.84,26.3,1.090
180000,1,1834,15.0,0.3,0.0,0.0,12.6,0.0,1.13,14.6,618,128,5.69,8.33,935,567,332,0.0,1.16,1.10,1.15,3.22,4.69,4.05,27.2,1.133
180000,461,573,63.1,9.0,14.5,1.5,24.7,2.5,3.25,2.1,384,149,18.70,37.17,302,204,67,2.6,3.61,1.40,4.41,6.48,7.23,7.82,25.9,1.091
181000,1,1347,13.8,0.5,0.0,0.0,11.3,0.0,1.20,15.6,515,118,5.33,7.14,702,454,191,0.0,1.26,1.17,1.21,3.02,4.41,3.81,26.4,1.125
181000,461,750,62.8,8.3,14.2,1.2,26.7,2.3,3.14,2.0,460,123,14.38,32.90,360,282,108,2.4,3.32,1.31,4.55,6.63,7.20,7.88,26.6,1.083
182000,1,1283,14.2,0.5,0.0,0.0,11.9,0.0,1.19,15.0,498,117,5.70,7.56,638,422,223,0.0,1.21,1.19,1.19,3.12,4.55,3.98,26.1,1.106
182000,461,731,62.9,7.8,15.0,1.2,26.8,2.2,3.01,1.8,446,119,14.91,33.17,336,285,110,2.4,3.14,1.25,4.27,6.85,7.32,7.82,27.1,1.085
183000,1,1219,14.6,0.5,0.0,0.1,12.4,0.0,1.19,15.0,442,111,5.24,6.46,592,421,206,0.0,1.23,1.19,1.19,3.13,4.33,4.22,27.1,1.099
183000,461,697,62.2,7.7,14.8,1.1,26.0,2.1,2.97,2.0,450,122,14.92,30.05,327,253,117,2.3,3.12,1.25,4.26,6.67,7.25,7.80,27.0,1.097
184000,1,1404,13.5,0.4,0.0,0.1,11.7,0.0,1.15,15.8,461,110,5.31,6.16,725,432,247,0.0,1.18,1.15,1.15,2.99,4.27,3.89,27.4,1.093
184000,461,695,62.4,7.5,14.7,0.6,26.8,2.2,2.89,2.0,452,125,13.83,30.98,344,241,110,2.4,3.08,1.25,3.90,6.62,7.29,7.77,26.4,1.096
185000,1,1574,14.5,0.5,0.1,0.1,12.2,0.0,1.18,15.0,559,112,5.69,6.58,618,659,297,0.0,1.18,1.18,1.19,3.14,4.19,4.37,28.8,1.097
185000,461,686,62.6,7.7,15.1,0.7,26.7,2.3,2.97,1.7,433,121,14.38,29.62,324,236,126,2.5,3.10,1.25,4.22,6.75,7.37,7.84,27.2,1.088
186000,1,1365,14.4,0.3,0.1,0.1,12.6,0.0,1.10,14.7,566,116,5.69,7.03,508,634,223,0.0,1.12,1.09,1.11,3.16,4.18,4.56,28.8,1.097
186000,461,766,61.8,7.8,14.1,1.1,26.1,2.2,3.01,1.9,483,120,14.20,29.99,294,315,157,2.4,3.10,1.29,4.29,6.55,7.30,7.80,29.3,1.099
187000,1,1148,15.0,0.4,0.0,0.1,13.0,0.0,1.16,14.8,483,117,6.10,7.23,463,488,197,0.0,1.16,1.16,1.20,3.21,4.35,4.29,28.6,1.082
187000,461,750,62.4,7.6,14.4,1.0,26.6,1.9,2.99,2.1,489,129,15.98,30.40,365,257,128,2.0,3.11,1.28,4.30,6.56,7.23,7.80,27.0,1.104
188000,1,2287,29.6,2.7,4.7,0.3,16.8,0.6,1.74,10.9,979,120,8.52,14.36,983,859,445,0.7,1.80,1.20,2.14,4.23,5.15,5.43,28.7,1.082
189000,1,1354,15.5,0.5,0.1,0.1,13.4,0.0,1.15,14.6,558,113,6.04,7.36,642,463,249,0.0,1.15,1.14,1.18,3.26,4.18,4.56,28.2,1.068
190000,1,1077,16.2,0.5,0.2,0.1,13.8,0.0,1.17,14.0,499,122,7.16,7.60,463,403,211,0.0,1.16,1.17,1.20,3.39,4.35,4.72,28.4,1.081
191000,1,1287,15.5,0.6,0.1,0.2,12.8,0.0,1.18,14.8,491,130,7.05,8.03,644,415,228,0.0,1.17,1.15,1.23,3.19,4.17,4.47,27.4,1.114
192000,1,1654,15.6,0.5,0.0,0.0,13.1,0.0,1.17,14.1,551,120,6.42,7.41,651,664,339,0.0,1.18,1.15,1.21,3.32,4.30,4.72,29.6,1.103
193000,1,1548,15.7,0.6,0.1,0.0,13.1,0.0,1.21,14.2,593,132,6.78,8.32,638,594,316,0.0,1.24,1.16,1.25,3.27,4.25,4.73,29.0,1.093
193000,772,678,62.4,7.8,13.8,0.9,26.9,2.0,3.02,2.1,445,139,17.60,33.66,297,245,136,2.5,3.17,1.32,4.40,6.73,7.26,7.77,29.0,1.102
194000,1,1484,15.9,0.6,0.1,0.0,13.1,0.0,1.21,14.1,548,119,5.84,7.43,522,669,293,0.0,1.27,1.17,1.23,3.27,4.33,4.69,29.7,1.107
194000,772,680,62.0,7.2,14.5,0.5,26.8,2.0,2.87,2.1,433,127,15.10,30.15,339,224,117,2.2,2.97,1.23,4.14,6.67,7.28,7.73,27.4,1.108
195000,1,1079,16.4,0.6,0.0,0.0,13.9,0.0,1.21,13.8,485,122,6.54,8.56,475,460,144,0.0,1.27,1.19,1.22,3.35,4.64,4.54,27.4,1.093
195000,772,702,62.0,7.4,14.5,0.6,26.9,2.0,2.89,2.0,430,125,14.35,30.78,302,280,120,2.2,2.98,1.26,4.10,6.55,7.26,7.80,27.9,1.104
196000,1,928,16.6,0.9,0.0,0.0,13.2,0.0,1.28,14.4,339,140,7.86,8.58,472,376,80,0.0,1.29,1.23,1.31,3.29,4.49,4.37,25.1,1.117
196000,772,628,64.4,7.4,13.4,1.2,29.5,1.9,2.92,1.7,365,128,15.39,33.79,313,204,111,2.0,3.02,1.24,4.21,6.75,7.37,7.85,27.2,1.104
197000,1,1254,15.6,0.7,0.0,0.1,12.7,0.0,1.24,13.9,498,135,7.00,7.85,455,526,273,0.0,1.24,1.18,1.29,3.26,4.23,4.93,29.8,1.109
197000,772,581,62.7,7.3,14.0,0.8,27.7,1.9,2.90,1.9,364,152,18.55,35.59,280,215,86,2.1,2.97,1.22,4.12,6.54,7.31,7.80,26.6,1.104
198000,1,1654,14.9,0.4,0.0,0.0,12.5,0.0,1.17,14.2,572,120,6.07,7.29,735,598,321,0.0,1.17,1.14,1.19,3.17,4.31,4.67,28.3,1.105
198000,772,594,63.7,8.0,13.8,1.0,27.3,2.1,3.03,1.9,382,155,18.62,35.84,274,224,96,2.3,3.21,1.24,4.18,6.66,7.32,7.81,28.3,1.107
199000,1,1195,16.3,0.7,0.0,0.1,13.5,0.0,1.26,13.8,503,124,6.56,8.08,572,474,149,0.0,1.28,1.16,1.31,3.34,4.55,4.59,26.6,1.094
199000,772,590,62.9,7.2,14.5,0.8,27.6,2.0,2.83,1.9,391,132,15.59,32.62,325,187,78,2.3,2.98,1.25,3.97,6.69,7.30,7.82,25.8,1.105
200000,1,1360,15.7,0.7,0.0,0.1,13.2,0.0,1.24,14.1,526,134,7.32,9.19,758,435,167,0.0,1.28,1.18,1.26,3.31,4.55,4.43,25.5,1.071
200000,772,607,64.1,7.2,14.5,0.8,28.4,1.9,2.81,1.7,380,118,13.40,34.30,269,232,106,2.1,2.98,1.21,4.01,6.65,7.39,7.86,27.9,1.112
