step,pop,mean_energy,mean_res,mean_genes,births,deaths_energy,deaths_age,deaths_broken,deaths_body,cells_broken,plant_intake,meat_intake,stay,forward,left,right,steps_per_sec,mass_mean,mass_std,hard_mean,hard_std,muscle_mean,muscle_std,sensor_mean,sensor_std,digestive_mean,digestive_std,bite_mean,bite_std,speed_mean,speed_std,distinct_bodies,top_body_share,diet_plants,diet_mixed,diet_meat,diet_none,births_with_neighbor,sexual_births,lineages,top_lineage_share,no_lineage_share,sensor_agents_share,sense_decisions,sense_used,res_std,res_above_half,regrowth,develops,prey_age_mean,meat_per_cell,kills_young_share,meat_majority,contacts,shell_mean,open_mean,full_share,damaged_share,biters_share,mass_p10,mass_p50,mass_p90,mass_max,occupied_cells,cover,wasted,intake_per_gut,crossers,pop_none,blocked,shoves,turns_blocked,births_no_room,foot_mean,len_fwd,len_side,bite_any_mean,biters_any_share,shell_front,shell_back,shell_side,pushes,move_spent,shaded,dead,carrion,soil,matter,barren,rot,spent
10000,463,1.415,0.289,10.31,25658,25712,11,1,908,1749,330630.8,26730.0,0.079,0.436,0.144,0.341,1896,8.56,3.80,0.06,1.01,0.08,0.56,0.09,1.36,8.33,3.23,0.00,0.00,0.009,0.067,70,0.201,0.255,0.732,0.000,0.013,20227,16358,2,0.741,0.000,0.011,361885,0.153,0.998,0.019,26.91,11693,37,15.283,1.000,0.000,476395,1.02,19.68,0.000,0.002,0.000,6,8,11,40,3962,0.015,11.65,0.0086,0.032,1,0.222,0.000,0.263,0.218,2.29,3.16,3.01,0.00,0.000,1.02,1.02,1.02,0.222,0.00575,55.78,3.8461,14.55,68730.5,74201.2,69.090,1.1801,32.607
20000,487,1.447,0.302,10.32,21448,20363,33,0,1028,13,254474.5,4866.2,0.043,0.322,0.136,0.498,2238,9.56,4.06,0.07,0.73,0.01,0.20,0.07,0.81,9.40,3.71,0.00,0.00,0.003,0.049,75,0.458,0.238,0.752,0.000,0.010,7991,6482,2,0.830,0.000,0.012,40331,0.151,1.080,0.022,25.43,8115,0,374.326,0.000,0.000,152185,1.03,18.91,0.000,0.000,0.000,7,9,11,40,4654,0.018,13.20,0.0056,0.000,5,0.094,0.000,0.265,0.005,2.43,3.12,3.44,0.00,0.000,1.03,1.02,1.03,0.095,0.00259,53.01,0.6161,13.21,68451.1,74201.2,71.807,0.1298,25.268
30000,380,1.514,0.358,11.20,14979,14444,60,0,582,3,210066.1,3426.8,0.034,0.341,0.090,0.535,2479,10.22,2.87,0.06,0.73,0.01,0.07,0.02,0.18,10.14,2.80,0.00,0.00,0.000,0.006,77,0.284,0.216,0.771,0.000,0.013,4795,3186,3,0.497,0.087,0.011,39201,0.112,1.245,0.031,21.10,6047,0,1142.269,0.000,0.000,138319,1.02,18.07,0.000,0.000,0.000,8,10,13,33,3885,0.015,17.44,0.0054,0.000,1,0.103,0.000,0.182,0.003,2.61,3.04,4.01,0.00,0.000,1.02,1.02,1.03,0.103,0.00310,36.05,0.4439,5.30,67678.4,74201.3,88.842,0.1021,20.918
40000,384,1.585,0.387,11.26,13405,12856,33,0,512,0,200856.4,3459.8,0.011,0.361,0.064,0.564,2580,11.57,4.15,0.05,0.68,0.00,0.00,0.02,0.17,11.49,4.16,0.00,0.00,0.000,0.000,81,0.234,0.234,0.760,0.000,0.005,5642,4322,2,0.836,0.000,0.021,118759,0.070,1.324,0.035,20.13,5814,0,3459.825,0.000,0.003,160144,1.02,16.31,0.000,0.000,0.000,6,12,15,36,4441,0.017,14.85,0.0046,0.000,0,0.124,0.000,0.201,0.008,2.79,2.89,5.03,0.00,0.000,1.01,1.03,1.02,0.124,0.00312,38.58,0.4275,11.50,67169.9,74201.3,89.883,0.0809,19.994
50000,416,1.499,0.204,12.27,15597,14961,38,0,566,0,225959.6,4553.9,0.007,0.341,0.085,0.567,2250,10.18,3.93,0.01,0.13,0.01,0.11,0.07,0.94,10.09,3.53,0.00,0.00,0.000,0.005,70,0.202,0.212,0.786,0.000,0.002,6908,5104,2,0.810,0.000,0.010,80996,0.106,0.877,0.014,22.28,7347,0,4553.935,0.000,0.000,166336,1.00,17.81,0.000,0.000,0.000,6,9,14,42,4234,0.016,13.77,0.0054,0.000,3,0.121,0.000,0.222,0.016,2.55,2.80,4.42,0.00,0.000,1.00,1.00,1.00,0.121,0.00302,38.18,0.5559,8.53,70145.4,74201.2,89.217,0.1008,22.476
60000,348,1.514,0.261,11.87,13947,13414,76,0,525,0,205805.2,3231.0,0.005,0.309,0.111,0.575,2332,9.49,3.15,0.00,0.00,0.05,0.75,0.04,0.56,9.40,2.85,0.00,0.00,0.005,0.060,69,0.201,0.207,0.787,0.000,0.006,4936,2846,3,0.727,0.167,0.009,48787,0.117,1.037,0.020,20.69,6373,0,3230.967,0.000,0.000,114891,1.00,17.82,0.000,0.000,0.000,7,9,13,32,3301,0.013,17.40,0.0063,0.000,1,0.094,0.000,0.175,0.002,2.51,2.94,4.24,0.00,0.000,1.00,1.00,1.00,0.094,0.00279,31.33,0.4008,9.29,69332.6,74201.2,94.017,0.0776,20.532
70000,341,1.516,0.253,11.83,10619,10079,106,0,441,0,168817.8,2679.2,0.007,0.287,0.104,0.602,2770,10.84,3.97,0.04,0.39,0.02,0.19,0.06,0.29,10.73,3.84,0.00,0.00,0.004,0.056,74,0.205,0.202,0.774,0.000,0.023,3909,2451,2,0.757,0.000,0.044,52349,0.100,1.019,0.020,16.86,4841,0,2679.236,0.000,0.000,89721,1.01,16.59,0.000,0.000,0.000,6,12,14,42,3696,0.014,18.44,0.0046,0.000,2,0.097,0.000,0.156,0.007,2.69,2.63,5.31,0.00,0.003,1.01,1.01,1.01,0.097,0.00217,30.57,0.3399,7.09,69459.7,74201.2,97.572,0.0722,16.800
80000,405,1.619,0.253,11.67,13806,13256,51,0,435,2,205476.2,3876.0,0.007,0.311,0.084,0.597,2387,11.60,3.36,0.06,0.88,0.01,0.09,0.05,0.59,11.47,3.13,0.00,0.00,0.001,0.011,68,0.126,0.235,0.758,0.000,0.007,5878,4240,2,0.886,0.000,0.010,104366,0.091,1.041,0.020,20.56,6264,0,1937.995,0.000,0.000,141779,1.02,15.99,0.000,0.000,0.000,9,11,14,40,4696,0.018,14.04,0.0044,0.000,0,0.124,0.000,0.198,0.014,2.75,3.02,5.03,0.00,0.000,1.00,1.03,1.03,0.124,0.00260,40.86,0.4771,5.87,69306.0,74201.2,87.973,0.0896,20.456
90000,327,1.563,0.227,11.91,13290,12855,54,0,459,0,200945.7,3583.9,0.008,0.335,0.071,0.586,2448,10.42,4.08,0.00,0.06,0.01,0.11,0.10,1.14,10.30,3.73,0.00,0.00,0.000,0.005,70,0.168,0.235,0.749,0.000,0.015,5085,3896,2,0.523,0.000,0.031,71898,0.098,0.997,0.018,20.07,5953,0,3583.927,0.000,0.000,132844,1.00,16.02,0.000,0.000,0.000,5,10,14,44,3406,0.013,13.85,0.0060,0.006,0,0.109,0.000,0.186,0.011,2.86,2.37,5.80,0.00,0.000,1.00,1.00,1.00,0.109,0.00332,38.69,0.4489,7.84,69899.0,74201.2,90.826,0.0903,20.043
100000,279,1.546,0.238,11.95,12366,11947,60,0,407,3,177600.8,3419.2,0.014,0.337,0.079,0.570,2672,10.54,4.99,0.14,1.02,0.01,0.18,0.08,0.81,10.31,4.35,0.00,0.00,0.001,0.013,70,0.168,0.269,0.724,0.000,0.007,5305,3435,2,0.588,0.014,0.032,136159,0.080,0.999,0.018,17.78,5865,0,1139.733,0.000,0.000,161230,1.03,15.37,0.000,0.000,0.000,6,10,14,38,2941,0.011,13.09,0.0062,0.000,2,0.146,0.000,0.211,0.017,2.89,2.32,6.24,0.00,0.000,1.00,1.04,1.04,0.146,0.00332,52.97,0.4313,19.07,69818.2,74201.2,79.604,0.0883,17.679
110000,277,1.536,0.198,12.19,11062,10579,41,0,444,3,159604.1,3057.2,0.014,0.357,0.064,0.565,2830,9.79,3.13,0.00,0.00,0.00,0.00,0.14,0.88,9.65,2.94,0.00,0.00,0.000,0.000,63,0.202,0.264,0.736,0.000,0.000,4034,3014,2,0.527,0.018,0.061,136262,0.062,0.936,0.016,15.93,5190,0,1019.055,0.000,0.000,126124,1.00,16.23,0.000,0.000,0.000,7,9,13,31,2711,0.010,21.08,0.0060,0.000,0,0.118,0.000,0.154,0.022,2.79,2.52,5.50,0.00,0.000,1.00,1.00,1.00,0.118,0.00315,34.25,0.4187,9.25,70477.3,74201.1,92.184,0.1140,15.883
120000,364,1.537,0.137,12.37,11696,11044,51,0,514,0,167164.5,3358.6,0.011,0.345,0.062,0.582,2788,10.39,3.87,0.00,0.05,0.02,0.27,0.13,1.23,10.23,3.35,0.00,0.00,0.002,0.020,88,0.140,0.225,0.764,0.000,0.011,4280,3243,3,0.495,0.000,0.027,101859,0.077,0.703,0.009,16.62,5535,0,3358.558,0.000,0.000,130485,1.00,16.40,0.000,0.000,0.000,7,9,14,43,3783,0.014,21.77,0.0045,0.000,2,0.122,0.000,0.159,0.024,2.70,2.90,5.00,0.00,0.000,1.00,1.00,1.00,0.122,0.00251,28.02,0.4423,7.01,71319.2,74201.2,97.026,0.1067,16.602
130000,348,1.520,0.074,12.48,17764,17085,22,0,673,4,226517.9,4398.5,0.011,0.339,0.082,0.568,2085,10.28,3.62,0.08,0.99,0.01,0.27,0.03,0.32,10.16,3.31,0.00,0.00,0.001,0.021,91,0.201,0.233,0.764,0.000,0.003,8166,6003,4,0.549,0.046,0.017,160598,0.089,0.379,0.002,22.57,8718,0,1099.614,0.000,0.000,275099,1.02,16.72,0.000,0.000,0.000,7,10,14,32,3578,0.014,1.79,0.0064,0.000,8,0.187,0.000,0.224,0.011,2.68,3.07,4.65,0.00,0.000,1.01,1.03,1.03,0.187,0.00323,85.98,0.5499,10.50,72395.4,74201.2,53.103,0.1097,22.564
140000,359,1.446,0.083,12.46,14212,13597,43,0,561,7,178441.3,3574.3,0.011,0.351,0.103,0.535,2565,9.44,3.24,0.00,0.05,0.10,0.92,0.21,1.78,9.13,2.73,0.00,0.00,0.009,0.081,78,0.145,0.248,0.730,0.003,0.019,6676,4539,5,0.610,0.036,0.019,100470,0.109,0.391,0.002,17.88,7027,0,510.619,0.000,0.003,191819,1.00,17.31,0.000,0.000,0.000,7,9,11,36,3388,0.013,1.24,0.0054,0.000,10,0.161,0.000,0.218,0.014,2.50,2.92,4.45,0.00,0.000,1.00,1.00,1.00,0.161,0.00262,72.83,0.4680,11.29,72261.6,74201.2,71.490,0.1105,17.755
150000,442,1.435,0.125,13.16,16630,15796,39,0,712,9,212259.0,4242.7,0.009,0.357,0.105,0.529,2267,9.61,4.35,0.08,0.95,0.00,0.00,0.12,1.09,9.41,3.76,0.00,0.00,0.000,0.000,86,0.238,0.247,0.749,0.000,0.005,7862,4555,7,0.308,0.041,0.036,132886,0.095,0.706,0.008,21.31,7744,0,471.413,0.000,0.000,226783,1.03,17.41,0.000,0.000,0.000,7,9,12,51,4246,0.016,8.18,0.0051,0.000,5,0.156,0.000,0.229,0.013,2.55,2.93,4.42,0.00,0.000,1.02,1.03,1.03,0.156,0.00253,74.09,0.5263,7.92,71436.3,74201.2,59.858,0.1024,21.124
160000,439,1.462,0.178,13.18,16657,15933,56,0,671,1,229640.2,3871.1,0.004,0.342,0.152,0.503,2082,9.07,3.26,0.07,0.86,0.00,0.10,0.15,1.38,8.84,2.52,0.00,0.00,0.000,0.010,85,0.317,0.246,0.749,0.000,0.005,7541,4464,5,0.444,0.000,0.034,143181,0.080,0.919,0.014,23.07,8135,0,3871.097,0.000,0.000,213190,1.02,17.72,0.000,0.000,0.000,7,8,12,44,3983,0.015,17.96,0.0059,0.014,1,0.139,0.000,0.213,0.007,2.49,2.87,4.33,0.00,0.000,1.00,1.02,1.03,0.139,0.00265,54.67,0.4782,7.17,70570.2,74201.2,67.743,0.0912,22.894
170000,325,1.435,0.211,13.31,15700,15084,77,0,653,6,221285.4,3693.8,0.007,0.357,0.171,0.465,2160,9.33,2.97,0.00,0.06,0.00,0.00,0.15,1.03,9.17,2.74,0.00,0.00,0.000,0.000,64,0.271,0.234,0.763,0.000,0.003,6814,4126,4,0.391,0.126,0.055,125730,0.093,1.059,0.019,22.21,7697,0,615.632,0.000,0.003,193288,1.00,17.24,0.000,0.000,0.000,7,8,13,28,3031,0.012,33.53,0.0074,0.003,4,0.125,0.000,0.213,0.007,2.64,2.76,4.75,0.00,0.000,1.00,1.00,1.00,0.125,0.00372,57.66,0.4621,7.87,70215.1,74201.3,50.032,0.0928,22.082
180000,351,1.461,0.225,13.07,11087,10558,63,0,440,7,161237.8,2872.7,0.009,0.378,0.145,0.468,2828,9.44,5.16,0.23,2.57,0.00,0.00,0.15,0.82,9.06,3.24,0.00,0.00,0.000,0.000,56,0.350,0.228,0.766,0.000,0.006,4060,3059,4,0.524,0.000,0.048,183871,0.078,1.070,0.020,16.17,5171,0,410.389,0.000,0.003,138508,1.04,18.38,0.000,0.000,0.000,7,9,11,56,3314,0.013,17.64,0.0051,0.000,2,0.117,0.000,0.132,0.020,2.55,3.17,3.66,0.00,0.000,1.00,1.08,1.03,0.117,0.00279,50.01,0.3894,9.32,69932.9,74201.3,79.625,0.1021,16.035
190000,173,1.523,0.130,12.78,10577,10158,108,0,489,1,153526.1,3845.1,0.013,0.336,0.223,0.429,3044,9.24,4.72,0.00,0.00,0.00,0.00,0.49,3.59,8.75,2.25,0.00,0.00,0.000,0.000,32,0.231,0.243,0.751,0.000,0.006,4895,4707,3,0.601,0.000,0.046,143233,0.112,0.700,0.008,15.25,4618,0,3845.119,0.000,0.000,91049,1.00,18.76,0.000,0.000,0.000,6,8,12,54,1598,0.006,19.27,0.0101,0.000,1,0.089,0.000,0.140,0.070,2.40,3.24,3.40,0.00,0.000,1.00,1.00,1.00,0.089,0.00469,63.05,0.5235,5.46,71774.6,74201.3,65.862,0.1393,15.296
200000,253,1.475,0.090,13.04,7954,7398,93,0,383,0,125432.1,1876.3,0.008,0.391,0.166,0.435,3497,9.01,3.93,0.00,0.00,0.00,0.06,0.09,0.57,8.91,3.86,0.00,0.00,0.000,0.004,39,0.269,0.209,0.783,0.000,0.008,2498,2136,2,0.680,0.000,0.051,89448,0.116,0.482,0.004,12.50,3865,0,1876.262,0.000,0.000,70393,1.00,18.77,0.000,0.000,0.000,7,8,11,46,2279,0.009,9.12,0.0056,0.000,0,0.072,0.000,0.103,0.016,2.52,3.08,3.66,0.00,0.000,1.00,1.00,1.00,0.072,0.00293,27.42,0.2704,5.72,72316.1,74201.2,114.406,0.0827,12.467
210000,122,1.601,0.129,12.79,5390,5180,93,0,248,0,91237.8,1125.2,0.012,0.379,0.159,0.449,4432,9.26,3.22,0.06,0.41,0.00,0.00,0.39,1.89,8.82,2.06,0.00,0.00,0.000,0.000,20,0.631,0.246,0.754,0.000,0.000,950,779,2,0.754,0.000,0.074,106224,0.077,0.630,0.007,9.20,2525,0,1125.190,0.000,0.000,20532,1.01,18.84,0.000,0.000,0.000,7,9,9,25,1130,0.004,9.24,0.0085,0.000,1,0.031,0.000,0.062,0.001,2.58,3.10,3.53,0.00,0.000,1.00,1.02,1.02,0.031,0.00460,14.98,0.1772,5.91,71867.5,74201.2,130.018,0.0646,9.090
220000,177,1.444,0.064,12.38,5434,5014,88,0,277,5,85821.1,1459.2,0.009,0.356,0.182,0.453,4479,9.75,3.85,0.00,0.00,0.01,0.07,0.20,1.88,9.54,2.83,0.00,0.00,0.001,0.007,34,0.537,0.294,0.701,0.000,0.006,1450,1258,2,0.802,0.000,0.023,74045,0.094,0.315,0.002,8.48,2770,0,291.837,0.000,0.000,36085,1.00,18.73,0.000,0.000,0.000,8,9,11,42,1725,0.007,13.36,0.0051,0.006,5,0.058,0.000,0.065,0.035,2.62,3.27,3.40,0.00,0.000,1.00,1.00,1.00,0.058,0.00280,19.05,0.2223,6.39,72857.7,74201.2,122.547,0.0764,8.504
230000,261,1.667,0.091,11.92,6410,5986,63,0,277,1,89796.8,2911.0,0.003,0.392,0.209,0.395,4562,11.83,5.71,0.00,0.00,0.00,0.00,0.06,0.37,11.77,5.72,0.00,0.00,0.000,0.000,69,0.257,0.272,0.728,0.000,0.000,3483,3076,2,0.402,0.559,0.027,36014,0.110,0.378,0.002,9.03,3305,0,2910.975,0.000,0.000,114462,1.00,16.70,0.000,0.000,0.000,6,10,21,31,3088,0.012,0.94,0.0029,0.000,6,0.167,0.000,0.106,0.119,2.88,3.53,4.15,0.00,0.000,1.00,1.00,1.00,0.167,0.00199,39.55,0.4024,10.74,72207.0,74201.1,113.914,0.1109,8.859
240000,348,1.485,0.088,12.38,13985,13120,43,0,735,2,182906.3,3549.2,0.016,0.382,0.165,0.437,2554,9.50,2.38,0.00,0.00,0.00,0.00,0.04,0.53,9.46,2.29,0.00,0.00,0.000,0.000,68,0.112,0.221,0.776,0.000,0.003,6406,4064,4,0.339,0.218,0.006,52670,0.125,0.495,0.005,18.29,6542,0,1774.596,0.000,0.000,231270,1.00,17.77,0.000,0.000,0.000,7,9,12,20,3305,0.013,8.37,0.0056,0.000,6,0.174,0.000,0.188,0.010,2.58,3.11,4.00,0.00,0.000,1.00,1.00,1.00,0.174,0.00298,54.65,0.4493,8.01,72175.0,74201.1,82.123,0.0947,18.196
250000,364,1.485,0.073,11.96,11338,10706,72,0,544,0,170078.2,2985.2,0.009,0.274,0.288,0.429,2665,9.49,3.23,0.01,0.10,0.00,0.00,0.10,0.85,9.38,2.98,0.00,0.00,0.000,0.000,91,0.275,0.231,0.761,0.000,0.008,4105,2931,4,0.242,0.527,0.030,47566,0.139,0.333,0.002,17.00,5132,0,2985.164,0.000,0.003,80733,1.00,18.03,0.000,0.000,0.000,7,9,12,30,3456,0.013,13.23,0.0050,0.000,14,0.086,0.000,0.129,0.016,2.62,3.02,4.05,0.00,0.000,1.00,1.00,1.00,0.086,0.00208,34.21,0.3902,10.98,72397.5,74201.1,98.991,0.0913,16.930
260000,274,1.485,0.145,12.54,10419,9962,98,0,449,0,160737.2,2527.6,0.003,0.240,0.348,0.408,2831,8.50,2.36,0.00,0.00,0.00,0.00,0.03,0.28,8.47,2.29,0.00,0.00,0.000,0.000,49,0.201,0.245,0.755,0.000,0.000,3857,2960,3,0.500,0.120,0.015,43152,0.128,0.759,0.011,16.22,4667,0,2527.608,0.000,0.000,67724,1.00,19.00,0.000,0.000,0.000,6,8,11,26,2328,0.009,23.95,0.0069,0.000,3,0.088,0.000,0.152,0.011,2.55,3.00,3.51,0.00,0.000,1.00,1.00,1.00,0.088,0.00230,39.20,0.3325,8.93,71366.8,74201.0,84.075,0.0799,16.035
270000,240,1.493,0.212,12.20,7307,6895,97,0,349,0,116333.3,1463.7,0.001,0.242,0.389,0.368,3570,7.64,2.35,0.00,0.00,0.00,0.00,0.02,0.32,7.62,2.19,0.00,0.00,0.000,0.000,32,0.333,0.267,0.721,0.000,0.013,2076,1304,4,0.346,0.000,0.004,33566,0.099,0.972,0.018,11.76,3342,0,1463.734,0.000,0.000,25970,1.00,19.48,0.000,0.000,0.000,6,8,9,28,1833,0.007,19.90,0.0064,0.000,0,0.046,0.000,0.123,0.001,2.42,2.94,3.32,0.00,0.000,1.00,1.00,1.00,0.046,0.00182,16.83,0.2052,6.48,70326.9,74201.0,114.945,0.0591,11.596
280000,373,1.488,0.235,13.20,11120,10266,115,0,606,0,163187.5,2427.5,0.001,0.248,0.367,0.384,2687,7.89,2.28,0.00,0.00,0.00,0.00,0.06,0.71,7.83,2.02,0.00,0.00,0.000,0.000,47,0.314,0.239,0.751,0.000,0.011,4432,3506,3,0.606,0.027,0.019,27011,0.127,1.027,0.021,16.37,5342,0,2427.547,0.000,0.000,60406,1.00,19.25,0.000,0.000,0.000,6,8,10,28,2944,0.011,26.05,0.0056,0.000,1,0.074,0.000,0.174,0.001,2.34,3.08,3.31,0.00,0.000,1.00,1.00,1.00,0.074,0.00167,25.26,0.3034,4.31,69735.2,74201.0,95.759,0.0608,16.254
290000,295,1.454,0.268,13.02,11713,11140,105,0,546,0,172309.9,2553.4,0.001,0.247,0.349,0.403,2536,9.36,3.67,0.00,0.00,0.00,0.00,0.14,1.14,9.22,3.02,0.00,0.00,0.000,0.000,51,0.237,0.234,0.766,0.000,0.000,4962,3161,4,0.614,0.020,0.020,40517,0.093,1.106,0.024,17.31,5756,0,2553.386,0.000,0.000,66245,1.00,17.86,0.000,0.000,0.000,7,9,12,35,2761,0.011,26.67,0.0063,0.000,1,0.078,0.000,0.182,0.001,2.58,3.21,3.86,0.00,0.000,1.00,1.00,1.00,0.078,0.00228,26.80,0.3140,1.83,69332.4,74201.0,92.662,0.0589,17.207
300000,152,1.479,0.317,13.97,9998,9529,123,0,489,0,142026.8,2323.6,0.001,0.185,0.402,0.412,2745,9.38,3.62,0.09,0.47,0.00,0.00,0.04,0.28,9.26,3.58,0.00,0.00,0.000,0.000,43,0.184,0.171,0.816,0.000,0.013,4418,2536,4,0.362,0.395,0.020,33695,0.111,1.186,0.028,14.29,5037,0,2323.557,0.000,0.000,38673,1.03,18.18,0.000,0.000,0.000,7,9,13,38,1426,0.005,26.83,0.0101,0.000,1,0.075,0.000,0.192,0.002,2.61,3.25,3.76,0.00,0.000,1.00,1.03,1.05,0.075,0.00288,23.51,0.2885,5.47,68750.5,74200.9,98.807,0.0558,14.177
310000,156,1.469,0.125,11.80,6540,6232,74,0,230,0,90530.4,2358.2,0.005,0.290,0.317,0.388,4249,7.71,3.31,0.01,0.08,0.02,0.18,0.03,0.40,7.65,3.32,0.00,0.00,0.002,0.017,31,0.340,0.218,0.763,0.000,0.019,2561,2161,4,0.519,0.032,0.006,28603,0.129,0.642,0.008,8.74,3136,0,2358.241,0.000,0.000,60112,1.00,19.01,0.000,0.000,0.000,5,7,10,23,1203,0.005,21.98,0.0076,0.000,7,0.115,0.000,0.131,0.065,2.50,2.54,4.03,0.00,0.000,1.00,1.00,1.00,0.115,0.00260,17.10,0.3323,4.84,71907.5,74200.8,115.615,0.0965,8.963
320000,84,1.515,0.175,10.67,5087,4977,39,0,143,2,65123.8,1030.9,0.007,0.424,0.283,0.287,5450,9.69,3.72,0.00,0.00,0.00,0.00,0.05,0.21,9.64,3.75,0.00,0.00,0.000,0.000,22,0.226,0.226,0.762,0.000,0.012,1846,1710,3,0.821,0.131,0.048,29845,0.115,0.853,0.014,6.60,2199,0,515.440,0.000,0.000,91308,1.00,15.10,0.000,0.000,0.000,7,9,12,26,814,0.003,27.07,0.0080,0.000,2,0.162,0.000,0.130,0.020,2.82,3.40,5.05,0.00,0.000,1.00,1.00,1.00,0.162,0.00456,26.11,0.1621,2.48,71197.2,74200.7,103.663,0.0593,6.472
330000,242,1.518,0.249,9.00,7572,7137,17,0,260,0,100265.8,1992.5,0.017,0.302,0.318,0.363,4249,10.52,2.88,0.02,0.20,0.00,0.00,0.00,0.00,10.50,2.82,0.00,0.00,0.000,0.000,43,0.211,0.227,0.773,0.000,0.000,3317,2986,2,0.624,0.074,0.000,23256,0.143,1.123,0.024,10.15,2741,0,1992.513,0.000,0.004,100537,1.01,14.79,0.000,0.000,0.000,7,10,13,28,2547,0.010,25.91,0.0039,0.033,2,0.178,0.000,0.242,0.025,2.96,3.40,5.26,0.00,0.000,1.00,1.01,1.01,0.178,0.00200,43.06,0.2652,4.61,69707.4,74200.6,84.318,0.0657,9.937
340000,176,1.553,0.095,8.89,9021,8676,65,0,346,4,127302.5,3484.5,0.013,0.201,0.395,0.391,3521,8.99,2.28,0.00,0.00,0.00,0.00,0.06,0.75,8.94,2.35,0.00,0.00,0.000,0.000,19,0.301,0.222,0.778,0.000,0.000,5314,4867,2,0.489,0.216,0.006,35926,0.117,0.420,0.003,12.47,3248,0,871.115,0.000,0.000,90586,1.00,17.41,0.000,0.000,0.000,7,9,12,19,1583,0.006,7.83,0.0081,0.045,0,0.172,0.000,0.193,0.084,2.61,3.64,3.65,0.00,0.000,1.00,1.00,1.00,0.172,0.00237,63.35,0.4584,3.72,72339.1,74200.5,79.790,0.1101,12.623
350000,230,1.532,0.141,8.90,6494,6131,54,0,255,0,111241.9,1489.2,0.004,0.172,0.478,0.346,3913,9.96,3.19,0.00,0.00,0.00,0.00,0.03,0.23,9.93,3.20,0.00,0.00,0.000,0.000,25,0.678,0.200,0.791,0.000,0.009,2453,2414,2,0.874,0.000,0.017,41676,0.144,0.689,0.009,11.19,2144,0,1489.231,0.000,0.000,19294,1.00,16.25,0.000,0.000,0.000,7,10,10,41,2291,0.009,11.82,0.0049,0.013,0,0.052,0.000,0.159,0.005,2.81,3.97,3.91,0.00,0.000,1.00,1.00,1.00,0.052,0.00152,22.32,0.1967,2.89,71497.5,74200.4,118.109,0.0479,11.062
360000,258,1.506,0.129,9.02,6898,6591,90,0,189,5,127962.9,1758.1,0.000,0.186,0.486,0.328,3660,10.08,2.46,0.00,0.00,0.00,0.00,0.08,1.07,10.00,2.18,0.00,0.00,0.000,0.000,21,0.802,0.213,0.787,0.000,0.000,3498,3415,1,1.000,0.000,0.008,39759,0.163,0.691,0.009,12.76,2289,0,351.623,0.000,0.000,27263,1.00,15.89,0.000,0.000,0.000,9,10,10,29,2600,0.010,3.23,0.0050,0.000,0,0.061,0.000,0.212,0.012,2.74,4.06,4.00,0.00,0.000,1.00,1.00,1.00,0.061,0.00166,28.05,0.2168,3.82,71645.7,74200.2,119.391,0.0410,12.734
370000,206,1.532,0.086,8.96,5685,5439,146,0,152,1,117858.6,1740.6,0.001,0.174,0.553,0.272,3932,10.71,3.00,0.00,0.07,0.00,0.00,0.08,0.75,10.63,2.82,0.00,0.00,0.000,0.000,26,0.762,0.301,0.689,0.000,0.010,2695,2586,1,1.000,0.000,0.019,43723,0.160,0.377,0.003,11.71,2011,0,1740.647,0.000,0.000,22569,1.00,15.25,0.000,0.000,0.000,10,10,15,31,2207,0.008,7.95,0.0054,0.000,1,0.057,0.000,0.150,0.028,2.86,4.17,4.21,0.00,0.000,1.00,1.00,1.00,0.057,0.00178,31.32,0.2307,3.32,72435.2,74200.0,112.459,0.0567,11.731
380000,118,1.568,0.083,8.72,3403,3298,87,0,106,1,63935.2,825.7,0.001,0.193,0.583,0.223,5784,10.66,4.47,0.00,0.00,0.00,0.00,0.10,0.62,10.56,4.49,0.00,0.00,0.000,0.000,16,0.390,0.288,0.695,0.000,0.017,1564,1520,1,0.856,0.144,0.042,19693,0.135,0.374,0.003,6.41,1244,0,825.725,0.000,0.000,32519,1.00,15.31,0.000,0.000,0.000,8,10,15,30,1258,0.005,0.57,0.0051,0.000,8,0.130,0.000,0.125,0.015,2.92,4.48,3.86,0.00,0.000,1.00,1.00,1.00,0.130,0.00181,36.02,0.1274,7.33,72632.1,74200.0,120.449,0.0445,6.383
390000,128,1.683,0.147,9.03,2849,2675,83,0,81,0,62686.5,583.3,0.000,0.226,0.548,0.226,5840,9.39,2.10,0.00,0.00,0.00,0.00,0.00,0.00,9.39,2.10,0.00,0.00,0.000,0.000,13,0.570,0.227,0.773,0.000,0.000,774,727,1,0.898,0.102,0.000,18916,0.120,0.719,0.010,6.38,966,0,583.310,0.000,0.000,8319,1.00,16.42,0.000,0.000,0.000,7,10,12,20,1202,0.005,9.76,0.0052,0.008,0,0.030,0.000,0.074,0.001,2.63,4.09,3.70,0.00,0.000,1.00,1.00,1.00,0.030,0.00203,11.21,0.0935,6.57,71553.8,74199.9,136.086,0.0353,6.241
400000,210,1.625,0.073,9.19,5000,4652,69,0,197,0,89510.8,1420.6,0.002,0.224,0.503,0.270,4648,9.03,3.06,0.00,0.00,0.00,0.00,0.11,0.68,8.92,3.03,0.00,0.00,0.000,0.000,30,0.438,0.281,0.710,0.000,0.010,2297,2249,1,1.000,0.000,0.052,32185,0.108,0.317,0.002,8.84,1807,0,1420.586,0.000,0.000,25148,1.00,16.81,0.000,0.000,0.000,5,10,11,34,1897,0.007,13.06,0.0048,0.005,5,0.065,0.000,0.140,0.037,2.59,4.10,3.52,0.00,0.000,1.00,1.00,1.00,0.065,0.00164,23.61,0.1930,5.48,72618.2,74199.9,117.934,0.0511,8.896
410000,229,1.544,0.071,8.56,6358,6010,126,0,203,0,104739.1,1508.8,0.002,0.247,0.476,0.275,4223,8.63,2.14,0.00,0.00,0.00,0.07,0.17,1.21,8.46,2.14,0.00,0.00,0.001,0.011,21,0.424,0.218,0.773,0.004,0.004,3176,3118,2,0.817,0.031,0.092,174410,0.064,0.296,0.001,10.47,2292,0,1508.835,0.000,0.004,73752,1.00,17.08,0.000,0.000,0.000,6,9,10,20,1976,0.008,0.45,0.0054,0.000,7,0.140,0.000,0.154,0.025,2.48,4.02,3.63,0.00,0.000,1.00,1.00,1.00,0.140,0.00177,57.36,0.2175,7.27,72649.1,74199.8,95.152,0.0665,10.411
420000,274,1.582,0.060,8.90,8405,7952,132,0,276,0,136434.1,1752.9,0.002,0.238,0.491,0.269,3554,9.41,2.83,0.00,0.00,0.00,0.00,0.11,1.31,9.30,2.57,0.00,0.00,0.000,0.000,31,0.536,0.237,0.748,0.000,0.015,4006,3954,2,0.909,0.000,0.018,136199,0.055,0.245,0.001,13.63,2711,0,1752.938,0.000,0.000,72545,1.00,16.56,0.000,0.000,0.000,6,10,10,29,2578,0.010,0.10,0.0054,0.004,3,0.109,0.000,0.180,0.009,2.70,4.06,3.67,0.00,0.000,1.00,1.00,1.00,0.110,0.00183,61.45,0.2428,4.61,72732.6,74199.8,88.263,0.0677,13.566
430000,274,1.464,0.066,9.64,9259,8880,80,0,299,0,142438.4,2140.3,0.003,0.222,0.452,0.323,3397,10.32,2.89,0.00,0.06,0.13,1.59,0.10,0.65,10.08,2.63,0.00,0.00,0.006,0.067,31,0.569,0.255,0.734,0.000,0.011,5295,5232,2,0.916,0.000,0.029,29310,0.132,0.290,0.001,14.25,2946,0,2140.335,0.000,0.000,76366,1.00,15.72,0.000,0.000,0.000,7,10,13,29,2827,0.011,0.40,0.0052,0.000,1,0.123,0.000,0.258,0.016,2.81,4.28,3.87,0.00,0.000,1.00,1.00,1.00,0.123,0.00187,61.54,0.2755,5.50,72663.0,74199.6,87.246,0.0614,14.182
440000,254,1.573,0.069,9.26,8553,8272,70,0,231,0,136474.8,1802.2,0.004,0.282,0.472,0.243,3501,9.63,2.37,0.00,0.00,0.00,0.06,0.08,0.80,9.55,2.42,0.00,0.00,0.004,0.063,24,0.681,0.260,0.720,0.000,0.020,4238,4143,3,0.764,0.031,0.016,54586,0.126,0.323,0.002,13.64,3066,0,1802.212,0.000,0.004,78548,1.00,16.38,0.000,0.000,0.000,8,10,10,29,2447,0.009,0.11,0.0056,0.000,7,0.105,0.000,0.215,0.012,2.58,4.03,3.79,0.00,0.000,1.00,1.00,1.00,0.105,0.00237,56.37,0.2405,6.53,72623.3,74199.5,93.316,0.0602,13.575
450000,403,1.534,0.049,8.85,10554,10022,89,0,294,1,166935.5,3133.9,0.002,0.216,0.440,0.341,2981,9.93,3.52,0.00,0.05,0.01,0.11,0.15,1.75,9.77,2.42,0.00,0.00,0.003,0.051,34,0.725,0.213,0.784,0.000,0.002,6396,6327,2,0.945,0.000,0.022,43409,0.135,0.201,0.001,16.66,3630,0,3133.948,0.000,0.002,100165,1.00,16.18,0.002,0.000,0.000,7,10,10,64,4002,0.015,0.50,0.0042,0.000,3,0.141,0.000,0.244,0.039,2.71,4.07,3.85,0.00,0.000,1.00,1.00,1.00,0.141,0.00146,64.71,0.3943,8.25,72698.0,74199.4,81.565,0.0808,16.586
460000,353,1.496,0.064,9.01,11830,11338,161,0,381,9,204476.8,2965.2,0.000,0.199,0.474,0.327,2545,9.77,3.36,0.01,0.11,0.01,0.14,0.03,0.30,9.73,3.24,0.00,0.00,0.001,0.007,38,0.544,0.210,0.790,0.000,0.000,6057,5958,2,0.924,0.000,0.014,57496,0.108,0.298,0.001,20.48,3939,0,329.470,0.000,0.000,79329,1.00,16.33,0.000,0.000,0.000,8,10,10,39,3450,0.013,0.67,0.0060,0.000,5,0.098,0.000,0.198,0.017,2.69,4.10,3.75,0.00,0.000,1.00,1.00,1.00,0.098,0.00191,74.58,0.3790,8.80,72551.2,74199.4,67.706,0.0825,20.385
470000,294,1.600,0.111,9.02,9282,8977,107,0,257,0,165653.1,2264.3,0.000,0.220,0.476,0.304,3004,10.10,3.01,0.00,0.00,0.01,0.23,0.00,0.06,10.08,2.98,0.00,0.00,0.001,0.015,32,0.724,0.224,0.776,0.000,0.000,4357,4269,2,0.973,0.000,0.003,34659,0.124,0.566,0.005,16.64,3132,0,2264.286,0.000,0.000,66267,1.00,15.91,0.000,0.000,0.000,8,10,11,46,2968,0.011,5.48,0.0056,0.000,2,0.092,0.000,0.180,0.012,2.82,4.06,4.04,0.00,0.000,1.00,1.00,1.00,0.092,0.00210,55.33,0.3016,6.01,71852.9,74199.3,85.989,0.0755,16.494
480000,239,1.558,0.064,9.08,7630,7310,127,0,248,0,147181.8,1872.6,0.000,0.207,0.524,0.268,3276,9.87,1.53,0.01,0.13,0.01,0.19,0.02,0.19,9.83,1.45,0.00,0.00,0.001,0.010,21,0.757,0.280,0.711,0.000,0.008,2964,2879,1,1.000,0.000,0.013,33226,0.114,0.253,0.001,14.64,2698,0,1872.572,0.000,0.000,32622,1.00,16.13,0.000,0.000,0.000,9,10,10,20,2359,0.009,0.43,0.0063,0.000,4,0.054,0.000,0.136,0.013,2.68,4.00,3.96,0.00,0.000,1.00,1.00,1.00,0.054,0.00225,31.23,0.2545,7.14,72725.1,74199.2,117.131,0.0671,14.659
490000,174,1.727,0.059,9.57,5160,4912,142,0,171,0,110460.6,1117.3,0.000,0.190,0.491,0.318,4005,10.34,2.78,0.00,0.00,0.00,0.00,0.10,1.14,10.25,2.48,0.00,0.00,0.000,0.000,29,0.397,0.270,0.730,0.000,0.000,1378,1294,1,0.598,0.402,0.017,77269,0.075,0.220,0.000,11.03,1908,0,1117.280,0.000,0.000,10985,1.00,15.55,0.000,0.000,0.000,8,10,12,27,1800,0.007,0.01,0.0062,0.000,0,0.028,0.000,0.097,0.002,2.85,4.03,4.20,0.00,0.000,1.00,1.00,1.00,0.028,0.00223,20.67,0.1757,6.51,72902.4,74199.2,131.732,0.0641,10.982
500000,203,1.654,0.074,9.61,5871,5524,86,0,232,0,103463.6,1151.9,0.001,0.225,0.489,0.285,4048,9.77,2.83,0.00,0.00,0.01,0.16,0.04,0.30,9.71,2.87,0.00,0.00,0.002,0.017,34,0.438,0.222,0.778,0.000,0.000,1516,1379,2,0.877,0.039,0.025,57333,0.089,0.262,0.001,10.37,2336,0,1151.926,0.000,0.000,12208,1.00,16.82,0.000,0.000,0.000,7,10,10,34,1983,0.008,0.17,0.0052,0.000,1,0.027,0.000,0.137,0.002,2.77,3.88,3.78,0.00,0.000,1.00,1.00,1.00,0.027,0.00198,15.40,0.1782,5.97,72605.1,74199.1,137.490,0.0631,10.279
510000,201,1.526,0.056,9.63,6627,6278,103,0,248,0,121580.9,1499.4,0.000,0.183,0.478,0.338,3661,9.55,2.06,0.00,0.00,0.00,0.00,0.00,0.00,9.55,2.06,0.00,0.00,0.000,0.000,21,0.522,0.204,0.796,0.000,0.000,2450,2354,3,0.876,0.000,0.000,33168,0.118,0.190,0.000,12.13,2520,0,1499.381,0.000,0.000,14522,1.00,16.79,0.000,0.000,0.000,7,10,10,21,1920,0.007,0.08,0.0063,0.000,2,0.034,0.000,0.167,0.003,2.60,3.99,3.62,0.00,0.000,1.00,1.00,1.00,0.034,0.00198,24.59,0.2076,4.83,72937.3,74199.1,126.630,0.0578,12.109
520000,340,1.538,0.042,9.08,8321,7817,84,0,281,6,148855.1,2024.6,0.000,0.196,0.467,0.337,3211,10.18,3.60,0.00,0.00,0.03,0.38,0.10,0.80,10.06,3.41,0.00,0.00,0.001,0.018,41,0.715,0.250,0.741,0.000,0.009,3851,3759,1,1.000,0.000,0.024,37422,0.123,0.126,0.000,14.86,2916,0,337.426,0.000,0.000,28194,1.00,16.11,0.000,0.000,0.000,8,10,12,55,3462,0.013,0.00,0.0044,0.026,0,0.051,0.000,0.201,0.009,2.83,3.97,3.99,0.00,0.000,1.00,1.00,1.00,0.051,0.00152,38.84,0.2563,3.73,72924.0,74199.0,109.736,0.0540,14.801
530000,368,1.496,0.044,9.15,10784,10248,140,0,368,8,198578.2,2656.2,0.000,0.178,0.485,0.337,2503,9.62,2.53,0.00,0.00,0.01,0.16,0.02,0.19,9.60,2.45,0.00,0.00,0.000,0.005,41,0.495,0.220,0.774,0.000,0.005,4690,4492,1,1.000,0.000,0.014,43560,0.135,0.157,0.000,19.87,3837,0,332.020,0.000,0.000,29240,1.00,17.02,0.000,0.008,0.000,8,10,10,32,3542,0.014,0.02,0.0056,0.014,1,0.044,0.000,0.179,0.006,2.65,3.83,3.68,0.00,0.000,1.00,1.00,1.00,0.044,0.00172,54.98,0.3313,5.82,72849.6,74199.0,88.565,0.0656,19.799
540000,284,1.430,0.056,9.43,9164,8788,163,0,297,0,163138.2,2146.7,0.000,0.167,0.470,0.363,2905,9.44,3.98,0.00,0.00,0.09,1.31,0.05,0.36,9.30,2.89,0.00,0.00,0.002,0.021,33,0.415,0.215,0.778,0.000,0.007,3761,3494,1,1.000,0.000,0.021,43562,0.109,0.202,0.000,16.34,3277,0,2146.738,0.000,0.000,18734,1.00,17.42,0.004,0.000,0.000,8,10,10,64,2680,0.010,0.02,0.0062,0.021,0,0.036,0.000,0.172,0.005,2.68,3.75,3.55,0.00,0.000,1.00,1.00,1.00,0.036,0.00175,41.62,0.2855,5.55,72815.9,74198.9,105.458,0.0709,16.263
550000,347,1.494,0.061,9.52,11070,10501,135,0,371,7,175167.9,2424.8,0.000,0.146,0.474,0.380,2714,8.98,2.54,0.00,0.00,0.00,0.05,0.03,0.39,8.95,2.36,0.00,0.00,0.000,0.005,37,0.522,0.245,0.749,0.000,0.006,4010,3630,1,1.000,0.000,0.009,44398,0.094,0.205,0.000,17.54,3933,0,346.394,0.000,0.000,16848,1.00,18.58,0.000,0.000,0.000,8,8,12,31,3117,0.012,0.01,0.0056,0.000,1,0.033,0.000,0.176,0.002,2.55,3.42,3.29,0.00,0.000,1.00,1.00,1.00,0.033,0.00129,32.35,0.3060,6.12,72617.8,74198.9,113.546,0.0636,17.457
560000,312,1.544,0.078,10.41,11153,10689,137,0,362,0,176295.0,2668.7,0.000,0.158,0.461,0.381,2585,9.51,3.59,0.00,0.00,0.00,0.06,0.02,0.29,9.49,3.62,0.00,0.00,0.003,0.057,34,0.276,0.202,0.795,0.000,0.003,4479,3891,1,0.965,0.035,0.006,32512,0.100,0.415,0.003,17.68,4189,0,2668.679,0.000,0.000,20642,1.00,17.83,0.000,0.000,0.000,7,9,12,46,2967,0.011,2.10,0.0060,0.003,0,0.038,0.000,0.158,0.007,2.55,3.70,3.39,0.00,0.000,1.00,1.00,1.00,0.038,0.00163,40.47,0.3402,6.88,72374.4,74198.9,103.185,0.0733,17.587
570000,391,1.494,0.078,10.04,13028,12460,119,0,370,0,203222.5,3131.8,0.000,0.200,0.442,0.358,2412,9.63,4.01,0.00,0.00,0.00,0.05,0.05,0.52,9.58,3.77,0.00,0.00,0.000,0.002,47,0.371,0.240,0.752,0.000,0.008,5290,4876,1,1.000,0.000,0.013,36102,0.114,0.457,0.004,20.33,4865,0,3131.826,0.000,0.000,31980,1.00,18.08,0.000,0.000,0.000,7,8,12,63,3765,0.014,3.44,0.0054,0.010,2,0.041,0.000,0.156,0.007,2.49,3.59,3.37,0.00,0.000,1.00,1.00,1.00,0.041,0.00187,52.45,0.3938,7.11,72262.5,74198.9,87.218,0.0806,20.236
580000,271,1.510,0.152,9.77,8654,8337,156,0,281,0,151014.7,1881.2,0.000,0.211,0.473,0.316,3067,8.45,2.88,0.00,0.00,0.00,0.00,0.06,0.57,8.38,2.76,0.00,0.00,0.000,0.000,40,0.244,0.247,0.753,0.000,0.000,2677,2135,1,0.583,0.417,0.018,44867,0.117,0.854,0.013,15.23,3273,0,1881.227,0.000,0.000,22898,1.00,17.99,0.000,0.000,0.000,6,8,12,25,2289,0.009,24.88,0.0066,0.004,2,0.037,0.000,0.110,0.003,2.44,3.86,3.17,0.00,0.000,1.00,1.00,1.00,0.037,0.00208,40.25,0.2683,7.47,71247.6,74199.0,83.079,0.0801,15.050
590000,446,1.569,0.048,10.00,12298,11633,107,0,383,2,184533.9,3428.9,0.000,0.199,0.456,0.344,2669,8.74,2.55,0.00,0.00,0.01,0.24,0.03,0.35,8.70,2.56,0.00,0.00,0.001,0.012,50,0.363,0.265,0.729,0.002,0.004,5400,4975,3,0.563,0.018,0.011,58544,0.125,0.149,0.000,18.29,4777,0,1714.445,0.000,0.002,49732,1.00,18.38,0.000,0.000,0.000,6,9,11,34,3900,0.015,17.98,0.0048,0.000,7,0.065,0.000,0.157,0.038,2.42,3.71,3.10,0.00,0.000,1.00,1.00,1.00,0.065,0.00133,58.34,0.4501,9.46,72628.7,74198.9,68.824,0.1070,18.322
600000,407,1.521,0.069,10.32,15938,15344,152,0,481,0,224078.2,3996.8,0.000,0.187,0.424,0.388,2262,9.16,4.05,0.00,0.00,0.07,0.85,0.06,0.81,9.03,3.31,0.00,0.00,0.004,0.040,57,0.351,0.231,0.759,0.000,0.010,7926,7301,2,0.678,0.000,0.010,43404,0.113,0.258,0.001,22.44,6204,0,3996.826,0.000,0.000,83280,1.00,18.39,0.002,0.000,0.000,7,9,12,64,3727,0.014,0.49,0.0061,0.034,1,0.097,0.000,0.198,0.019,2.48,3.64,3.21,0.00,0.000,1.00,1.00,1.00,0.097,0.00169,85.30,0.4917,10.54,72368.1,74198.9,55.205,0.0919,22.326
610000,249,1.615,0.047,10.33,12815,12455,144,0,374,0,195112.0,3027.7,0.000,0.182,0.435,0.382,2449,8.98,3.09,0.00,0.00,0.00,0.00,0.03,0.30,8.95,3.10,0.00,0.00,0.000,0.000,36,0.253,0.241,0.755,0.000,0.004,5458,4501,2,0.675,0.000,0.016,31628,0.108,0.144,0.000,19.50,5098,0,3027.746,0.000,0.004,34459,1.00,18.55,0.000,0.000,0.000,6,8,11,33,2237,0.009,0.05,0.0088,0.016,2,0.048,0.000,0.161,0.010,2.45,3.64,3.11,0.00,0.000,1.00,1.00,1.00,0.048,0.00245,58.02,0.3862,9.65,72983.8,74198.8,85.879,0.0835,19.474
620000,185,1.519,0.066,10.55,6681,6392,140,0,213,0,107950.5,1399.8,0.000,0.209,0.460,0.331,3907,8.89,4.02,0.00,0.00,0.09,0.64,0.13,0.75,8.68,3.51,0.00,0.00,0.004,0.025,43,0.216,0.232,0.746,0.000,0.022,2409,2266,2,0.551,0.205,0.032,54174,0.069,0.247,0.001,10.83,2767,0,1399.757,0.000,0.000,45369,1.00,18.43,0.000,0.000,0.000,6,8,12,28,1645,0.006,0.15,0.0067,0.000,3,0.097,0.000,0.119,0.014,2.61,3.39,3.42,0.00,0.000,1.00,1.00,1.00,0.097,0.00195,52.90,0.2192,4.44,72811.2,74198.7,99.554,0.0797,10.735
630000,107,1.534,0.064,10.88,4744,4606,56,0,160,0,64670.3,934.7,0.004,0.275,0.477,0.244,5581,8.35,5.90,0.00,0.00,0.00,0.00,0.06,0.23,8.29,5.91,0.00,0.00,0.000,0.000,27,0.280,0.224,0.766,0.000,0.009,1750,1708,1,0.907,0.093,0.056,39236,0.081,0.272,0.001,6.47,2100,0,934.721,0.000,0.000,47297,1.00,18.49,0.000,0.000,0.000,5,8,10,54,893,0.003,0.13,0.0073,0.009,3,0.130,0.000,0.157,0.016,2.43,3.59,3.25,0.00,0.000,1.00,1.00,1.00,0.130,0.00250,41.29,0.1486,3.77,72972.3,74198.7,115.547,0.0552,6.432
640000,152,1.634,0.048,10.67,6087,5756,48,0,238,0,79138.0,1414.9,0.004,0.252,0.375,0.369,4923,9.27,4.22,0.00,0.00,0.00,0.00,0.09,0.41,9.18,4.08,0.00,0.00,0.000,0.000,41,0.434,0.230,0.757,0.007,0.007,2552,2452,2,0.849,0.059,0.059,42473,0.063,0.193,0.000,7.89,2475,0,1414.858,0.000,0.007,56579,1.00,15.95,0.000,0.000,0.000,7,7,13,33,1409,0.005,0.36,0.0057,0.020,2,0.137,0.000,0.163,0.021,2.69,3.27,4.91,0.00,0.000,1.00,1.00,1.00,0.137,0.00196,52.72,0.1986,4.67,73129.0,74198.6,102.468,0.0570,7.851
650000,118,1.617,0.047,10.56,5314,5037,76,0,235,0,78180.1,1471.1,0.003,0.230,0.361,0.406,5034,9.88,5.96,0.00,0.00,0.00,0.00,0.31,1.96,9.57,5.38,0.00,0.00,0.000,0.000,38,0.178,0.254,0.729,0.000,0.017,2362,2323,1,1.000,0.000,0.102,142740,0.043,0.193,0.000,7.81,2078,0,1471.099,0.000,0.000,33915,1.00,16.10,0.000,0.000,0.000,6,8,13,54,1166,0.004,0.49,0.0069,0.008,2,0.095,0.000,0.153,0.039,2.74,3.32,4.73,0.00,0.000,1.00,1.00,1.00,0.095,0.00253,51.95,0.2143,8.70,73218.7,74198.6,103.187,0.0668,7.757
660000,284,1.516,0.043,9.63,5791,5323,78,0,224,0,80003.2,1531.0,0.007,0.252,0.359,0.382,4930,9.09,4.00,0.00,0.00,0.02,0.36,0.11,1.16,8.96,3.65,0.00,0.00,0.001,0.012,49,0.331,0.250,0.732,0.000,0.018,2897,2817,2,0.905,0.000,0.025,127007,0.068,0.152,0.000,8.00,2307,0,1530.953,0.000,0.004,47727,1.00,17.25,0.000,0.000,0.000,6,9,11,35,2582,0.010,1.28,0.0031,0.000,6,0.115,0.000,0.191,0.045,2.71,3.27,4.11,0.00,0.000,1.00,1.00,1.00,0.115,0.00111,52.48,0.2229,9.46,73017.1,74198.6,101.678,0.0697,7.912
670000,229,1.652,0.047,8.86,8815,8492,96,0,282,21,143456.8,3091.1,0.005,0.240,0.391,0.364,3473,10.69,2.78,0.06,0.74,0.02,0.26,0.14,0.92,10.47,2.68,0.00,0.00,0.001,0.015,30,0.188,0.210,0.773,0.000,0.017,4568,4251,2,0.934,0.004,0.031,96289,0.128,0.193,0.000,14.37,3232,0,147.197,0.000,0.004,57884,1.02,16.32,0.000,0.000,0.000,9,11,12,26,2447,0.009,3.04,0.0060,0.004,1,0.089,0.000,0.177,0.060,2.78,4.02,3.82,0.00,0.000,1.03,1.04,1.02,0.089,0.00253,72.25,0.4141,7.73,73001.9,74198.6,73.776,0.1054,14.261
680000,120,1.644,0.177,8.85,5065,4891,140,0,143,0,112869.0,1347.8,0.001,0.191,0.483,0.325,4195,9.95,1.38,0.00,0.00,0.00,0.00,0.03,0.29,9.92,1.41,0.00,0.00,0.000,0.000,11,0.417,0.200,0.800,0.000,0.000,1746,1577,1,1.000,0.000,0.017,52752,0.117,0.894,0.014,11.50,1741,0,1347.809,0.000,0.000,12395,1.00,16.90,0.000,0.000,0.000,9,10,12,18,1194,0.005,24.20,0.0095,0.000,0,0.031,0.000,0.098,0.012,2.47,3.80,3.75,0.00,0.000,1.00,1.00,1.00,0.031,0.00343,25.40,0.1897,3.28,71070.1,74198.6,102.335,0.0554,11.249
690000,205,1.527,0.054,8.94,4728,4354,115,0,174,0,86155.9,1855.2,0.002,0.226,0.456,0.316,4907,9.45,3.80,0.00,0.00,0.01,0.21,0.10,0.53,9.34,3.60,0.00,0.00,0.001,0.019,38,0.263,0.229,0.766,0.000,0.005,1936,1794,1,0.917,0.083,0.039,70228,0.112,0.210,0.000,8.42,1882,0,1855.168,0.000,0.000,31534,1.00,17.73,0.000,0.000,0.000,7,9,11,33,1938,0.007,29.50,0.0045,0.015,4,0.080,0.000,0.105,0.085,2.59,3.73,3.43,0.00,0.000,1.00,1.00,1.00,0.080,0.00158,33.23,0.2817,7.85,72959.3,74198.6,92.286,0.0958,8.515
700000,140,1.690,0.063,8.99,5451,5069,129,0,318,0,89222.1,1388.1,0.021,0.226,0.406,0.347,4548,10.19,3.08,0.00,0.00,0.00,0.00,0.09,0.57,10.11,3.04,0.00,0.00,0.000,0.000,30,0.329,0.200,0.800,0.000,0.000,2604,2472,2,0.871,0.000,0.029,85925,0.093,0.332,0.002,8.95,2039,0,1388.100,0.000,0.000,63500,1.00,16.93,0.000,0.000,0.000,8,10,13,25,1427,0.005,0.60,0.0063,0.000,1,0.156,0.000,0.126,0.021,2.51,3.81,3.72,0.00,0.000,1.00,1.00,1.00,0.156,0.00216,62.99,0.2072,11.42,72903.7,74198.6,90.893,0.0680,8.879
710000,175,1.740,0.040,9.09,5700,5316,144,0,205,0,102506.1,1607.9,0.007,0.223,0.381,0.389,4274,10.23,2.51,0.00,0.00,0.09,0.50,0.15,0.69,9.99,2.28,0.00,0.00,0.005,0.031,22,0.629,0.269,0.726,0.000,0.006,2910,2714,2,0.811,0.114,0.046,43077,0.117,0.147,0.000,10.20,2152,0,1607.857,0.000,0.000,61929,1.00,15.82,0.000,0.000,0.000,7,10,12,26,1790,0.007,0.62,0.0059,0.011,4,0.138,0.000,0.148,0.027,2.62,3.93,4.17,0.00,0.000,1.00,1.00,1.00,0.138,0.00211,49.95,0.2245,8.04,73210.4,74198.6,102.668,0.0640,10.171
720000,182,1.501,0.064,8.98,5595,5267,118,0,203,18,90198.6,1361.9,0.003,0.240,0.398,0.359,4764,9.50,2.10,0.00,0.00,0.00,0.00,0.11,0.76,9.39,2.15,0.00,0.00,0.000,0.000,30,0.423,0.253,0.725,0.000,0.022,2727,2568,2,0.841,0.000,0.038,48271,0.094,0.266,0.001,9.07,2064,0,75.661,0.000,0.005,51793,1.00,16.70,0.000,0.000,0.000,8,10,10,22,1729,0.007,0.76,0.0053,0.000,12,0.122,0.000,0.156,0.028,2.63,3.87,3.78,0.00,0.000,1.00,1.00,1.00,0.122,0.00193,50.57,0.2068,5.85,72835.0,74198.6,103.043,0.0710,8.959
730000,255,1.683,0.046,8.75,8574,8104,68,0,329,2,130926.9,2258.4,0.006,0.230,0.430,0.333,3682,10.66,2.80,0.00,0.00,0.03,0.27,0.08,0.66,10.56,2.72,0.00,0.00,0.001,0.010,40,0.471,0.220,0.761,0.000,0.020,4576,4417,2,0.886,0.031,0.035,66557,0.115,0.187,0.000,13.05,2938,0,1129.179,0.000,0.000,90348,1.00,16.13,0.000,0.000,0.000,8,10,13,33,2719,0.010,0.81,0.0049,0.000,4,0.153,0.000,0.200,0.027,2.70,4.10,3.90,0.00,0.000,1.00,1.00,1.00,0.153,0.00194,64.16,0.2952,7.12,72967.0,74198.5,85.421,0.0693,12.995
740000,261,1.558,0.061,8.98,7321,6935,154,0,226,0,141198.2,1944.6,0.001,0.187,0.521,0.291,3522,10.56,2.82,0.00,0.00,0.01,0.09,0.04,0.38,10.51,2.83,0.00,0.00,0.000,0.005,34,0.548,0.245,0.747,0.004,0.004,3208,3134,1,1.000,0.000,0.015,42408,0.125,0.277,0.001,14.14,2503,0,1944.579,0.000,0.004,46339,1.00,16.28,0.000,0.000,0.000,9,10,13,24,2756,0.011,0.55,0.0051,0.011,6,0.090,0.000,0.147,0.020,2.62,3.91,3.96,0.00,0.000,1.00,1.00,1.00,0.090,0.00175,57.07,0.2598,5.25,72741.8,74198.5,91.679,0.0655,14.055
750000,315,1.589,0.045,9.11,7718,7215,165,0,284,0,142448.2,2178.7,0.000,0.169,0.534,0.297,3367,10.83,2.79,0.00,0.00,0.00,0.06,0.02,0.28,10.82,2.81,0.00,0.00,0.000,0.006,27,0.359,0.200,0.794,0.000,0.006,3487,3125,1,0.981,0.019,0.003,49311,0.150,0.172,0.000,14.22,2860,0,2178.733,0.000,0.000,44696,1.00,17.26,0.000,0.000,0.000,8,10,13,22,3413,0.013,2.13,0.0042,0.019,2,0.096,0.000,0.156,0.021,2.69,3.66,3.72,0.00,0.000,1.00,1.00,1.00,0.096,0.00133,69.16,0.2891,9.74,72887.7,74198.5,77.927,0.0708,14.169
760000,324,1.638,0.043,9.03,9842,9376,119,0,338,0,168453.4,2753.8,0.000,0.203,0.468,0.329,3034,12.67,5.52,0.00,0.00,0.01,0.08,0.02,0.23,12.65,5.49,0.00,0.00,0.000,0.005,52,0.306,0.228,0.765,0.000,0.006,4890,4609,1,0.975,0.025,0.006,69609,0.169,0.124,0.000,16.86,3454,0,2753.834,0.000,0.000,57393,1.00,15.91,0.000,0.000,0.000,8,13,15,50,4106,0.016,0.28,0.0041,0.000,3,0.093,0.000,0.191,0.014,3.02,3.85,4.20,0.00,0.000,1.00,1.00,1.00,0.093,0.00198,86.80,0.3558,6.64,72873.4,74198.5,59.502,0.0807,16.776
770000,287,1.629,0.048,8.92,10940,10550,63,0,364,0,172509.9,2946.0,0.003,0.218,0.477,0.302,3013,12.18,3.15,0.00,0.00,0.03,0.26,0.21,1.22,11.94,3.11,0.00,0.00,0.003,0.025,46,0.425,0.223,0.770,0.007,0.000,5565,5132,1,0.934,0.066,0.045,125410,0.164,0.167,0.000,17.26,3924,0,2946.020,0.000,0.010,57927,1.00,15.58,0.000,0.000,0.000,8,13,14,31,3497,0.013,2.11,0.0050,0.000,8,0.085,0.000,0.220,0.013,3.10,3.74,4.51,0.00,0.000,1.00,1.00,1.00,0.085,0.00244,80.73,0.3818,8.35,72871.2,74198.4,63.342,0.0871,17.176
780000,334,1.554,0.091,9.37,10436,9999,34,0,356,0,167915.3,3018.9,0.003,0.207,0.531,0.259,3062,12.04,3.05,0.06,0.65,0.00,0.05,0.15,0.99,11.82,2.99,0.00,0.00,0.000,0.008,49,0.380,0.246,0.751,0.000,0.003,5237,4988,1,0.716,0.284,0.039,87176,0.172,0.536,0.005,16.87,3559,0,3018.870,0.000,0.000,50233,1.02,15.37,0.000,0.000,0.000,8,13,14,28,4021,0.015,4.40,0.0043,0.000,9,0.080,0.000,0.218,0.017,2.95,3.85,4.48,0.00,0.000,1.01,1.02,1.05,0.080,0.00197,66.67,0.3760,8.88,72103.4,74198.4,75.502,0.0741,16.716
790000,426,1.569,0.066,9.90,13352,12729,56,0,475,2,220222.9,3533.8,0.010,0.208,0.518,0.264,2423,10.89,3.32,0.00,0.05,0.01,0.21,0.02,0.24,10.85,3.31,0.00,0.00,0.003,0.049,56,0.225,0.242,0.749,0.000,0.009,6382,5772,2,0.549,0.415,0.014,93928,0.140,0.406,0.003,21.99,4956,0,1766.917,0.000,0.000,89063,1.00,16.57,0.000,0.000,0.000,8,10,14,32,4641,0.018,5.02,0.0048,0.000,2,0.105,0.000,0.198,0.010,2.77,3.87,3.86,0.00,0.000,1.00,1.00,1.00,0.105,0.00190,67.28,0.4351,4.50,72357.4,74198.3,69.156,0.0821,21.931
800000,415,1.595,0.186,10.40,12685,12116,112,0,468,0,231226.8,3359.2,0.001,0.192,0.540,0.267,2345,10.91,3.20,0.00,0.00,0.00,0.00,0.10,0.95,10.80,3.06,0.00,0.00,0.000,0.000,32,0.376,0.224,0.769,0.000,0.007,5076,4691,1,0.545,0.455,0.014,88178,0.102,0.906,0.016,23.35,4478,0,3359.230,0.000,0.000,27343,1.00,16.43,0.000,0.000,0.000,9,9,14,36,4527,0.017,21.26,0.0052,0.000,0,0.034,0.000,0.166,0.007,2.78,3.96,3.82,0.00,0.000,1.00,1.00,1.00,0.034,0.00202,41.01,0.4132,6.17,70393.0,74198.3,77.811,0.0771,23.081
810000,318,1.607,0.173,9.78,10630,10163,159,0,405,0,194571.7,2876.1,0.000,0.222,0.478,0.300,2764,10.99,3.44,0.00,0.00,0.00,0.00,0.05,0.58,10.94,3.33,0.00,0.00,0.000,0.000,47,0.220,0.230,0.764,0.000,0.006,4382,3700,2,0.708,0.267,0.019,53168,0.107,0.874,0.015,19.48,3823,0,2876.101,0.000,0.000,36781,1.00,16.50,0.000,0.000,0.000,7,12,14,32,3494,0.013,6.24,0.0056,0.000,5,0.046,0.000,0.157,0.014,2.84,3.97,3.82,0.00,0.000,1.00,1.00,1.00,0.046,0.00250,54.40,0.3864,9.93,70784.5,74198.2,83.319,0.0984,19.422
820000,266,1.601,0.107,9.74,8723,8285,149,0,341,0,165164.1,2985.4,0.000,0.236,0.478,0.286,3152,10.79,3.77,0.00,0.00,0.05,0.40,0.10,0.60,10.64,3.61,0.00,0.00,0.004,0.038,45,0.256,0.274,0.714,0.004,0.008,3396,2995,3,0.530,0.000,0.038,57927,0.100,0.697,0.008,16.43,3229,0,2985.385,0.000,0.004,27706,1.00,16.99,0.000,0.000,0.000,6,10,14,36,2869,0.011,28.83,0.0058,0.000,6,0.039,0.000,0.121,0.044,2.74,3.79,3.75,0.00,0.000,1.00,1.00,1.00,0.039,0.00261,52.50,0.4282,10.89,71963.2,74198.1,65.679,0.1296,16.414
830000,330,1.482,0.238,11.34,8155,7625,131,0,335,0,161087.5,1764.5,0.000,0.229,0.507,0.264,3102,9.98,3.49,0.00,0.00,0.00,0.00,0.05,0.59,9.93,3.37,0.00,0.00,0.000,0.000,60,0.230,0.252,0.745,0.000,0.003,2283,1817,3,0.609,0.085,0.012,56766,0.102,1.115,0.023,16.32,3143,0,1764.488,0.000,0.000,15228,1.00,16.96,0.000,0.000,0.000,7,9,14,35,3295,0.013,28.66,0.0049,0.000,2,0.022,0.000,0.120,0.001,2.74,4.20,3.32,0.00,0.000,1.00,1.00,1.00,0.022,0.00191,25.02,0.2485,6.57,69748.1,74198.0,93.442,0.0725,16.027
840000,435,1.516,0.127,11.60,12070,11384,72,0,509,0,204202.9,3917.6,0.009,0.250,0.418,0.323,2541,10.94,3.73,0.00,0.00,0.00,0.00,0.20,1.37,10.75,3.54,0.00,0.00,0.000,0.000,72,0.232,0.257,0.740,0.000,0.002,5535,4538,4,0.549,0.000,0.067,127526,0.114,0.701,0.009,20.26,5077,0,3917.641,0.000,0.002,40769,1.00,17.42,0.000,0.000,0.000,8,10,15,33,4760,0.018,21.86,0.0044,0.000,5,0.043,0.000,0.182,0.042,2.63,3.61,3.68,0.00,0.000,1.00,1.00,1.00,0.043,0.00214,48.62,0.5208,9.00,71364.2,74197.9,72.701,0.1288,20.292
850000,456,1.591,0.128,11.18,12927,12267,131,0,508,0,231474.9,3451.0,0.005,0.201,0.415,0.379,2275,11.18,2.98,0.00,0.00,0.00,0.00,0.05,0.55,11.14,3.00,0.00,0.00,0.000,0.000,51,0.224,0.228,0.765,0.000,0.007,5489,4919,2,0.544,0.000,0.011,135776,0.118,0.743,0.010,23.15,5027,0,3451.022,0.000,0.000,32915,1.00,17.01,0.000,0.000,0.000,8,12,14,26,5099,0.019,16.73,0.0046,0.000,9,0.039,0.000,0.173,0.011,2.74,3.81,3.69,0.00,0.000,1.00,1.00,1.00,0.039,0.00186,47.27,0.4324,9.28,71273.1,74197.8,76.290,0.0873,23.056
860000,463,1.643,0.179,12.05,15095,14507,89,0,492,0,255886.8,4035.2,0.002,0.184,0.432,0.382,2087,11.90,3.10,0.00,0.00,0.01,0.24,0.03,0.26,11.85,3.05,0.00,0.00,0.001,0.012,64,0.229,0.229,0.769,0.000,0.002,7374,6366,2,0.475,0.058,0.022,111158,0.138,0.952,0.017,25.67,6235,0,4035.211,0.000,0.000,38778,1.00,16.92,0.000,0.000,0.000,8,13,15,36,5509,0.021,14.12,0.0047,0.000,0,0.046,0.000,0.202,0.009,2.69,3.72,3.83,0.00,0.000,1.00,1.00,1.00,0.046,0.00195,65.38,0.4971,7.48,70392.7,74197.7,58.266,0.0937,25.492
870000,429,1.537,0.250,11.96,12605,12152,89,0,398,0,236794.8,3367.8,0.005,0.180,0.474,0.341,2247,11.44,3.17,0.00,0.00,0.03,0.48,0.02,0.14,11.39,3.11,0.00,0.00,0.001,0.020,58,0.177,0.245,0.748,0.000,0.007,5089,3791,2,0.534,0.000,0.019,99143,0.117,1.135,0.024,23.80,5377,0,3367.824,0.000,0.000,23239,1.00,17.13,0.000,0.000,0.000,7,12,15,24,4907,0.019,21.17,0.0048,0.000,4,0.032,0.000,0.157,0.005,2.66,3.73,3.72,0.00,0.000,1.00,1.00,1.00,0.032,0.00195,43.27,0.4195,5.80,69346.3,74197.6,75.204,0.0829,23.609
880000,471,1.534,0.078,12.00,14503,13922,82,0,457,5,257125.0,4930.7,0.004,0.190,0.437,0.369,2066,11.75,2.87,0.00,0.00,0.01,0.19,0.11,0.72,11.63,2.77,0.00,0.00,0.001,0.018,77,0.219,0.244,0.745,0.000,0.011,7119,5728,3,0.497,0.000,0.036,84335,0.134,0.505,0.005,25.42,6254,0,986.138,0.000,0.000,45620,1.00,16.52,0.000,0.000,0.000,8,12,15,25,5536,0.021,20.90,0.0047,0.002,4,0.052,0.000,0.184,0.037,2.84,3.83,3.92,0.00,0.000,1.00,1.00,1.00,0.052,0.00197,55.01,0.6354,8.45,72090.8,74197.6,62.111,0.1421,25.556
890000,505,1.650,0.083,10.83,15534,14903,92,0,505,0,253398.0,4196.7,0.005,0.189,0.443,0.364,2047,11.90,4.41,0.05,0.77,0.08,0.86,0.05,0.32,11.72,4.34,0.00,0.00,0.003,0.035,87,0.111,0.188,0.788,0.010,0.014,7419,5838,3,0.362,0.248,0.026,134234,0.122,0.518,0.005,25.35,6729,0,4196.711,0.000,0.018,60339,1.04,16.38,0.000,0.000,0.000,8,12,15,50,6009,0.023,18.06,0.0043,0.004,92,0.069,0.000,0.199,0.014,2.84,3.85,3.96,0.00,0.000,1.04,1.04,1.04,0.069,0.00175,76.64,0.5179,19.56,71886.5,74197.5,43.387,0.0971,25.233
900000,347,1.593,0.038,12.47,13512,13039,118,0,513,1,216709.4,3935.2,0.012,0.184,0.472,0.332,2275,10.33,3.16,0.01,0.16,0.01,0.11,0.03,0.29,10.28,3.18,0.00,0.00,0.001,0.010,58,0.187,0.239,0.749,0.000,0.012,6224,5051,6,0.398,0.014,0.017,105395,0.128,0.143,0.000,21.65,5989,0,3935.181,0.000,0.000,75349,1.01,17.65,0.000,0.000,0.000,7,10,12,46,3585,0.014,0.88,0.0061,0.000,6,0.099,0.000,0.161,0.028,2.56,3.28,3.91,0.00,0.000,1.01,1.01,1.01,0.099,0.00203,102.66,0.5123,4.73,72956.5,74197.4,38.244,0.1203,21.640
910000,327,1.513,0.043,11.49,11366,10828,131,0,427,10,191808.6,3382.4,0.002,0.187,0.493,0.318,2569,11.39,4.97,0.00,0.00,0.02,0.18,0.03,0.30,11.35,4.97,0.00,0.00,0.001,0.015,60,0.128,0.214,0.774,0.003,0.009,5005,4210,5,0.563,0.000,0.015,145067,0.109,0.154,0.000,19.20,5037,0,338.241,0.000,0.003,67731,1.00,16.70,0.000,0.000,0.000,8,10,14,38,3724,0.014,0.40,0.0052,0.000,5,0.098,0.000,0.157,0.028,2.80,3.40,4.27,0.00,0.000,1.00,1.00,1.00,0.098,0.00193,94.72,0.4426,7.49,72921.1,74197.4,49.122,0.1043,19.091
920000,402,1.583,0.132,12.01,9969,9424,107,0,363,1,178711.2,2784.2,0.001,0.207,0.494,0.298,2802,11.13,2.69,0.00,0.00,0.00,0.00,0.03,0.31,11.10,2.68,0.00,0.00,0.000,0.000,58,0.206,0.274,0.721,0.000,0.005,3808,3331,2,0.590,0.030,0.012,76783,0.120,0.732,0.010,18.01,4126,0,2784.236,0.000,0.000,47783,1.00,16.74,0.000,0.000,0.000,8,11,14,23,4475,0.017,12.63,0.0040,0.000,4,0.069,0.000,0.144,0.018,2.94,3.25,4.39,0.00,0.000,1.00,1.00,1.00,0.069,0.00168,50.52,0.3730,7.15,71316.0,74197.3,82.279,0.0946,17.754
930000,384,1.568,0.094,12.29,12954,12528,66,0,378,0,227022.3,3665.7,0.002,0.222,0.428,0.347,2268,11.78,2.87,0.01,0.25,0.00,0.00,0.09,0.87,11.68,2.81,0.00,0.00,0.000,0.000,64,0.232,0.224,0.766,0.000,0.010,5421,4737,2,0.513,0.039,0.036,148561,0.108,0.494,0.004,22.64,5690,0,3665.720,0.000,0.000,47847,1.01,16.10,0.000,0.000,0.000,8,12,13,35,4524,0.017,18.07,0.0051,0.000,6,0.053,0.000,0.168,0.021,2.81,3.60,4.35,0.00,0.000,1.02,1.02,1.01,0.053,0.00247,46.31,0.4662,10.15,71964.1,74197.2,76.417,0.0993,22.604
940000,354,1.561,0.040,12.09,11234,10864,88,0,312,12,192464.8,2946.1,0.004,0.222,0.410,0.363,2578,10.97,3.21,0.00,0.00,0.00,0.00,0.05,0.64,10.92,3.23,0.00,0.00,0.000,0.000,52,0.110,0.251,0.749,0.000,0.000,4364,3661,3,0.466,0.040,0.006,112917,0.126,0.156,0.000,19.16,4993,0,245.512,0.000,0.000,79714,1.00,16.97,0.000,0.000,0.000,8,11,14,34,3883,0.015,2.28,0.0050,0.006,2,0.099,0.000,0.138,0.019,2.86,3.21,4.30,0.00,0.000,1.00,1.00,1.00,0.099,0.00216,70.86,0.3956,5.49,72908.5,74197.2,71.133,0.1015,19.153
950000,270,1.436,0.040,11.14,9184,8846,94,0,328,0,158446.8,2154.3,0.006,0.218,0.425,0.351,3005,9.60,3.68,0.00,0.00,0.00,0.06,0.01,0.10,9.58,3.68,0.00,0.00,0.000,0.005,46,0.144,0.281,0.711,0.000,0.007,3273,2637,2,0.489,0.307,0.011,41175,0.118,0.137,0.000,15.87,3946,0,2154.292,0.000,0.000,47963,1.00,17.38,0.000,0.000,0.000,7,9,12,52,2591,0.010,0.12,0.0061,0.011,5,0.072,0.000,0.147,0.009,2.51,3.32,4.02,0.00,0.000,1.00,1.00,1.00,0.072,0.00226,72.08,0.2977,7.63,73108.7,74197.2,75.366,0.0820,15.813
960000,212,1.570,0.050,11.28,7650,7298,124,0,286,0,126876.4,1709.0,0.005,0.217,0.423,0.354,3628,9.10,3.41,0.00,0.00,0.00,0.00,0.01,0.14,9.09,3.41,0.00,0.00,0.000,0.000,42,0.217,0.222,0.769,0.000,0.009,2742,2394,4,0.542,0.028,0.005,58035,0.123,0.223,0.001,12.72,3184,0,1709.007,0.000,0.000,37427,1.00,17.83,0.000,0.000,0.000,6,8,12,28,1929,0.007,0.68,0.0066,0.009,9,0.071,0.000,0.137,0.006,2.52,3.43,3.66,0.00,0.000,1.00,1.00,1.00,0.071,0.00226,66.26,0.2535,7.88,73004.2,74197.1,83.778,0.0826,12.625
970000,139,1.662,0.054,10.21,6128,5859,106,0,236,0,88861.8,1441.7,0.003,0.291,0.401,0.305,4848,10.96,7.79,0.00,0.00,0.03,0.34,0.55,3.10,10.39,5.79,0.00,0.00,0.000,0.005,30,0.187,0.324,0.676,0.000,0.000,2866,2721,2,0.453,0.129,0.079,17926,0.119,0.206,0.000,8.90,2432,0,1441.672,0.000,0.000,58343,1.00,16.76,0.007,0.000,0.000,6,10,13,64,1524,0.006,0.78,0.0062,0.000,3,0.111,0.000,0.184,0.035,2.84,3.65,3.96,0.00,0.000,1.00,1.00,1.00,0.111,0.00295,63.88,0.2227,6.48,73050.4,74197.0,89.880,0.0787,8.831
980000,279,1.458,0.053,9.85,8151,7662,67,0,282,0,127454.4,1696.1,0.005,0.270,0.475,0.249,3799,9.15,3.74,0.00,0.00,0.03,0.38,0.03,0.54,9.09,3.13,0.00,0.00,0.001,0.008,38,0.473,0.165,0.832,0.000,0.004,2960,2835,2,0.609,0.000,0.004,16357,0.156,0.180,0.000,12.74,2916,0,1696.096,0.000,0.000,44148,1.00,17.30,0.000,0.000,0.000,8,8,11,53,2552,0.010,0.24,0.0050,0.061,3,0.064,0.000,0.181,0.007,2.60,3.90,3.46,0.00,0.000,1.00,1.00,1.00,0.064,0.00205,49.16,0.2388,7.66,72866.9,74196.9,101.296,0.0691,12.655
990000,221,1.564,0.051,9.97,6942,6623,110,0,267,0,117814.6,1652.3,0.006,0.268,0.444,0.282,3963,9.70,2.75,0.00,0.00,0.01,0.13,0.01,0.09,9.68,2.71,0.00,0.00,0.000,0.005,48,0.167,0.276,0.724,0.000,0.000,2268,2106,3,0.629,0.000,0.009,20278,0.147,0.178,0.000,11.79,2666,0,1652.312,0.000,0.000,41224,1.00,17.38,0.000,0.000,0.000,7,9,12,27,2144,0.008,5.02,0.0055,0.045,0,0.064,0.000,0.131,0.022,2.72,3.45,3.86,0.00,0.000,1.00,1.00,1.00,0.064,0.00234,57.08,0.2463,6.66,72972.9,74196.9,89.547,0.0811,11.721
1000000,367,1.592,0.052,10.08,11450,10747,67,0,490,0,168962.4,2932.8,0.003,0.241,0.460,0.296,3014,10.97,2.92,0.00,0.00,0.01,0.12,0.00,0.00,10.96,2.89,0.00,0.00,0.001,0.007,44,0.455,0.253,0.730,0.000,0.016,5408,5001,2,0.662,0.000,0.000,38327,0.149,0.191,0.000,16.90,4322,0,2932.844,0.000,0.000,65791,1.00,16.34,0.000,0.000,0.000,7,12,13,33,4026,0.015,0.38,0.0042,0.033,3,0.084,0.000,0.220,0.016,2.86,3.96,3.88,0.00,0.000,1.00,1.00,1.00,0.084,0.00184,73.64,0.3804,10.67,72673.3,74196.9,72.517,0.0867,16.784
