step,measure,value,count
50000,hamming,0,177
50000,hamming,1,546
50000,hamming,2,937
50000,hamming,3,1125
50000,hamming,4,1490
50000,hamming,5,1654
50000,hamming,6,1878
50000,hamming,7,2137
50000,hamming,8,2343
50000,hamming,9,2471
50000,hamming,10,2760
50000,hamming,11,3015
50000,hamming,12,3320
50000,hamming,13,3713
50000,hamming,14,3856
50000,hamming,15,4230
50000,hamming,16,4476
50000,hamming,17,5035
50000,hamming,18,5581
50000,hamming,19,5930
50000,hamming,20,6476
50000,hamming,21,6925
50000,hamming,22,7503
50000,hamming,23,8047
50000,hamming,24,8683
50000,hamming,25,9101
50000,hamming,26,9688
50000,hamming,27,10071
50000,hamming,28,10513
50000,hamming,29,11187
50000,hamming,30,11397
50000,hamming,31,11522
50000,hamming,32,11729
50000,hamming,33,11793
50000,hamming,34,11922
50000,hamming,35,12053
50000,hamming,36,12101
50000,hamming,37,12223
50000,hamming,38,12155
50000,hamming,39,11742
50000,hamming,40,11986
50000,hamming,41,12021
50000,hamming,42,12140
50000,hamming,43,11839
50000,hamming,44,11848
50000,hamming,45,11637
50000,hamming,46,11515
50000,hamming,47,11170
50000,hamming,48,11017
50000,hamming,49,10679
50000,hamming,50,10366
50000,hamming,51,9914
50000,hamming,52,9541
50000,hamming,53,9311
50000,hamming,54,8747
50000,hamming,55,8570
50000,hamming,56,8145
50000,hamming,57,7829
50000,hamming,58,7359
50000,hamming,59,6980
50000,hamming,60,6589
50000,hamming,61,6230
50000,hamming,62,6009
50000,hamming,63,5724
50000,hamming,64,5278
50000,hamming,65,5016
50000,hamming,66,4886
50000,hamming,67,4472
50000,hamming,68,4388
50000,hamming,69,4323
50000,hamming,70,4113
50000,hamming,71,4087
50000,hamming,72,3856
50000,hamming,73,3691
50000,hamming,74,3668
50000,hamming,75,3508
50000,hamming,76,3508
50000,hamming,77,3550
50000,hamming,78,3413
50000,hamming,79,3438
50000,hamming,80,3426
50000,hamming,81,3502
50000,hamming,82,3619
50000,hamming,83,3749
50000,hamming,84,3897
50000,hamming,85,3956
50000,hamming,86,3840
50000,hamming,87,3914
50000,hamming,88,3914
50000,hamming,89,3944
50000,hamming,90,3936
50000,hamming,91,3981
50000,hamming,92,3897
50000,hamming,93,3792
50000,hamming,94,3808
50000,hamming,95,3664
50000,hamming,96,3625
50000,hamming,97,3447
50000,hamming,98,3342
50000,hamming,99,3263
50000,hamming,100,3212
50000,hamming,101,3275
50000,hamming,102,3187
50000,hamming,103,3104
50000,hamming,104,2951
50000,hamming,105,2936
50000,hamming,106,2797
50000,hamming,107,2531
50000,hamming,108,2421
50000,hamming,109,2320
50000,hamming,110,2268
50000,hamming,111,2235
50000,hamming,112,2185
50000,hamming,113,2153
50000,hamming,114,2032
50000,hamming,115,2010
50000,hamming,116,2073
50000,hamming,117,1984
50000,hamming,118,2010
50000,hamming,119,2017
50000,hamming,120,2023
50000,hamming,121,2029
50000,hamming,122,2213
50000,hamming,123,2234
50000,hamming,124,2353
50000,hamming,125,2465
50000,hamming,126,2565
50000,hamming,127,2674
50000,hamming,128,2955
50000,hamming,129,3240
50000,hamming,130,3598
50000,hamming,131,3869
50000,hamming,132,3999
50000,hamming,133,4308
50000,hamming,134,4529
50000,hamming,135,4478
50000,hamming,136,4700
50000,hamming,137,5027
50000,hamming,138,5160
50000,hamming,139,5337
50000,hamming,140,5616
50000,hamming,141,5899
50000,hamming,142,6072
50000,hamming,143,6234
50000,hamming,144,6320
50000,hamming,145,6797
50000,hamming,146,6704
50000,hamming,147,6756
50000,hamming,148,6660
50000,hamming,149,7014
50000,hamming,150,6893
50000,hamming,151,6997
50000,hamming,152,6984
50000,hamming,153,6852
50000,hamming,154,7000
50000,hamming,155,6790
50000,hamming,156,6471
50000,hamming,157,6152
50000,hamming,158,5970
50000,hamming,159,5693
50000,hamming,160,5593
50000,hamming,161,5273
50000,hamming,162,5038
50000,hamming,163,5125
50000,hamming,164,5167
50000,hamming,165,5244
50000,hamming,166,4922
50000,hamming,167,4874
50000,hamming,168,4548
50000,hamming,169,4191
50000,hamming,170,3848
50000,hamming,171,3393
50000,hamming,172,2907
50000,hamming,173,2495
50000,hamming,174,2155
50000,hamming,175,1860
50000,hamming,176,1549
50000,hamming,177,1299
50000,hamming,178,1049
50000,hamming,179,890
50000,hamming,180,792
50000,hamming,181,728
50000,hamming,182,587
50000,hamming,183,489
50000,hamming,184,344
50000,hamming,185,263
50000,hamming,186,184
50000,hamming,187,125
50000,hamming,188,92
50000,hamming,189,59
50000,hamming,190,35
50000,hamming,191,18
50000,hamming,192,15
50000,hamming,193,4
50000,hamming,194,3
50000,hamming,195,1
50000,hamming,211,2
50000,hamming,212,3
50000,hamming,213,5
50000,hamming,214,4
50000,hamming,215,5
50000,hamming,216,9
50000,hamming,217,19
50000,hamming,218,34
50000,hamming,219,57
50000,hamming,220,76
50000,hamming,221,99
50000,hamming,222,135
50000,hamming,223,177
50000,hamming,224,240
50000,hamming,225,306
50000,hamming,226,378
50000,hamming,227,479
50000,hamming,228,529
50000,hamming,229,643
50000,hamming,230,753
50000,hamming,231,680
50000,hamming,232,770
50000,hamming,233,820
50000,hamming,234,783
50000,hamming,235,871
50000,hamming,236,933
50000,hamming,237,1134
50000,hamming,238,1398
50000,hamming,239,1770
50000,hamming,240,2054
50000,hamming,241,2561
50000,hamming,242,3149
50000,hamming,243,3881
50000,hamming,244,4620
50000,hamming,245,5582
50000,hamming,246,6708
50000,hamming,247,7793
50000,hamming,248,8668
50000,hamming,249,9619
50000,hamming,250,10353
50000,hamming,251,11560
50000,hamming,252,12804
50000,hamming,253,14363
50000,hamming,254,15715
50000,hamming,255,16561
50000,hamming,256,16730
50000,hamming,257,16668
50000,hamming,258,16300
50000,hamming,259,16655
50000,hamming,260,16827
50000,hamming,261,16792
50000,hamming,262,16124
50000,hamming,263,15915
50000,hamming,264,15338
50000,hamming,265,14261
50000,hamming,266,13759
50000,hamming,267,12773
50000,hamming,268,12211
50000,hamming,269,11355
50000,hamming,270,10323
50000,hamming,271,9026
50000,hamming,272,7654
50000,hamming,273,6280
50000,hamming,274,5125
50000,hamming,275,4170
50000,hamming,276,3207
50000,hamming,277,2510
50000,hamming,278,1849
50000,hamming,279,1476
50000,hamming,280,1157
50000,hamming,281,873
50000,hamming,282,618
50000,hamming,283,416
50000,hamming,284,314
50000,hamming,285,278
50000,hamming,286,303
50000,hamming,287,470
50000,hamming,288,615
50000,hamming,289,820
50000,hamming,290,1083
50000,hamming,291,1302
50000,hamming,292,1470
50000,hamming,293,1763
50000,hamming,294,2238
50000,hamming,295,2604
50000,hamming,296,2973
50000,hamming,297,3580
50000,hamming,298,4413
50000,hamming,299,5173
50000,hamming,300,5754
50000,hamming,301,6603
50000,hamming,302,7482
50000,hamming,303,8658
50000,hamming,304,10134
50000,hamming,305,11980
50000,hamming,306,13978
50000,hamming,307,16286
50000,hamming,308,19332
50000,hamming,309,22978
50000,hamming,310,27358
50000,hamming,311,33035
50000,hamming,312,37500
50000,hamming,313,42565
50000,hamming,314,47576
50000,hamming,315,51770
50000,hamming,316,55184
50000,hamming,317,57403
50000,hamming,318,59474
50000,hamming,319,60615
50000,hamming,320,61756
50000,hamming,321,60029
50000,hamming,322,58389
50000,hamming,323,55631
50000,hamming,324,51511
50000,hamming,325,47897
50000,hamming,326,43474
50000,hamming,327,39186
50000,hamming,328,35031
50000,hamming,329,31135
50000,hamming,330,28387
50000,hamming,331,26052
50000,hamming,332,24079
50000,hamming,333,21405
50000,hamming,334,18489
50000,hamming,335,15938
50000,hamming,336,14122
50000,hamming,337,12133
50000,hamming,338,10213
50000,hamming,339,8640
50000,hamming,340,7479
50000,hamming,341,6507
50000,hamming,342,5785
50000,hamming,343,5277
50000,hamming,344,4920
50000,hamming,345,4139
50000,hamming,346,3403
50000,hamming,347,2702
50000,hamming,348,1819
50000,hamming,349,1169
50000,hamming,350,811
50000,hamming,351,536
50000,hamming,352,277
50000,hamming,353,115
50000,hamming,354,52
50000,hamming,355,34
50000,hamming,356,16
50000,hamming,358,2
50000,hamming,359,2
50000,hamming,360,2
50000,genes,0,3646
50000,genes,1,2425
50000,genes,2,4580
50000,genes,3,3772
50000,genes,4,5941
50000,genes,5,6605
50000,genes,6,8102
50000,genes,7,9063
50000,genes,8,11107
50000,genes,9,13584
50000,genes,10,18865
50000,genes,11,21392
50000,genes,12,27537
50000,genes,13,31542
50000,genes,14,38394
50000,genes,15,44336
50000,genes,16,46947
50000,genes,17,51028
50000,genes,18,52571
50000,genes,19,52645
50000,genes,20,56935
50000,genes,21,62463
50000,genes,22,71700
50000,genes,23,82587
50000,genes,24,89666
50000,genes,25,89474
50000,genes,26,78864
50000,genes,27,69756
50000,genes,28,61317
50000,genes,29,47397
50000,genes,30,32816
50000,genes,31,20958
50000,genes,32,15693
50000,genes,33,13617
50000,genes,34,13317
50000,genes,35,13482
50000,genes,36,16341
50000,genes,37,20344
50000,genes,38,27368
50000,genes,39,38477
50000,genes,40,56676
50000,genes,41,82589
50000,genes,42,110338
50000,genes,43,140667
50000,genes,44,163846
50000,genes,45,174555
50000,genes,46,177529
50000,genes,47,157514
50000,genes,48,113851
50000,genes,49,76044
50000,genes,50,40190
50000,genes,51,18818
50000,genes,52,8542
50000,genes,53,3284
50000,genes,54,1765
50000,genes,55,604
50000,genes,56,254
50000,genes,57,143
50000,genes,58,60
50000,genes,59,36
50000,genes,60,11
50000,genes,61,4
50000,genes,62,1
50000,body,0,8864
50000,body,1,10125
50000,body,2,20209
50000,body,3,25488
50000,body,4,39690
50000,body,5,48148
50000,body,6,61455
50000,body,7,74220
50000,body,8,87177
50000,body,9,99494
50000,body,10,113546
50000,body,11,121403
50000,body,12,133852
50000,body,13,149363
50000,body,14,172573
50000,body,15,189614
50000,body,16,192094
50000,body,17,105395
50000,body,18,97651
50000,body,19,99998
50000,body,20,100008
50000,body,21,95889
50000,body,22,90981
50000,body,23,93432
50000,body,24,108526
50000,body,25,53285
50000,body,26,26123
50000,body,27,28062
50000,body,28,23029
50000,body,29,24049
50000,body,30,22716
50000,body,31,21339
50000,body,32,23130
50000,body,33,23843
50000,body,34,27721
50000,body,35,31919
50000,body,36,15072
50000,body,37,2969
50000,body,38,2690
50000,body,39,2632
50000,body,40,3189
50000,body,41,2804
50000,body,42,2934
50000,body,43,3733
50000,body,44,2568
50000,body,45,2270
50000,body,46,2526
50000,body,47,4541
50000,body,48,4080
50000,body,49,2526
50000,body,50,497
50000,body,51,734
50000,body,52,234
50000,body,53,197
50000,body,54,262
50000,body,55,302
50000,body,56,301
50000,body,57,255
50000,body,58,266
50000,body,59,255
50000,body,60,253
50000,body,61,327
50000,body,62,382
50000,body,63,688
50000,body,64,76
50000,body,65,1
100000,hamming,0,234
100000,hamming,1,564
100000,hamming,2,843
100000,hamming,3,1093
100000,hamming,4,1408
100000,hamming,5,1523
100000,hamming,6,1814
100000,hamming,7,2094
100000,hamming,8,2383
100000,hamming,9,2811
100000,hamming,10,3082
100000,hamming,11,3623
100000,hamming,12,4113
100000,hamming,13,4703
100000,hamming,14,4871
100000,hamming,15,5242
100000,hamming,16,5761
100000,hamming,17,6060
100000,hamming,18,6075
100000,hamming,19,6399
100000,hamming,20,6283
100000,hamming,21,6377
100000,hamming,22,6333
100000,hamming,23,6240
100000,hamming,24,6194
100000,hamming,25,6040
100000,hamming,26,5910
100000,hamming,27,5824
100000,hamming,28,5739
100000,hamming,29,5621
100000,hamming,30,5462
100000,hamming,31,5353
100000,hamming,32,5121
100000,hamming,33,5166
100000,hamming,34,5216
100000,hamming,35,5196
100000,hamming,36,5353
100000,hamming,37,5359
100000,hamming,38,5603
100000,hamming,39,5477
100000,hamming,40,5402
100000,hamming,41,5357
100000,hamming,42,5327
100000,hamming,43,5278
100000,hamming,44,5404
100000,hamming,45,5293
100000,hamming,46,5275
100000,hamming,47,5606
100000,hamming,48,5595
100000,hamming,49,5602
100000,hamming,50,5791
100000,hamming,51,5931
100000,hamming,52,6086
100000,hamming,53,6135
100000,hamming,54,6448
100000,hamming,55,6513
100000,hamming,56,6680
100000,hamming,57,6782
100000,hamming,58,6860
100000,hamming,59,7191
100000,hamming,60,7230
100000,hamming,61,7703
100000,hamming,62,7680
100000,hamming,63,8001
100000,hamming,64,7790
100000,hamming,65,7554
100000,hamming,66,7577
100000,hamming,67,7244
100000,hamming,68,7022
100000,hamming,69,6591
100000,hamming,70,5920
100000,hamming,71,5768
100000,hamming,72,5233
100000,hamming,73,4896
100000,hamming,74,4418
100000,hamming,75,4166
100000,hamming,76,3755
100000,hamming,77,3434
100000,hamming,78,3251
100000,hamming,79,3062
100000,hamming,80,2780
100000,hamming,81,2704
100000,hamming,82,2520
100000,hamming,83,2584
100000,hamming,84,2507
100000,hamming,85,2634
100000,hamming,86,2639
100000,hamming,87,2693
100000,hamming,88,2771
100000,hamming,89,2832
100000,hamming,90,3030
100000,hamming,91,3318
100000,hamming,92,3590
100000,hamming,93,3982
100000,hamming,94,4168
100000,hamming,95,4333
100000,hamming,96,4583
100000,hamming,97,4833
100000,hamming,98,5165
100000,hamming,99,5392
100000,hamming,100,6133
100000,hamming,101,6423
100000,hamming,102,6656
100000,hamming,103,7117
100000,hamming,104,7310
100000,hamming,105,7799
100000,hamming,106,8263
100000,hamming,107,9216
100000,hamming,108,9783
100000,hamming,109,10526
100000,hamming,110,11034
100000,hamming,111,11698
100000,hamming,112,12808
100000,hamming,113,13506
100000,hamming,114,14460
100000,hamming,115,15242
100000,hamming,116,16104
100000,hamming,117,16613
100000,hamming,118,16579
100000,hamming,119,17066
100000,hamming,120,16655
100000,hamming,121,16527
100000,hamming,122,15909
100000,hamming,123,15124
100000,hamming,124,14197
100000,hamming,125,12868
100000,hamming,126,11967
100000,hamming,127,10434
100000,hamming,128,9411
100000,hamming,129,8338
100000,hamming,130,7257
100000,hamming,131,6409
100000,hamming,132,5584
100000,hamming,133,4640
100000,hamming,134,3945
100000,hamming,135,3208
100000,hamming,136,2697
100000,hamming,137,2012
100000,hamming,138,1661
100000,hamming,139,1348
100000,hamming,140,1109
100000,hamming,141,813
100000,hamming,142,655
100000,hamming,143,484
100000,hamming,144,406
100000,hamming,145,297
100000,hamming,146,261
100000,hamming,147,190
100000,hamming,148,211
100000,hamming,149,223
100000,hamming,150,199
100000,hamming,151,234
100000,hamming,152,252
100000,hamming,153,256
100000,hamming,154,342
100000,hamming,155,351
100000,hamming,156,512
100000,hamming,157,576
100000,hamming,158,707
100000,hamming,159,852
100000,hamming,160,967
100000,hamming,161,1065
100000,hamming,162,1158
100000,hamming,163,1315
100000,hamming,164,1418
100000,hamming,165,1476
100000,hamming,166,1518
100000,hamming,167,1537
100000,hamming,168,1544
100000,hamming,169,1499
100000,hamming,170,1372
100000,hamming,171,1254
100000,hamming,172,1236
100000,hamming,173,1127
100000,hamming,174,1041
100000,hamming,175,995
100000,hamming,176,955
100000,hamming,177,886
100000,hamming,178,819
100000,hamming,179,771
100000,hamming,180,687
100000,hamming,181,613
100000,hamming,182,511
100000,hamming,183,476
100000,hamming,184,376
100000,hamming,185,344
100000,hamming,186,265
100000,hamming,187,207
100000,hamming,188,176
100000,hamming,189,107
100000,hamming,190,79
100000,hamming,191,56
100000,hamming,192,48
100000,hamming,193,22
100000,hamming,194,26
100000,hamming,195,15
100000,hamming,196,10
100000,hamming,197,5
100000,hamming,198,12
100000,hamming,199,27
100000,hamming,200,22
100000,hamming,201,27
100000,hamming,202,73
100000,hamming,203,76
100000,hamming,204,115
100000,hamming,205,177
100000,hamming,206,226
100000,hamming,207,323
100000,hamming,208,424
100000,hamming,209,549
100000,hamming,210,675
100000,hamming,211,763
100000,hamming,212,906
100000,hamming,213,1034
100000,hamming,214,1186
100000,hamming,215,1366
100000,hamming,216,1449
100000,hamming,217,1599
100000,hamming,218,1803
100000,hamming,219,1909
100000,hamming,220,2113
100000,hamming,221,2344
100000,hamming,222,2501
100000,hamming,223,2425
100000,hamming,224,2503
100000,hamming,225,2546
100000,hamming,226,2580
100000,hamming,227,2940
100000,hamming,228,3339
100000,hamming,229,3635
100000,hamming,230,4013
100000,hamming,231,4248
100000,hamming,232,4855
100000,hamming,233,5114
100000,hamming,234,5581
100000,hamming,235,5926
100000,hamming,236,6488
100000,hamming,237,6922
100000,hamming,238,7120
100000,hamming,239,6840
100000,hamming,240,6765
100000,hamming,241,6500
100000,hamming,242,6156
100000,hamming,243,5457
100000,hamming,244,4999
100000,hamming,245,4368
100000,hamming,246,3820
100000,hamming,247,3219
100000,hamming,248,2630
100000,hamming,249,2224
100000,hamming,250,1689
100000,hamming,251,1302
100000,hamming,252,990
100000,hamming,253,711
100000,hamming,254,477
100000,hamming,255,358
100000,hamming,256,252
100000,hamming,257,172
100000,hamming,258,109
100000,hamming,259,76
100000,hamming,260,42
100000,hamming,261,22
100000,hamming,262,14
100000,hamming,263,6
100000,hamming,264,1
100000,hamming,265,2
100000,hamming,335,2
100000,hamming,336,9
100000,hamming,337,59
100000,hamming,338,139
100000,hamming,339,405
100000,hamming,340,871
100000,hamming,341,1255
100000,hamming,342,2079
100000,hamming,343,3629
100000,hamming,344,5959
100000,hamming,345,8932
100000,hamming,346,12610
100000,hamming,347,17661
100000,hamming,348,22687
100000,hamming,349,29949
100000,hamming,350,36879
100000,hamming,351,44005
100000,hamming,352,51118
100000,hamming,353,56554
100000,hamming,354,61776
100000,hamming,355,66493
100000,hamming,356,68472
100000,hamming,357,67855
100000,hamming,358,63180
100000,hamming,359,57575
100000,hamming,360,50990
100000,hamming,361,44163
100000,hamming,362,37678
100000,hamming,363,32022
100000,hamming,364,25913
100000,hamming,365,20230
100000,hamming,366,16733
100000,hamming,367,13394
100000,hamming,368,10473
100000,hamming,369,7958
100000,hamming,370,6237
100000,hamming,371,4734
100000,hamming,372,3497
100000,hamming,373,2611
100000,hamming,374,1900
100000,hamming,375,1301
100000,hamming,376,1036
100000,hamming,377,756
100000,hamming,378,501
100000,hamming,379,457
100000,hamming,380,390
100000,hamming,381,278
100000,hamming,382,199
100000,hamming,383,135
100000,hamming,384,121
100000,hamming,385,86
100000,hamming,386,58
100000,hamming,387,35
100000,hamming,388,16
100000,hamming,389,11
100000,hamming,390,8
100000,hamming,391,5
100000,hamming,392,1
100000,genes,0,4268
100000,genes,1,2108
100000,genes,2,5578
100000,genes,3,5162
100000,genes,4,8091
100000,genes,5,9047
100000,genes,6,11089
100000,genes,7,12509
100000,genes,8,13953
100000,genes,9,15191
100000,genes,10,17135
100000,genes,11,20534
100000,genes,12,22317
100000,genes,13,28270
100000,genes,14,33819
100000,genes,15,38834
100000,genes,16,42735
100000,genes,17,47791
100000,genes,18,45004
100000,genes,19,43159
100000,genes,20,40371
100000,genes,21,32511
100000,genes,22,27479
100000,genes,23,22017
100000,genes,24,21275
100000,genes,25,19251
100000,genes,26,18461
100000,genes,27,17511
100000,genes,28,16132
100000,genes,29,16566
100000,genes,30,14068
100000,genes,31,13073
100000,genes,32,10418
100000,genes,33,10359
100000,genes,34,8551
100000,genes,35,8747
100000,genes,36,9950
100000,genes,37,14875
100000,genes,38,14566
100000,genes,39,17791
100000,genes,40,26626
100000,genes,41,38383
100000,genes,42,50733
100000,genes,43,78308
100000,genes,44,127106
100000,genes,45,180949
100000,genes,46,200646
100000,genes,47,183986
100000,genes,48,147164
100000,genes,49,99914
100000,genes,50,58328
100000,genes,51,29220
100000,genes,52,14303
100000,genes,53,7173
100000,genes,54,3124
100000,genes,55,1862
100000,genes,56,1140
100000,genes,57,621
100000,genes,58,416
100000,genes,59,236
100000,genes,60,129
100000,genes,61,77
100000,genes,62,77
100000,genes,63,18
100000,genes,64,13
100000,genes,65,2
100000,body,0,27921
100000,body,1,60400
100000,body,2,82250
100000,body,3,88227
100000,body,4,82166
100000,body,5,74854
100000,body,6,72280
100000,body,7,69852
100000,body,8,81984
100000,body,9,95315
100000,body,10,110035
100000,body,11,114675
100000,body,12,118957
100000,body,13,115500
100000,body,14,124368
100000,body,15,129745
100000,body,16,131584
100000,body,17,56841
100000,body,18,56192
100000,body,19,58836
100000,body,20,61976
100000,body,21,53880
100000,body,22,35171
100000,body,23,31481
100000,body,24,30741
100000,body,25,19862
100000,body,26,5876
100000,body,27,3566
100000,body,28,5080
100000,body,29,3812
100000,body,30,4658
100000,body,31,4206
100000,body,32,4146
100000,body,33,5213
100000,body,34,2834
100000,body,35,2426
100000,body,36,581
100000,body,37,185
100000,body,38,269
100000,body,39,207
100000,body,40,243
100000,body,41,294
100000,body,42,308
100000,body,43,424
100000,body,44,550
100000,body,45,444
100000,body,46,265
100000,body,47,220
100000,body,48,182
100000,body,49,36
100000,body,55,2
150000,hamming,0,225
150000,hamming,1,583
150000,hamming,2,749
150000,hamming,3,965
150000,hamming,4,997
150000,hamming,5,1084
150000,hamming,6,1098
150000,hamming,7,1199
150000,hamming,8,1239
150000,hamming,9,1396
150000,hamming,10,1535
150000,hamming,11,1633
150000,hamming,12,1753
150000,hamming,13,1925
150000,hamming,14,2111
150000,hamming,15,2229
150000,hamming,16,2394
150000,hamming,17,2577
150000,hamming,18,2717
150000,hamming,19,2774
150000,hamming,20,2649
150000,hamming,21,2637
150000,hamming,22,2732
150000,hamming,23,2670
150000,hamming,24,2576
150000,hamming,25,2594
150000,hamming,26,2685
150000,hamming,27,2781
150000,hamming,28,3010
150000,hamming,29,3213
150000,hamming,30,3451
150000,hamming,31,3777
150000,hamming,32,4168
150000,hamming,33,4415
150000,hamming,34,4590
150000,hamming,35,4668
150000,hamming,36,5301
150000,hamming,37,5674
150000,hamming,38,6010
150000,hamming,39,6313
150000,hamming,40,6474
150000,hamming,41,6798
150000,hamming,42,6882
150000,hamming,43,6985
150000,hamming,44,7103
150000,hamming,45,7498
150000,hamming,46,7672
150000,hamming,47,7719
150000,hamming,48,7950
150000,hamming,49,8135
150000,hamming,50,8188
150000,hamming,51,8313
150000,hamming,52,8419
150000,hamming,53,8309
150000,hamming,54,8570
150000,hamming,55,8676
150000,hamming,56,8585
150000,hamming,57,8559
150000,hamming,58,8529
150000,hamming,59,8534
150000,hamming,60,8468
150000,hamming,61,8403
150000,hamming,62,8364
150000,hamming,63,8273
150000,hamming,64,8385
150000,hamming,65,8365
150000,hamming,66,8219
150000,hamming,67,8153
150000,hamming,68,8582
150000,hamming,69,8662
150000,hamming,70,9154
150000,hamming,71,9829
150000,hamming,72,10717
150000,hamming,73,11285
150000,hamming,74,12226
150000,hamming,75,12665
150000,hamming,76,13178
150000,hamming,77,13627
150000,hamming,78,14104
150000,hamming,79,14290
150000,hamming,80,14531
150000,hamming,81,14609
150000,hamming,82,14093
150000,hamming,83,14005
150000,hamming,84,13979
150000,hamming,85,13548
150000,hamming,86,13015
150000,hamming,87,12144
150000,hamming,88,10838
150000,hamming,89,9822
150000,hamming,90,9148
150000,hamming,91,8357
150000,hamming,92,7775
150000,hamming,93,6947
150000,hamming,94,6049
150000,hamming,95,5325
150000,hamming,96,4458
150000,hamming,97,4083
150000,hamming,98,3819
150000,hamming,99,3454
150000,hamming,100,3253
150000,hamming,101,3294
150000,hamming,102,3477
150000,hamming,103,4049
150000,hamming,104,4644
150000,hamming,105,5452
150000,hamming,106,6311
150000,hamming,107,7112
150000,hamming,108,7707
150000,hamming,109,8224
150000,hamming,110,8613
150000,hamming,111,9039
150000,hamming,112,9400
150000,hamming,113,9753
150000,hamming,114,10286
150000,hamming,115,11029
150000,hamming,116,11966
150000,hamming,117,12726
150000,hamming,118,13501
150000,hamming,119,14406
150000,hamming,120,14838
150000,hamming,121,15382
150000,hamming,122,15410
150000,hamming,123,15156
150000,hamming,124,14444
150000,hamming,125,13690
150000,hamming,126,13036
150000,hamming,127,12650
150000,hamming,128,11858
150000,hamming,129,11426
150000,hamming,130,10866
150000,hamming,131,10383
150000,hamming,132,10154
150000,hamming,133,9677
150000,hamming,134,9322
150000,hamming,135,9054
150000,hamming,136,8742
150000,hamming,137,8365
150000,hamming,138,8232
150000,hamming,139,8125
150000,hamming,140,7882
150000,hamming,141,7524
150000,hamming,142,7606
150000,hamming,143,7047
150000,hamming,144,6334
150000,hamming,145,6048
150000,hamming,146,5489
150000,hamming,147,5043
150000,hamming,148,4594
150000,hamming,149,4343
150000,hamming,150,4457
150000,hamming,151,4601
150000,hamming,152,4989
150000,hamming,153,5344
150000,hamming,154,5357
150000,hamming,155,5557
150000,hamming,156,5106
150000,hamming,157,4927
150000,hamming,158,4570
150000,hamming,159,4097
150000,hamming,160,3324
150000,hamming,161,2710
150000,hamming,162,2009
150000,hamming,163,1522
150000,hamming,164,1091
150000,hamming,165,777
150000,hamming,166,572
150000,hamming,167,451
150000,hamming,168,319
150000,hamming,169,280
150000,hamming,170,256
150000,hamming,171,196
150000,hamming,172,158
150000,hamming,173,114
150000,hamming,174,101
150000,hamming,175,87
150000,hamming,176,90
150000,hamming,177,89
150000,hamming,178,67
150000,hamming,179,62
150000,hamming,180,30
150000,hamming,181,27
150000,hamming,182,27
150000,hamming,183,15
150000,hamming,184,15
150000,hamming,185,7
150000,hamming,186,1
150000,hamming,187,2
150000,hamming,194,1
150000,hamming,196,1
150000,hamming,198,5
150000,hamming,199,1
150000,hamming,200,1
150000,hamming,201,2
150000,hamming,202,2
150000,hamming,203,1
150000,hamming,204,2
150000,hamming,205,1
150000,hamming,206,1
150000,hamming,207,2
150000,hamming,208,2
150000,hamming,209,4
150000,hamming,210,5
150000,hamming,211,2
150000,hamming,212,1
150000,hamming,213,1
150000,hamming,214,5
150000,hamming,215,13
150000,hamming,216,7
150000,hamming,217,12
150000,hamming,218,14
150000,hamming,219,21
150000,hamming,220,26
150000,hamming,221,24
150000,hamming,222,34
150000,hamming,223,30
150000,hamming,224,19
150000,hamming,225,26
150000,hamming,226,34
150000,hamming,227,29
150000,hamming,228,17
150000,hamming,229,17
150000,hamming,230,5
150000,hamming,231,6
150000,hamming,232,5
150000,hamming,233,7
150000,hamming,234,6
150000,hamming,235,4
150000,hamming,236,3
150000,hamming,237,1
150000,hamming,238,1
150000,hamming,239,1
150000,hamming,240,2
150000,hamming,328,3
150000,hamming,329,9
150000,hamming,330,14
150000,hamming,331,34
150000,hamming,332,75
150000,hamming,333,220
150000,hamming,334,424
150000,hamming,335,777
150000,hamming,336,1185
150000,hamming,337,1574
150000,hamming,338,1915
150000,hamming,339,2430
150000,hamming,340,2916
150000,hamming,341,3878
150000,hamming,342,5105
150000,hamming,343,6974
150000,hamming,344,8928
150000,hamming,345,11456
150000,hamming,346,14245
150000,hamming,347,16838
150000,hamming,348,19764
150000,hamming,349,23081
150000,hamming,350,26401
150000,hamming,351,29491
150000,hamming,352,31373
150000,hamming,353,33279
150000,hamming,354,33757
150000,hamming,355,33236
150000,hamming,356,32082
150000,hamming,357,30497
150000,hamming,358,28523
150000,hamming,359,27184
150000,hamming,360,25122
150000,hamming,361,23292
150000,hamming,362,21482
150000,hamming,363,19754
150000,hamming,364,17541
150000,hamming,365,15425
150000,hamming,366,12985
150000,hamming,367,10494
150000,hamming,368,8171
150000,hamming,369,6278
150000,hamming,370,4633
150000,hamming,371,2983
150000,hamming,372,1975
150000,hamming,373,1182
150000,hamming,374,744
150000,hamming,375,403
150000,hamming,376,241
150000,hamming,377,122
150000,hamming,378,64
150000,hamming,379,38
150000,hamming,380,14
150000,hamming,381,4
150000,genes,0,2812
150000,genes,1,1136
150000,genes,2,2520
150000,genes,3,3782
150000,genes,4,4962
150000,genes,5,5034
150000,genes,6,6523
150000,genes,7,7196
150000,genes,8,8203
150000,genes,9,9516
150000,genes,10,11365
150000,genes,11,13774
150000,genes,12,16404
150000,genes,13,18950
150000,genes,14,20262
150000,genes,15,22141
150000,genes,16,24417
150000,genes,17,26383
150000,genes,18,29035
150000,genes,19,31839
150000,genes,20,35460
150000,genes,21,40678
150000,genes,22,41773
150000,genes,23,43264
150000,genes,24,43915
150000,genes,25,45978
150000,genes,26,43678
150000,genes,27,44273
150000,genes,28,44885
150000,genes,29,45234
150000,genes,30,46422
150000,genes,31,46817
150000,genes,32,46231
150000,genes,33,43511
150000,genes,34,42188
150000,genes,35,39549
150000,genes,36,35431
150000,genes,37,31903
150000,genes,38,27709
150000,genes,39,23305
150000,genes,40,20515
150000,genes,41,17046
150000,genes,42,15710
150000,genes,43,13844
150000,genes,44,15654
150000,genes,45,19103
150000,genes,46,27085
150000,genes,47,40905
150000,genes,48,59945
150000,genes,49,79708
150000,genes,50,102428
150000,genes,51,108900
150000,genes,52,90400
150000,genes,53,55544
150000,genes,54,24877
150000,genes,55,7714
150000,genes,56,1812
150000,genes,57,727
150000,genes,58,464
150000,genes,59,328
150000,genes,60,128
150000,genes,61,22
150000,genes,62,2
150000,genes,63,4
150000,genes,64,2
150000,genes,65,3
150000,body,0,44996
150000,body,1,99112
150000,body,2,102388
150000,body,3,84148
150000,body,4,70144
150000,body,5,64918
150000,body,6,67885
150000,body,7,75100
150000,body,8,81026
150000,body,9,78291
150000,body,10,87617
150000,body,11,88750
150000,body,12,104872
150000,body,13,112922
150000,body,14,123105
150000,body,15,102808
150000,body,16,82543
150000,body,17,45431
150000,body,18,34358
150000,body,19,35325
150000,body,20,34913
150000,body,21,28358
150000,body,22,23807
150000,body,23,22118
150000,body,24,23877
150000,body,25,16029
150000,body,26,4321
150000,body,27,2711
150000,body,28,3522
150000,body,29,3555
150000,body,30,4880
150000,body,31,3207
150000,body,32,3685
150000,body,33,2875
150000,body,34,1779
150000,body,35,2371
150000,body,36,1152
150000,body,37,430
150000,body,38,603
150000,body,39,1377
150000,body,40,423
150000,body,41,667
150000,body,42,783
150000,body,43,1543
150000,body,44,1667
150000,body,45,1596
150000,body,46,1026
150000,body,47,579
150000,body,48,1019
150000,body,49,711
150000,body,51,1
150000,body,52,1
150000,body,53,1
150000,body,55,2
200000,hamming,0,225
200000,hamming,1,514
200000,hamming,2,785
200000,hamming,3,989
200000,hamming,4,1094
200000,hamming,5,1267
200000,hamming,6,1258
200000,hamming,7,1433
200000,hamming,8,1458
200000,hamming,9,1555
200000,hamming,10,1529
200000,hamming,11,1559
200000,hamming,12,1602
200000,hamming,13,1715
200000,hamming,14,1804
200000,hamming,15,1930
200000,hamming,16,2092
200000,hamming,17,2212
200000,hamming,18,2414
200000,hamming,19,2648
200000,hamming,20,2929
200000,hamming,21,3209
200000,hamming,22,3457
200000,hamming,23,3517
200000,hamming,24,3649
200000,hamming,25,3854
200000,hamming,26,3919
200000,hamming,27,4060
200000,hamming,28,3922
200000,hamming,29,4120
200000,hamming,30,4229
200000,hamming,31,4057
200000,hamming,32,4150
200000,hamming,33,4087
200000,hamming,34,4192
200000,hamming,35,4301
200000,hamming,36,4150
200000,hamming,37,4237
200000,hamming,38,4386
200000,hamming,39,4518
200000,hamming,40,4775
200000,hamming,41,5061
200000,hamming,42,5367
200000,hamming,43,5627
200000,hamming,44,5989
200000,hamming,45,6345
200000,hamming,46,6522
200000,hamming,47,6872
200000,hamming,48,7235
200000,hamming,49,7637
200000,hamming,50,8207
200000,hamming,51,8741
200000,hamming,52,9307
200000,hamming,53,10009
200000,hamming,54,10442
200000,hamming,55,10784
200000,hamming,56,11107
200000,hamming,57,11031
200000,hamming,58,10822
200000,hamming,59,10727
200000,hamming,60,10187
200000,hamming,61,9775
200000,hamming,62,8934
200000,hamming,63,8273
200000,hamming,64,7955
200000,hamming,65,7486
200000,hamming,66,7405
200000,hamming,67,7411
200000,hamming,68,7313
200000,hamming,69,7410
200000,hamming,70,7753
200000,hamming,71,8108
200000,hamming,72,8470
200000,hamming,73,9295
200000,hamming,74,9894
200000,hamming,75,10819
200000,hamming,76,11511
200000,hamming,77,12329
200000,hamming,78,13140
200000,hamming,79,14232
200000,hamming,80,14860
200000,hamming,81,15229
200000,hamming,82,15509
200000,hamming,83,15245
200000,hamming,84,15057
200000,hamming,85,14695
200000,hamming,86,14241
200000,hamming,87,13524
200000,hamming,88,12937
200000,hamming,89,12345
200000,hamming,90,11516
200000,hamming,91,10839
200000,hamming,92,9831
200000,hamming,93,8714
200000,hamming,94,7726
200000,hamming,95,6942
200000,hamming,96,6226
200000,hamming,97,5766
200000,hamming,98,5159
200000,hamming,99,4426
200000,hamming,100,3794
200000,hamming,101,3261
200000,hamming,102,2677
200000,hamming,103,2172
200000,hamming,104,1844
200000,hamming,105,1539
200000,hamming,106,1161
200000,hamming,107,962
200000,hamming,108,733
200000,hamming,109,513
200000,hamming,110,425
200000,hamming,111,345
200000,hamming,112,253
200000,hamming,113,225
200000,hamming,114,153
200000,hamming,115,123
200000,hamming,116,100
200000,hamming,117,91
200000,hamming,118,84
200000,hamming,119,76
200000,hamming,120,76
200000,hamming,121,113
200000,hamming,122,148
200000,hamming,123,150
200000,hamming,124,198
200000,hamming,125,254
200000,hamming,126,306
200000,hamming,127,377
200000,hamming,128,518
200000,hamming,129,666
200000,hamming,130,892
200000,hamming,131,1181
200000,hamming,132,1308
200000,hamming,133,1319
200000,hamming,134,1507
200000,hamming,135,1542
200000,hamming,136,1473
200000,hamming,137,1556
200000,hamming,138,1449
200000,hamming,139,1338
200000,hamming,140,1139
200000,hamming,141,989
200000,hamming,142,762
200000,hamming,143,616
200000,hamming,144,454
200000,hamming,145,472
200000,hamming,146,701
200000,hamming,147,1247
200000,hamming,148,2048
200000,hamming,149,3510
200000,hamming,150,5138
200000,hamming,151,7972
200000,hamming,152,11596
200000,hamming,153,16072
200000,hamming,154,20453
200000,hamming,155,25221
200000,hamming,156,30608
200000,hamming,157,35719
200000,hamming,158,39870
200000,hamming,159,43598
200000,hamming,160,45881
200000,hamming,161,46468
200000,hamming,162,45202
200000,hamming,163,43857
200000,hamming,164,41997
200000,hamming,165,38264
200000,hamming,166,34863
200000,hamming,167,31217
200000,hamming,168,27679
200000,hamming,169,23525
200000,hamming,170,19958
200000,hamming,171,16488
200000,hamming,172,13320
200000,hamming,173,10716
200000,hamming,174,8675
200000,hamming,175,7048
200000,hamming,176,5542
200000,hamming,177,4423
200000,hamming,178,3482
200000,hamming,179,2704
200000,hamming,180,2203
200000,hamming,181,1700
200000,hamming,182,1258
200000,hamming,183,880
200000,hamming,184,634
200000,hamming,185,397
200000,hamming,186,227
200000,hamming,187,158
200000,hamming,188,74
200000,hamming,189,42
200000,hamming,190,35
200000,hamming,191,14
200000,hamming,192,7
200000,hamming,193,3
200000,hamming,194,1
200000,hamming,195,1
200000,genes,0,2560
200000,genes,1,1192
200000,genes,2,3165
200000,genes,3,3633
200000,genes,4,5926
200000,genes,5,7149
200000,genes,6,9326
200000,genes,7,10224
200000,genes,8,11690
200000,genes,9,13150
200000,genes,10,15233
200000,genes,11,16049
200000,genes,12,17093
200000,genes,13,19051
200000,genes,14,19426
200000,genes,15,20560
200000,genes,16,20001
200000,genes,17,23689
200000,genes,18,23641
200000,genes,19,26840
200000,genes,20,29589
200000,genes,21,32861
200000,genes,22,33490
200000,genes,23,34617
200000,genes,24,33019
200000,genes,25,32443
200000,genes,26,30554
200000,genes,27,27875
200000,genes,28,25070
200000,genes,29,22783
200000,genes,30,22113
200000,genes,31,18294
200000,genes,32,17324
200000,genes,33,15225
200000,genes,34,15191
200000,genes,35,13312
200000,genes,36,12526
200000,genes,37,12413
200000,genes,38,14617
200000,genes,39,22374
200000,genes,40,37087
200000,genes,41,53445
200000,genes,42,58424
200000,genes,43,64978
200000,genes,44,69825
200000,genes,45,64898
200000,genes,46,61883
200000,genes,47,56437
200000,genes,48,51377
200000,genes,49,44239
200000,genes,50,36434
200000,genes,51,26991
200000,genes,52,20618
200000,genes,53,15030
200000,genes,54,11840
200000,genes,55,10026
200000,genes,56,7513
200000,genes,57,5181
200000,genes,58,3351
200000,genes,59,3078
200000,genes,60,2579
200000,genes,61,1927
200000,genes,62,1061
200000,genes,63,333
200000,genes,64,166
200000,genes,65,68
200000,genes,66,34
200000,genes,67,12
200000,genes,68,17
200000,genes,69,7
200000,genes,70,3
200000,body,0,22254
200000,body,1,39402
200000,body,2,56028
200000,body,3,82523
200000,body,4,113434
200000,body,5,134591
200000,body,6,139385
200000,body,7,136160
200000,body,8,119801
200000,body,9,93227
200000,body,10,87611
200000,body,11,67503
200000,body,12,66169
200000,body,13,54979
200000,body,14,53666
200000,body,15,41022
200000,body,16,28813
200000,body,17,18009
200000,body,18,13144
200000,body,19,14287
200000,body,20,11930
200000,body,21,8011
200000,body,22,7746
200000,body,23,7246
200000,body,24,3313
200000,body,25,2048
200000,body,26,2443
200000,body,27,1426
200000,body,28,1603
200000,body,29,2155
200000,body,30,2688
200000,body,31,2170
200000,body,32,1662
200000,body,33,1177
200000,body,34,2117
200000,body,35,698
200000,body,36,339
200000,body,37,8
200000,body,38,21
200000,body,39,16
200000,body,40,30
200000,body,41,31
200000,body,42,25
200000,body,43,36
200000,body,44,38
200000,body,45,240
200000,body,46,90
200000,body,47,138
200000,body,48,181
200000,body,49,283
200000,body,50,767
200000,body,51,1089
200000,body,52,180
200000,body,53,85
200000,body,54,62
200000,body,55,30
200000,body,56,16
200000,body,57,3
200000,body,59,1
250000,hamming,0,229
250000,hamming,1,516
250000,hamming,2,809
250000,hamming,3,938
250000,hamming,4,965
250000,hamming,5,1005
250000,hamming,6,1130
250000,hamming,7,1117
250000,hamming,8,1172
250000,hamming,9,1264
250000,hamming,10,1476
250000,hamming,11,1603
250000,hamming,12,1858
250000,hamming,13,2017
250000,hamming,14,2184
250000,hamming,15,2638
250000,hamming,16,2949
250000,hamming,17,3297
250000,hamming,18,3524
250000,hamming,19,3966
250000,hamming,20,4368
250000,hamming,21,4736
250000,hamming,22,5159
250000,hamming,23,5442
250000,hamming,24,5741
250000,hamming,25,6168
250000,hamming,26,6597
250000,hamming,27,6978
250000,hamming,28,7125
250000,hamming,29,7483
250000,hamming,30,7356
250000,hamming,31,7331
250000,hamming,32,7194
250000,hamming,33,7035
250000,hamming,34,6936
250000,hamming,35,6668
250000,hamming,36,6688
250000,hamming,37,6446
250000,hamming,38,6408
250000,hamming,39,6250
250000,hamming,40,6649
250000,hamming,41,6994
250000,hamming,42,7170
250000,hamming,43,7469
250000,hamming,44,8083
250000,hamming,45,8511
250000,hamming,46,9053
250000,hamming,47,9078
250000,hamming,48,9017
250000,hamming,49,9182
250000,hamming,50,9065
250000,hamming,51,8808
250000,hamming,52,8462
250000,hamming,53,8075
250000,hamming,54,7728
250000,hamming,55,7388
250000,hamming,56,7428
250000,hamming,57,7118
250000,hamming,58,7105
250000,hamming,59,7163
250000,hamming,60,7350
250000,hamming,61,7489
250000,hamming,62,7883
250000,hamming,63,7907
250000,hamming,64,8758
250000,hamming,65,8936
250000,hamming,66,9699
250000,hamming,67,10208
250000,hamming,68,10682
250000,hamming,69,11117
250000,hamming,70,11259
250000,hamming,71,11252
250000,hamming,72,10999
250000,hamming,73,10496
250000,hamming,74,10329
250000,hamming,75,10041
250000,hamming,76,9875
250000,hamming,77,9646
250000,hamming,78,9670
250000,hamming,79,9861
250000,hamming,80,10218
250000,hamming,81,10600
250000,hamming,82,10848
250000,hamming,83,11247
250000,hamming,84,11601
250000,hamming,85,12601
250000,hamming,86,13957
250000,hamming,87,15722
250000,hamming,88,18341
250000,hamming,89,21223
250000,hamming,90,24591
250000,hamming,91,27910
250000,hamming,92,31303
250000,hamming,93,34490
250000,hamming,94,36353
250000,hamming,95,38507
250000,hamming,96,39339
250000,hamming,97,39168
250000,hamming,98,38112
250000,hamming,99,36225
250000,hamming,100,34592
250000,hamming,101,32655
250000,hamming,102,29785
250000,hamming,103,27283
250000,hamming,104,25531
250000,hamming,105,23862
250000,hamming,106,23174
250000,hamming,107,22566
250000,hamming,108,22657
250000,hamming,109,22124
250000,hamming,110,21799
250000,hamming,111,21554
250000,hamming,112,21044
250000,hamming,113,21017
250000,hamming,114,20536
250000,hamming,115,19924
250000,hamming,116,19396
250000,hamming,117,18481
250000,hamming,118,17563
250000,hamming,119,16636
250000,hamming,120,15581
250000,hamming,121,14274
250000,hamming,122,13273
250000,hamming,123,11795
250000,hamming,124,10796
250000,hamming,125,9715
250000,hamming,126,8432
250000,hamming,127,7512
250000,hamming,128,6561
250000,hamming,129,5598
250000,hamming,130,4865
250000,hamming,131,4148
250000,hamming,132,3556
250000,hamming,133,2912
250000,hamming,134,2365
250000,hamming,135,1932
250000,hamming,136,1472
250000,hamming,137,1144
250000,hamming,138,885
250000,hamming,139,609
250000,hamming,140,485
250000,hamming,141,345
250000,hamming,142,275
250000,hamming,143,178
250000,hamming,144,132
250000,hamming,145,107
250000,hamming,146,72
250000,hamming,147,45
250000,hamming,148,25
250000,hamming,149,18
250000,hamming,150,9
250000,hamming,151,4
250000,hamming,152,2
250000,hamming,153,1
250000,hamming,173,2
250000,hamming,174,13
250000,hamming,175,56
250000,hamming,176,104
250000,hamming,177,136
250000,hamming,178,209
250000,hamming,179,321
250000,hamming,180,485
250000,hamming,181,704
250000,hamming,182,1127
250000,hamming,183,1768
250000,hamming,184,2349
250000,hamming,185,3219
250000,hamming,186,4046
250000,hamming,187,4833
250000,hamming,188,5873
250000,hamming,189,6780
250000,hamming,190,7915
250000,hamming,191,8526
250000,hamming,192,9197
250000,hamming,193,9498
250000,hamming,194,9305
250000,hamming,195,8802
250000,hamming,196,8055
250000,hamming,197,6877
250000,hamming,198,6040
250000,hamming,199,5245
250000,hamming,200,4340
250000,hamming,201,3329
250000,hamming,202,2647
250000,hamming,203,2031
250000,hamming,204,1458
250000,hamming,205,1019
250000,hamming,206,667
250000,hamming,207,479
250000,hamming,208,322
250000,hamming,209,204
250000,hamming,210,127
250000,hamming,211,83
250000,hamming,212,51
250000,hamming,213,32
250000,hamming,214,16
250000,hamming,215,6
250000,hamming,216,4
250000,hamming,217,2
250000,hamming,218,2
250000,genes,0,5405
250000,genes,1,3104
250000,genes,2,5901
250000,genes,3,6955
250000,genes,4,11445
250000,genes,5,10998
250000,genes,6,12504
250000,genes,7,14277
250000,genes,8,15068
250000,genes,9,16557
250000,genes,10,16335
250000,genes,11,17202
250000,genes,12,17076
250000,genes,13,18627
250000,genes,14,17632
250000,genes,15,18413
250000,genes,16,20510
250000,genes,17,23746
250000,genes,18,24236
250000,genes,19,30069
250000,genes,20,34922
250000,genes,21,46966
250000,genes,22,55614
250000,genes,23,64711
250000,genes,24,69234
250000,genes,25,68838
250000,genes,26,69007
250000,genes,27,66150
250000,genes,28,60392
250000,genes,29,58846
250000,genes,30,56176
250000,genes,31,52928
250000,genes,32,54006
250000,genes,33,52208
250000,genes,34,51392
250000,genes,35,49255
250000,genes,36,47262
250000,genes,37,43380
250000,genes,38,42193
250000,genes,39,38860
250000,genes,40,36518
250000,genes,41,36003
250000,genes,42,33742
250000,genes,43,29784
250000,genes,44,28783
250000,genes,45,30089
250000,genes,46,25523
250000,genes,47,20608
250000,genes,48,16966
250000,genes,49,14570
250000,genes,50,12896
250000,genes,51,11011
250000,genes,52,8991
250000,genes,53,6992
250000,genes,54,5071
250000,genes,55,3814
250000,genes,56,2582
250000,genes,57,1481
250000,genes,58,1170
250000,genes,59,1129
250000,genes,60,746
250000,genes,61,475
250000,genes,62,213
250000,genes,63,107
250000,genes,64,36
250000,genes,65,10
250000,genes,66,8
250000,genes,67,10
250000,genes,68,3
250000,body,0,29694
250000,body,1,41578
250000,body,2,63784
250000,body,3,90750
250000,body,4,122348
250000,body,5,131440
250000,body,6,145574
250000,body,7,169919
250000,body,8,162537
250000,body,9,137719
250000,body,10,116299
250000,body,11,106183
250000,body,12,97909
250000,body,13,90688
250000,body,14,85540
250000,body,15,66987
250000,body,16,32737
250000,body,17,3639
250000,body,18,3039
250000,body,19,3010
250000,body,20,5072
250000,body,21,3730
250000,body,22,1861
250000,body,23,1173
250000,body,24,1095
250000,body,25,906
250000,body,26,445
250000,body,27,387
250000,body,28,534
250000,body,29,258
250000,body,30,200
250000,body,31,306
250000,body,32,118
250000,body,33,102
250000,body,34,83
250000,body,35,59
250000,body,36,28
300000,hamming,0,301
300000,hamming,1,648
300000,hamming,2,991
300000,hamming,3,1179
300000,hamming,4,1353
300000,hamming,5,1505
300000,hamming,6,1628
300000,hamming,7,1683
300000,hamming,8,2128
300000,hamming,9,2263
300000,hamming,10,2483
300000,hamming,11,2570
300000,hamming,12,2853
300000,hamming,13,2910
300000,hamming,14,3065
300000,hamming,15,3039
300000,hamming,16,3033
300000,hamming,17,2911
300000,hamming,18,2726
300000,hamming,19,2834
300000,hamming,20,2732
300000,hamming,21,2811
300000,hamming,22,2753
300000,hamming,23,2831
300000,hamming,24,2891
300000,hamming,25,3042
300000,hamming,26,3019
300000,hamming,27,3280
300000,hamming,28,3397
300000,hamming,29,3577
300000,hamming,30,3913
300000,hamming,31,4171
300000,hamming,32,4413
300000,hamming,33,4483
300000,hamming,34,4540
300000,hamming,35,4599
300000,hamming,36,4680
300000,hamming,37,4373
300000,hamming,38,4191
300000,hamming,39,3701
300000,hamming,40,3600
300000,hamming,41,3275
300000,hamming,42,3273
300000,hamming,43,2967
300000,hamming,44,2872
300000,hamming,45,2744
300000,hamming,46,2807
300000,hamming,47,2713
300000,hamming,48,2838
300000,hamming,49,2693
300000,hamming,50,2717
300000,hamming,51,2682
300000,hamming,52,2536
300000,hamming,53,2533
300000,hamming,54,2444
300000,hamming,55,2393
300000,hamming,56,2379
300000,hamming,57,2184
300000,hamming,58,2046
300000,hamming,59,2224
300000,hamming,60,2347
300000,hamming,61,2500
300000,hamming,62,2897
300000,hamming,63,3233
300000,hamming,64,3593
300000,hamming,65,3986
300000,hamming,66,4342
300000,hamming,67,4750
300000,hamming,68,5318
300000,hamming,69,5605
300000,hamming,70,6022
300000,hamming,71,6397
300000,hamming,72,6706
300000,hamming,73,7318
300000,hamming,74,7939
300000,hamming,75,8562
300000,hamming,76,9502
300000,hamming,77,10127
300000,hamming,78,10904
300000,hamming,79,11507
300000,hamming,80,12155
300000,hamming,81,12580
300000,hamming,82,13087
300000,hamming,83,12901
300000,hamming,84,13415
300000,hamming,85,13280
300000,hamming,86,13554
300000,hamming,87,13825
300000,hamming,88,14045
300000,hamming,89,14571
300000,hamming,90,14834
300000,hamming,91,15076
300000,hamming,92,15842
300000,hamming,93,16260
300000,hamming,94,15879
300000,hamming,95,15766
300000,hamming,96,15703
300000,hamming,97,14657
300000,hamming,98,13883
300000,hamming,99,13335
300000,hamming,100,12828
300000,hamming,101,12604
300000,hamming,102,12234
300000,hamming,103,11469
300000,hamming,104,11372
300000,hamming,105,10545
300000,hamming,106,9612
300000,hamming,107,8749
300000,hamming,108,7784
300000,hamming,109,6785
300000,hamming,110,5360
300000,hamming,111,4512
300000,hamming,112,3547
300000,hamming,113,2703
300000,hamming,114,1937
300000,hamming,115,1362
300000,hamming,116,989
300000,hamming,117,653
300000,hamming,118,483
300000,hamming,119,544
300000,hamming,120,670
300000,hamming,121,1006
300000,hamming,122,1532
300000,hamming,123,2419
300000,hamming,124,3677
300000,hamming,125,5245
300000,hamming,126,6997
300000,hamming,127,8894
300000,hamming,128,10736
300000,hamming,129,12266
300000,hamming,130,13639
300000,hamming,131,14972
300000,hamming,132,16272
300000,hamming,133,17991
300000,hamming,134,19939
300000,hamming,135,21771
300000,hamming,136,25053
300000,hamming,137,28748
300000,hamming,138,32649
300000,hamming,139,35486
300000,hamming,140,38258
300000,hamming,141,39662
300000,hamming,142,40669
300000,hamming,143,40957
300000,hamming,144,40301
300000,hamming,145,38511
300000,hamming,146,35674
300000,hamming,147,32361
300000,hamming,148,29956
300000,hamming,149,28031
300000,hamming,150,26262
300000,hamming,151,25671
300000,hamming,152,25111
300000,hamming,153,25770
300000,hamming,154,27072
300000,hamming,155,27519
300000,hamming,156,28689
300000,hamming,157,28787
300000,hamming,158,28903
300000,hamming,159,27467
300000,hamming,160,26021
300000,hamming,161,23519
300000,hamming,162,20783
300000,hamming,163,18137
300000,hamming,164,16022
300000,hamming,165,13904
300000,hamming,166,12522
300000,hamming,167,11148
300000,hamming,168,10309
300000,hamming,169,9079
300000,hamming,170,8175
300000,hamming,171,7004
300000,hamming,172,5751
300000,hamming,173,4644
300000,hamming,174,3664
300000,hamming,175,2880
300000,hamming,176,2143
300000,hamming,177,1745
300000,hamming,178,1413
300000,hamming,179,1137
300000,hamming,180,922
300000,hamming,181,900
300000,hamming,182,666
300000,hamming,183,545
300000,hamming,184,344
300000,hamming,185,206
300000,hamming,186,106
300000,hamming,187,66
300000,hamming,188,33
300000,hamming,189,10
300000,hamming,190,7
300000,hamming,191,2
300000,genes,0,4834
300000,genes,1,1550
300000,genes,2,6434
300000,genes,3,4771
300000,genes,4,8492
300000,genes,5,5906
300000,genes,6,11003
300000,genes,7,9589
300000,genes,8,12091
300000,genes,9,12490
300000,genes,10,15476
300000,genes,11,18002
300000,genes,12,22580
300000,genes,13,24037
300000,genes,14,24104
300000,genes,15,27139
300000,genes,16,24831
300000,genes,17,26609
300000,genes,18,22979
300000,genes,19,24900
300000,genes,20,23829
300000,genes,21,23923
300000,genes,22,27000
300000,genes,23,26394
300000,genes,24,32164
300000,genes,25,33612
300000,genes,26,38340
300000,genes,27,46716
300000,genes,28,46415
300000,genes,29,59250
300000,genes,30,57743
300000,genes,31,80190
300000,genes,32,78466
300000,genes,33,79485
300000,genes,34,80116
300000,genes,35,76289
300000,genes,36,72940
300000,genes,37,67983
300000,genes,38,61323
300000,genes,39,57170
300000,genes,40,54604
300000,genes,41,51624
300000,genes,42,51705
300000,genes,43,47857
300000,genes,44,46116
300000,genes,45,37071
300000,genes,46,37196
300000,genes,47,30295
300000,genes,48,27547
300000,genes,49,19279
300000,genes,50,14659
300000,genes,51,9431
300000,genes,52,6818
300000,genes,53,4497
300000,genes,54,2660
300000,genes,55,1857
300000,genes,56,1092
300000,genes,57,798
300000,genes,58,373
300000,genes,59,217
300000,genes,60,135
300000,genes,61,52
300000,genes,62,22
300000,genes,63,15
300000,genes,64,8
300000,genes,65,2
300000,body,0,64562
300000,body,1,58830
300000,body,2,78358
300000,body,3,95502
300000,body,4,121476
300000,body,5,127483
300000,body,6,205767
300000,body,7,173728
300000,body,8,181375
300000,body,9,145791
300000,body,10,119532
300000,body,11,103118
300000,body,12,95603
300000,body,13,88238
300000,body,14,70123
300000,body,15,63176
300000,body,16,26565
300000,body,17,1342
300000,body,18,749
300000,body,19,552
300000,body,20,344
300000,body,21,265
300000,body,22,260
300000,body,23,189
300000,body,24,138
300000,body,25,29
