step,lineage,size,hard,muscle,sensor,digestive,attack,bodies
5000,1,9,22.0,20.0,0.0,22.0,20.0,1
6000,1,74,14.0,13.3,0.0,18.2,11.8,17
7000,5,164,42.1,0.4,0.3,21.1,0.4,27
7000,1,10,22.8,20.2,0.0,21.0,20.2,2
8000,5,137,41.9,0.3,0.4,21.2,0.3,28
8000,1,10,22.0,20.0,0.0,22.0,20.0,1
9000,5,159,40.7,0.3,0.6,21.5,0.1,36
9000,1,8,22.0,20.0,0.0,22.0,20.0,2
10000,5,171,41.2,0.5,0.9,20.7,0.3,51
10000,6,36,40.8,0.1,0.0,22.9,0.1,12
10000,1,6,21.7,20.2,0.0,21.7,20.0,2
11000,5,179,41.8,0.2,0.7,20.7,0.2,42
11000,6,21,41.4,0.0,0.0,22.6,0.0,4
11000,1,19,22.0,21.7,0.0,20.3,20.8,2
12000,5,113,42.2,0.0,0.1,21.5,0.0,18
12000,1,17,22.0,20.0,0.0,22.0,20.0,1
13000,5,213,40.6,0.2,0.0,20.5,0.1,52
13000,1,6,22.0,20.0,0.0,22.0,20.0,1
14000,5,221,40.9,0.2,0.1,20.3,0.2,52
15000,5,229,37.3,3.1,0.1,19.5,3.0,89
16000,5,242,33.0,1.0,0.2,20.7,0.8,90
17000,5,184,25.8,1.9,0.0,18.7,1.3,56
18000,5,87,36.3,0.0,0.0,19.9,0.0,26
19000,5,79,38.0,0.2,0.0,19.8,0.1,28
20000,5,143,36.7,0.0,0.0,20.6,0.0,39
21000,5,97,38.8,0.0,0.0,19.5,0.0,23
21000,11,19,36.0,1.3,0.0,20.2,1.3,8
22000,5,69,39.0,0.0,0.0,19.3,0.0,16
22000,11,66,37.1,1.1,0.0,19.4,1.1,24
22000,12,17,31.0,12.1,0.0,20.9,11.8,5
23000,11,110,36.4,0.3,0.0,20.5,0.3,29
23000,5,68,35.3,1.1,0.0,18.4,1.1,21
23000,12,10,22.8,19.1,0.0,22.1,18.9,2
24000,11,108,38.5,0.1,0.0,19.5,0.1,23
24000,5,43,32.0,0.1,0.0,21.0,0.1,16
24000,12,22,23.2,18.9,0.0,21.9,18.6,3
25000,11,176,37.6,0.1,0.0,20.2,0.1,41
25000,5,39,37.9,0.6,0.0,19.7,0.6,10
25000,12,6,24.0,18.0,0.0,22.0,18.0,2
26000,11,116,32.7,2.2,0.0,18.4,2.1,51
27000,11,234,33.9,0.1,0.1,18.2,0.1,69
27000,5,7,38.0,0.0,0.0,21.0,0.0,1
28000,11,252,19.8,1.3,0.1,15.6,1.0,94
28000,18,39,33.1,14.3,0.1,16.5,12.5,20
29000,11,240,33.5,0.3,0.0,17.3,0.3,59
29000,18,6,25.7,14.8,0.0,23.5,11.8,4
30000,11,194,36.8,0.7,0.0,18.6,0.7,71
30000,18,44,32.1,15.0,0.1,16.8,14.8,11
31000,11,236,31.0,0.3,0.0,17.6,0.3,60
31000,18,23,30.5,16.6,0.7,16.3,16.6,3
32000,11,227,34.7,0.7,0.0,15.9,0.7,54
32000,18,20,29.9,17.7,0.0,16.4,17.7,2
33000,11,84,37.2,0.6,0.0,17.8,0.6,31
33000,18,26,34.7,12.7,0.3,16.3,12.0,10
34000,11,201,42.4,0.4,0.0,19.4,0.4,44
35000,11,189,40.9,1.1,0.2,20.3,1.1,46
36000,11,212,39.7,1.6,0.1,20.6,1.6,51
37000,11,243,34.8,2.7,0.1,19.0,2.5,87
38000,11,231,33.3,1.5,0.0,18.8,1.3,93
39000,11,238,36.6,0.8,0.0,17.9,0.8,65
40000,11,222,40.0,2.1,0.0,17.4,2.1,52
41000,11,235,36.3,1.8,0.0,18.0,1.3,59
42000,11,244,24.0,4.6,0.0,16.5,4.0,84
43000,11,184,39.9,0.2,0.0,17.5,0.2,35
44000,11,177,40.9,0.3,0.0,16.8,0.3,34
45000,11,198,39.9,0.3,0.0,17.3,0.3,38
46000,11,209,38.2,0.5,0.0,17.0,0.3,44
47000,11,230,33.5,0.8,0.0,16.1,0.4,59
47000,33,30,27.8,18.3,0.0,17.9,17.9,5
48000,11,192,40.1,0.0,0.0,17.7,0.0,27
48000,33,18,27.3,16.6,0.0,19.6,15.9,6
49000,11,133,40.5,0.4,0.0,17.2,0.4,25
49000,33,59,24.2,21.5,0.0,18.3,18.9,5
50000,11,162,40.4,0.5,0.0,17.3,0.5,36
50000,33,31,24.1,21.0,0.0,19.0,19.0,2
51000,11,195,39.8,0.7,0.0,17.8,0.7,56
51000,33,27,24.0,21.1,0.6,18.3,19.0,2
52000,11,204,40.2,0.7,0.0,17.5,0.7,49
52000,34,27,8.6,0.2,0.2,13.0,0.2,13
52000,33,20,24.0,21.0,0.0,19.0,19.0,1
53000,11,231,39.9,0.5,0.0,17.4,0.5,47
53000,33,10,24.0,21.0,0.0,19.0,19.0,1
54000,11,219,37.0,0.4,0.1,17.3,0.3,56
54000,33,23,23.2,21.4,0.0,19.4,18.3,3
55000,11,220,31.0,0.3,0.0,15.7,0.2,57
55000,33,33,24.5,20.7,0.0,18.8,18.7,2
56000,11,233,37.8,0.1,0.0,16.7,0.1,54
56000,33,13,24.0,21.0,0.0,19.0,19.0,1
57000,11,154,38.8,0.4,0.0,15.3,0.4,22
57000,33,47,24.3,20.9,0.0,18.8,18.6,4
58000,11,194,38.0,0.3,0.0,15.7,0.3,38
58000,33,26,23.8,20.6,0.0,19.5,18.7,2
59000,11,193,38.0,0.2,0.0,15.0,0.2,24
59000,33,39,23.9,21.0,0.0,19.1,19.0,2
60000,11,194,37.5,0.4,0.0,15.5,0.4,28
60000,38,87,3.1,0.5,0.0,10.5,0.1,39
60000,33,24,23.7,21.0,0.0,19.2,18.8,4
61000,11,186,38.0,0.6,0.0,16.1,0.6,29
61000,33,30,24.0,21.0,0.0,19.0,19.0,1
61000,38,30,6.6,2.0,0.0,12.7,0.7,19
62000,11,243,36.9,0.2,0.0,16.3,0.2,46
63000,11,237,37.2,0.2,0.0,15.3,0.2,37
63000,33,14,24.4,20.6,0.0,19.0,18.9,2
64000,11,213,36.2,0.2,0.0,15.3,0.2,35
64000,38,57,8.0,8.0,0.0,15.3,7.8,3
64000,33,5,24.0,21.0,0.0,19.0,19.0,1
65000,11,223,36.5,0.5,0.0,15.6,0.5,45
65000,38,35,1.6,2.4,0.0,8.4,1.0,18
65000,33,15,23.1,21.2,0.0,18.9,18.3,3
66000,11,237,35.7,0.5,0.0,15.6,0.4,56
66000,38,20,9.0,7.5,0.0,14.4,5.6,4
66000,33,9,24.1,20.0,0.0,19.9,18.2,2
67000,11,209,35.5,0.4,0.0,15.1,0.2,34
67000,38,40,10.8,8.2,0.0,16.5,6.7,13
67000,33,10,24.0,21.0,0.0,19.0,19.0,1
68000,11,233,35.8,0.2,0.0,15.7,0.2,47
68000,33,11,22.1,23.3,0.0,18.6,17.3,2
68000,38,11,14.1,8.6,0.0,16.1,8.1,3
69000,11,247,31.5,0.5,0.0,16.1,0.5,51
69000,33,24,24.9,20.2,0.0,19.0,18.2,3
70000,11,248,30.4,0.9,0.0,15.9,0.8,65
70000,33,27,21.7,23.1,0.0,19.2,17.3,4
71000,11,307,27.6,1.3,0.0,14.4,0.6,98
72000,11,275,22.4,2.3,0.0,15.6,1.9,111
73000,11,253,36.7,0.3,0.0,15.6,0.3,58
74000,11,249,35.2,0.8,0.0,15.2,0.8,54
75000,11,264,33.2,0.8,0.0,16.7,0.8,75
76000,11,244,30.3,2.4,0.0,15.1,2.4,70
77000,11,263,29.3,2.7,0.0,16.0,2.5,89
77000,47,37,2.8,0.2,0.0,11.5,0.0,15
78000,11,282,30.5,0.4,0.0,15.8,0.4,99
79000,11,290,29.0,1.1,0.0,15.7,1.1,84
80000,11,269,25.9,2.7,0.0,15.6,2.6,84
81000,11,119,38.9,0.0,0.0,19.9,0.0,47
82000,11,68,35.7,0.2,0.0,16.0,0.0,24
83000,11,81,32.0,0.0,0.0,16.0,0.0,30
84000,11,72,13.0,0.5,0.9,14.2,0.2,30
85000,53,141,36.6,1.9,0.0,18.2,1.7,41
85000,11,51,14.8,0.6,0.0,13.1,0.2,19
85000,52,15,29.9,16.4,0.0,16.1,16.4,4
86000,53,215,23.1,1.1,0.0,13.6,1.1,57
86000,52,13,29.7,16.0,0.0,16.6,16.0,2
87000,53,137,36.7,2.2,0.0,16.1,2.2,39
87000,52,7,28.0,18.0,0.0,16.0,18.0,1
88000,53,161,35.1,9.8,0.0,16.7,9.8,47
88000,58,17,38.2,0.2,0.0,11.4,0.2,12
88000,52,8,28.0,18.0,0.0,16.0,18.0,1
89000,53,163,31.5,0.7,0.0,15.9,0.6,48
89000,58,8,38.2,0.0,0.0,10.5,0.0,3
90000,53,170,38.4,0.5,0.0,17.1,0.5,49
91000,53,215,37.2,0.4,0.0,16.2,0.4,55
92000,53,180,34.3,0.1,0.0,16.2,0.1,47
93000,53,204,28.1,0.2,0.0,14.9,0.2,60
94000,53,206,35.5,0.8,0.0,15.9,0.7,57
95000,53,210,33.7,1.3,0.0,15.5,1.2,68
95000,63,27,30.0,16.6,0.1,17.4,15.6,10
96000,53,255,27.7,1.3,0.0,16.5,0.8,90
96000,63,18,31.2,16.5,0.0,16.3,16.5,3
97000,63,130,25.2,21.7,0.0,17.0,19.4,12
97000,53,49,30.3,0.4,0.0,18.7,0.4,29
98000,53,184,42.2,0.4,0.2,17.3,0.1,38
98000,63,27,22.0,24.0,0.0,18.0,21.0,1
99000,53,186,40.8,0.1,0.4,15.1,0.1,39
99000,63,35,21.8,23.0,0.0,19.3,20.2,3
100000,53,219,40.1,0.1,0.7,15.2,0.0,32
100000,63,23,23.4,23.0,0.0,17.7,20.1,2
101000,53,207,22.4,0.3,0.6,14.7,0.1,69
101000,63,64,22.0,24.0,0.0,18.0,21.0,1
102000,53,160,0.2,0.3,0.2,15.7,0.1,46
102000,63,79,21.7,24.0,0.0,18.3,20.7,4
103000,53,96,0.1,0.8,0.0,14.0,0.1,26
103000,63,18,22.2,24.0,0.0,17.8,21.0,2
104000,63,11,22.0,24.0,0.0,18.0,21.0,1
105000,63,20,21.9,23.2,0.0,19.0,20.5,3
106000,71,157,39.0,0.4,0.5,15.8,0.2,57
106000,63,47,23.0,23.6,0.1,17.2,20.7,12
107000,71,204,44.6,0.1,0.2,15.6,0.1,51
107000,63,28,23.0,23.0,0.0,18.0,22.0,1
108000,71,195,44.4,0.3,0.3,16.5,0.3,53
108000,63,21,24.1,22.2,0.0,17.7,21.2,3
109000,71,203,34.8,1.1,1.0,18.0,0.3,65
109000,63,31,21.9,22.4,0.8,18.9,20.6,4
110000,71,195,43.1,0.2,0.4,18.5,0.2,47
110000,63,17,23.0,23.0,0.0,18.0,22.0,1
111000,71,214,28.6,1.0,0.3,16.3,0.4,59
111000,63,14,23.0,23.0,0.0,18.0,22.0,1
112000,71,144,43.2,1.2,0.1,17.5,1.1,26
112000,63,28,23.0,23.1,0.5,17.5,21.8,4
113000,71,162,39.8,0.9,0.2,18.5,0.3,30
113000,63,33,23.0,23.0,0.0,18.0,22.0,1
114000,71,112,44.3,0.3,0.0,18.5,0.3,14
114000,63,63,23.2,23.0,0.0,17.8,21.3,4
115000,71,123,44.3,0.4,0.2,17.3,0.4,24
115000,63,50,23.0,23.0,0.0,18.0,22.0,3
116000,71,139,40.6,0.8,0.1,17.8,0.5,28
116000,63,55,23.0,22.8,0.1,18.1,21.8,5
117000,71,161,43.7,1.2,0.2,15.3,1.1,34
117000,63,34,23.1,23.0,0.0,17.9,22.0,2
118000,71,210,42.1,0.5,0.4,18.5,0.5,50
118000,63,9,23.0,23.0,0.0,18.0,22.0,1
119000,71,212,42.1,0.8,0.1,18.4,0.7,56
119000,63,8,23.1,22.5,0.0,18.4,21.6,2
120000,71,165,42.1,0.6,0.1,18.3,0.3,41
120000,63,22,23.0,23.0,0.0,18.0,22.0,1
121000,71,181,40.9,0.8,0.2,17.6,0.6,72
121000,63,11,23.0,23.0,0.0,18.0,22.0,1
122000,71,175,40.8,1.6,0.2,17.8,1.3,52
122000,63,26,22.1,22.7,0.1,19.2,20.2,6
123000,71,185,39.0,0.4,0.2,17.3,0.4,48
123000,63,38,23.0,23.0,0.0,18.0,22.0,1
124000,71,173,43.6,0.7,0.0,17.4,0.7,35
124000,63,34,23.0,23.0,0.0,18.0,22.0,1
125000,71,193,41.4,0.6,0.0,17.3,0.5,39
125000,63,21,23.7,21.9,0.0,17.7,21.0,3
126000,71,201,38.0,0.8,0.0,17.5,0.6,43
126000,63,22,22.2,23.5,0.0,18.3,21.3,2
127000,71,175,37.5,0.8,0.1,16.4,0.6,43
127000,63,34,23.2,23.3,0.0,17.5,21.9,4
128000,71,173,43.9,0.6,0.0,16.9,0.6,37
128000,63,27,23.0,23.0,0.0,18.0,22.0,1
129000,71,163,40.9,0.9,0.0,16.5,0.4,40
129000,63,45,22.9,23.0,0.0,18.1,21.9,3
130000,71,85,43.7,0.9,0.0,16.7,0.4,20
130000,63,51,24.3,22.1,0.2,17.3,21.2,5
131000,63,85,23.0,23.0,0.0,18.0,22.0,2
131000,71,56,44.6,1.1,0.0,16.1,1.1,17
132000,71,95,45.1,1.5,0.0,16.0,1.5,22
132000,63,88,22.5,23.4,0.2,17.9,21.5,5
133000,71,183,40.8,0.9,0.0,16.3,0.8,65
134000,71,237,32.3,3.7,0.1,16.7,3.6,102
134000,89,12,44.8,1.2,0.0,16.3,1.2,4
135000,71,273,29.6,2.4,0.0,15.5,2.2,97
136000,71,297,25.5,2.2,0.0,14.6,2.0,88
137000,71,217,32.0,3.6,0.1,15.6,3.5,70
138000,71,234,34.2,5.2,0.0,16.1,4.7,83
139000,71,273,24.1,3.1,0.0,14.5,2.7,130
140000,71,225,38.8,2.0,0.0,16.0,2.0,78
141000,71,248,36.7,2.1,0.0,15.6,2.1,74
142000,71,253,35.8,2.0,0.0,15.2,2.0,68
143000,71,231,28.7,0.9,0.0,15.0,0.9,68
144000,71,281,31.1,1.0,0.0,16.5,0.9,86
145000,71,241,35.8,0.5,0.0,15.9,0.5,62
146000,71,243,34.5,0.8,0.0,15.5,0.7,59
147000,71,183,35.5,0.3,0.0,15.6,0.3,43
147000,99,15,27.7,16.0,0.0,16.9,16.0,2
148000,71,131,38.9,0.7,0.0,17.9,0.6,54
148000,99,84,34.8,10.8,0.1,16.2,10.8,19
149000,71,263,32.4,0.6,0.0,16.2,0.5,78
149000,99,13,33.5,8.3,0.0,15.0,8.3,3
150000,71,257,34.3,0.4,0.0,16.7,0.4,72
150000,99,10,32.5,9.7,0.0,15.5,9.7,3
151000,71,254,28.6,0.9,0.0,15.7,0.8,90
151000,99,17,26.3,14.9,0.0,17.1,14.4,4
152000,71,277,28.0,1.1,0.0,14.4,0.9,95
152000,99,8,27.0,17.0,0.0,17.0,17.0,1
153000,71,259,33.4,0.6,0.1,15.1,0.5,84
153000,99,7,30.3,14.6,0.0,16.6,14.6,2
154000,99,125,26.2,16.7,0.0,17.0,16.2,29
154000,71,88,37.6,1.1,0.0,14.3,1.1,44
155000,71,169,38.9,0.7,0.0,15.9,0.7,60
155000,99,64,35.5,8.4,0.1,17.1,8.4,23
156000,71,267,31.5,0.8,0.0,14.7,0.7,85
156000,99,9,29.9,12.2,0.0,16.9,12.2,5
157000,71,136,39.0,0.8,0.0,16.7,0.8,60
157000,99,14,26.1,18.1,0.0,19.8,18.1,3
158000,71,93,37.7,0.8,0.0,22.4,0.8,31
158000,99,7,24.6,19.7,0.0,19.7,19.7,2
159000,71,56,31.4,0.8,0.0,19.8,0.8,19
159000,99,29,24.6,19.4,0.0,20.0,19.4,4
160000,71,39,36.9,1.1,0.0,23.6,1.1,19
161000,106,165,40.2,0.0,0.0,15.1,0.0,38
161000,71,19,40.1,1.2,0.0,22.7,1.2,8
161000,99,12,24.8,19.5,0.0,19.8,19.5,3
162000,106,211,31.7,0.2,0.0,16.1,0.1,58
162000,99,20,24.0,19.9,0.0,20.1,19.8,4
162000,71,17,40.8,3.6,0.0,19.6,3.6,5
162000,109,6,40.3,0.5,0.0,14.7,0.5,4
162000,108,6,41.2,0.0,0.0,20.5,0.0,3
163000,106,130,39.4,0.4,0.1,15.1,0.3,35
163000,71,38,39.7,3.7,0.0,19.8,3.7,13
163000,99,22,23.7,20.4,0.0,20.0,19.6,4
163000,109,12,41.1,1.3,0.0,13.8,1.3,6
164000,106,158,39.2,0.3,0.0,15.1,0.3,39
164000,109,42,40.3,0.9,0.0,16.3,0.9,19
164000,71,38,41.7,3.6,0.0,18.7,3.6,10
165000,106,281,19.0,1.3,0.1,11.8,0.2,86
165000,109,43,38.6,1.4,0.0,15.9,1.4,14
165000,71,14,42.0,2.9,0.0,19.1,2.9,5
165000,99,12,23.0,21.2,0.0,19.8,19.5,2
166000,106,186,38.0,0.1,0.0,15.2,0.1,42
166000,109,40,40.0,0.9,0.0,16.4,0.9,12
166000,71,13,40.9,3.2,0.0,19.8,3.2,4
166000,99,12,24.0,20.0,0.0,20.0,20.0,1
167000,106,161,27.8,0.3,0.0,15.9,0.1,57
167000,99,47,24.1,20.2,0.0,19.5,19.2,10
167000,109,24,40.5,0.6,0.0,15.2,0.6,6
168000,106,209,28.8,0.1,0.0,14.5,0.1,56
168000,109,68,39.1,0.2,0.0,16.6,0.2,20
168000,99,9,24.0,20.0,0.0,20.0,20.0,1
169000,106,152,29.9,0.1,0.0,13.5,0.1,30
169000,109,57,40.3,0.5,0.0,14.7,0.5,15
169000,99,43,24.0,20.0,0.0,20.0,20.0,2
170000,106,122,40.6,0.3,0.0,14.7,0.3,27
170000,109,51,37.3,0.8,0.0,17.5,0.8,18
170000,99,37,24.0,20.0,0.0,20.0,20.0,2
171000,106,147,40.5,0.7,0.0,15.6,0.7,36
171000,109,71,40.3,0.2,0.0,13.9,0.2,18
171000,99,29,24.0,20.0,0.0,20.0,20.0,1
172000,106,125,38.9,0.3,0.0,16.3,0.2,36
172000,109,102,38.8,0.5,0.0,14.7,0.3,27
172000,99,17,25.2,19.0,0.0,19.8,18.6,6
173000,109,75,40.7,0.5,0.0,13.2,0.5,19
173000,99,64,23.5,19.7,0.3,20.5,19.2,11
173000,106,52,40.7,0.1,0.0,15.1,0.1,17
174000,106,134,23.4,1.8,0.0,15.0,1.1,59
174000,109,87,40.1,0.4,0.0,14.3,0.4,26
174000,99,26,22.6,21.3,0.0,19.8,18.0,7
175000,109,124,40.3,0.7,0.0,14.5,0.7,34
175000,106,102,36.1,0.9,0.0,16.6,0.9,31
175000,99,11,24.0,20.0,0.0,20.0,20.0,1
176000,109,159,39.4,0.6,0.0,14.3,0.6,38
176000,106,72,40.1,0.3,0.0,15.5,0.3,19
177000,109,166,39.6,0.3,0.0,14.3,0.3,37
177000,106,28,39.1,0.3,0.0,16.6,0.3,10
177000,99,5,19.6,21.6,0.0,22.8,17.8,4
178000,109,138,39.6,1.3,0.0,14.0,1.3,51
178000,99,34,17.1,30.5,0.1,16.3,14.7,4
178000,106,30,39.5,3.2,0.0,17.5,3.2,11
179000,99,163,24.8,23.0,0.0,16.1,20.6,7
179000,109,30,43.6,0.9,0.0,17.5,0.9,12
179000,106,9,43.8,1.1,0.0,18.4,1.1,3
180000,109,130,41.3,1.3,0.0,18.9,1.3,48
180000,106,64,41.7,1.0,0.0,19.2,0.8,23
181000,109,124,42.0,1.6,0.0,18.6,1.6,43
181000,106,100,33.8,0.2,0.0,18.8,0.2,34
181000,99,7,24.7,23.9,0.0,15.4,20.9,2
182000,109,106,42.4,1.5,0.0,18.8,1.5,31
182000,106,52,43.1,0.7,0.0,18.3,0.7,14
182000,99,26,25.4,22.0,0.0,16.5,20.7,5
183000,109,97,42.6,1.1,0.0,18.6,1.1,33
183000,106,70,43.6,0.2,0.0,18.1,0.2,17
183000,99,13,25.8,21.6,0.0,16.5,20.7,4
184000,109,136,38.8,1.2,0.0,17.6,1.2,51
184000,106,107,37.1,0.2,0.0,21.2,0.2,34
185000,109,168,29.2,6.4,0.0,18.8,6.1,71
185000,106,53,34.8,0.6,0.0,19.1,0.4,29
186000,109,167,40.8,0.5,0.0,18.4,0.5,53
186000,106,47,42.7,0.3,0.0,17.8,0.3,11
187000,109,254,30.2,0.6,0.0,18.0,0.5,99
187000,106,14,43.6,0.0,0.0,18.3,0.0,5
188000,109,210,39.8,0.6,0.0,17.5,0.6,75
188000,106,17,39.6,0.1,0.0,17.5,0.1,7
189000,109,155,35.4,0.6,0.0,18.3,0.5,62
189000,106,137,12.7,1.1,0.1,14.8,0.8,73
190000,109,230,31.2,0.5,0.0,17.2,0.4,105
190000,106,15,16.0,20.0,0.0,19.0,16.0,1
191000,109,236,34.6,0.4,0.0,19.3,0.3,77
191000,106,6,18.8,18.8,0.0,18.8,15.5,2
192000,109,238,33.6,0.2,0.0,18.1,0.2,62
192000,106,13,17.3,19.5,0.0,18.9,15.8,2
193000,109,254,32.2,0.7,0.0,17.7,0.4,68
193000,106,16,17.1,19.6,0.0,18.9,15.8,2
194000,109,221,33.5,0.1,0.0,18.2,0.0,52
194000,106,22,16.0,20.0,0.0,19.0,16.0,1
195000,109,200,31.4,0.1,0.0,17.6,0.1,50
195000,106,17,19.4,18.4,0.0,18.5,15.1,3
196000,109,209,30.0,0.1,0.0,15.7,0.1,52
196000,106,12,17.5,19.4,0.0,18.8,15.8,2
197000,109,203,28.2,0.1,0.0,15.8,0.0,56
197000,106,15,16.1,19.3,0.0,17.7,15.6,2
198000,109,181,28.1,0.2,0.0,15.2,0.0,56
198000,132,45,31.8,3.0,0.0,13.4,2.8,14
198000,106,27,16.7,19.8,0.0,19.0,16.0,3
199000,109,84,36.2,4.0,0.0,14.8,3.8,35
199000,106,84,20.2,17.7,0.2,19.3,16.0,7
199000,132,28,34.9,3.8,0.0,14.9,3.8,8
200000,109,100,34.3,0.0,0.0,15.6,0.0,21
200000,132,67,34.2,2.6,0.0,14.5,2.6,16
200000,106,48,20.0,16.6,0.0,20.4,16.5,3
201000,109,119,34.9,0.1,0.0,15.7,0.0,31
201000,132,107,32.8,0.9,0.0,15.4,0.7,31
201000,106,12,20.0,17.0,0.0,21.0,17.0,1
202000,109,167,36.5,0.0,0.0,17.0,0.0,47
202000,106,47,18.7,15.6,0.0,20.0,14.8,6
202000,132,15,38.1,0.8,0.0,16.1,0.8,7
203000,109,163,36.0,0.0,0.0,17.8,0.0,46
203000,106,104,11.2,8.6,0.5,16.8,7.7,31
204000,106,144,15.5,11.2,0.1,16.1,10.7,30
204000,109,102,37.0,0.0,0.0,17.3,0.0,31
204000,134,18,36.5,0.0,0.0,12.7,0.0,3
205000,109,269,23.2,0.1,0.0,14.8,0.0,72
205000,134,35,36.2,0.0,0.0,13.0,0.0,4
205000,106,15,19.5,17.6,0.0,20.9,17.5,3
206000,109,172,35.9,0.1,0.0,17.6,0.0,50
206000,134,43,34.8,0.1,0.0,14.4,0.1,12
206000,106,16,21.5,15.8,0.0,21.3,15.8,4
207000,109,151,35.6,0.0,0.0,16.9,0.0,22
207000,106,50,20.5,16.6,0.0,20.9,16.6,4
207000,134,28,36.0,0.2,0.0,12.5,0.2,7
208000,109,153,35.9,0.0,0.0,16.4,0.0,29
208000,106,61,18.8,15.7,0.0,19.5,15.7,3
208000,134,28,35.5,0.0,0.0,14.0,0.0,7
209000,109,115,36.4,0.0,0.0,17.0,0.0,31
209000,134,38,34.5,0.1,0.0,15.1,0.1,12
209000,106,23,20.0,17.0,0.0,21.0,17.0,1
210000,106,89,20.1,16.9,0.0,20.7,16.7,4
210000,109,59,36.5,0.1,0.0,17.0,0.1,15
210000,134,30,35.3,0.1,0.0,15.5,0.1,7
211000,109,58,34.4,0.0,0.0,15.9,0.0,24
211000,134,47,32.1,0.0,0.0,15.1,0.0,16
211000,106,17,21.2,18.2,0.0,19.2,15.7,3
212000,134,69,33.8,0.1,0.0,15.9,0.0,12
212000,109,34,36.6,0.0,0.0,15.1,0.0,14
212000,106,25,20.5,16.8,0.0,21.0,16.8,2
213000,139,96,38.2,0.0,0.0,14.8,0.0,24
213000,106,72,21.6,16.5,0.2,20.0,16.4,5
213000,109,55,38.8,0.0,0.0,15.9,0.0,20
213000,134,12,38.2,0.0,0.0,17.7,0.0,6
214000,139,141,35.9,0.0,0.0,15.0,0.0,35
214000,109,90,31.8,0.0,0.0,15.6,0.0,32
214000,106,20,20.0,17.0,0.0,21.0,17.0,1
214000,134,13,32.8,0.0,0.0,19.9,0.0,5
215000,139,105,36.3,0.0,0.0,14.9,0.0,24
215000,109,91,21.7,0.0,0.0,13.7,0.0,26
215000,106,71,13.5,11.4,0.0,16.8,11.3,10
215000,134,22,32.5,0.0,0.0,20.7,0.0,4
216000,139,107,33.7,0.0,0.0,14.6,0.0,24
216000,109,87,1.6,0.0,0.0,12.4,0.0,36
216000,106,56,19.9,17.9,0.0,20.4,16.9,4
216000,134,17,34.2,0.0,0.0,20.0,0.0,2
217000,139,160,36.0,0.0,0.0,14.2,0.0,35
217000,106,25,19.9,16.7,0.0,21.1,16.7,2
217000,109,21,1.0,0.8,0.0,11.8,0.0,9
217000,134,10,34.3,0.0,0.0,19.7,0.0,3
218000,139,194,31.4,0.0,0.0,14.6,0.0,52
218000,109,42,0.3,0.4,0.0,12.3,0.0,17
218000,106,31,20.2,17.1,0.0,20.9,16.3,3
218000,134,8,36.0,0.0,0.0,20.8,0.0,4
219000,139,141,29.0,0.0,0.0,14.7,0.0,35
219000,106,98,21.7,16.4,0.0,20.4,16.4,10
220000,139,149,35.6,0.0,0.0,16.3,0.0,58
220000,134,49,39.3,0.0,0.0,20.1,0.0,19
220000,106,40,33.7,12.7,0.0,17.4,12.7,13
221000,106,92,26.0,17.1,0.5,20.2,17.0,11
221000,139,80,0.3,0.4,0.0,16.9,0.0,37
221000,134,44,41.3,0.9,0.0,19.4,0.9,22
222000,106,55,21.8,19.7,0.0,22.3,19.4,5
222000,134,49,39.8,0.0,0.0,21.1,0.0,18
223000,106,53,23.1,19.3,0.0,21.6,19.3,5
223000,134,20,26.0,0.0,0.0,17.6,0.0,12
224000,106,20,21.5,20.6,0.0,21.9,19.6,3
225000,144,131,42.0,0.1,0.0,17.0,0.1,26
225000,106,50,21.5,19.3,0.0,21.4,18.7,6
226000,144,164,42.2,0.1,0.0,16.8,0.1,34
226000,106,40,22.1,20.2,0.0,21.8,20.1,3
226000,145,8,42.6,0.0,0.0,16.1,0.0,3
227000,144,140,42.4,0.0,0.0,16.9,0.0,32
227000,106,56,22.1,20.0,0.0,22.0,20.0,2
228000,144,171,40.4,0.1,0.0,18.0,0.1,45
228000,145,27,40.0,0.0,0.0,18.3,0.0,6
228000,106,19,22.0,20.0,0.0,22.0,20.0,1
229000,144,162,38.6,0.1,0.0,16.8,0.1,42
229000,145,52,39.5,0.0,0.0,17.9,0.0,16
229000,106,23,22.0,20.0,0.0,22.0,20.0,1
230000,144,125,41.2,0.3,0.0,15.9,0.3,37
230000,106,69,22.2,19.8,0.0,21.8,19.7,6
230000,145,29,42.7,0.9,0.0,16.6,0.9,15
231000,144,196,36.4,0.0,0.0,16.9,0.0,57
231000,145,36,41.6,0.0,0.0,18.2,0.0,9
231000,106,14,22.0,20.6,0.0,21.4,20.6,2
232000,144,161,42.0,0.0,0.0,16.7,0.0,37
232000,145,54,41.7,0.1,0.0,19.1,0.1,13
232000,106,20,22.0,20.5,0.0,21.5,20.5,2
233000,144,145,41.8,0.1,0.0,17.0,0.1,30
233000,106,44,22.0,20.5,0.0,21.5,20.5,2
233000,145,29,43.2,0.0,0.0,18.6,0.0,9
234000,144,170,22.2,0.9,0.0,14.7,0.3,59
234000,106,71,22.4,21.1,0.0,20.5,21.1,4
234000,145,46,22.5,1.7,0.0,17.2,0.7,19
235000,145,193,12.0,1.3,0.0,12.3,0.4,74
235000,106,59,21.7,20.9,0.0,21.1,20.5,4
235000,144,50,41.6,0.0,0.0,17.4,0.0,8
236000,145,179,1.1,0.2,0.0,11.5,0.2,48
236000,106,67,22.7,20.3,0.0,20.6,20.0,7
236000,144,64,41.1,0.0,0.0,17.2,0.0,12
237000,144,149,41.1,0.0,0.0,17.3,0.0,24
237000,145,68,1.1,0.0,0.0,13.5,0.0,36
237000,106,28,21.3,21.6,0.0,21.1,20.4,2
238000,144,222,33.4,0.2,0.0,16.0,0.1,67
238000,106,10,22.0,21.0,0.0,21.0,21.0,1
239000,144,194,41.0,0.2,0.0,16.5,0.2,38
239000,106,21,23.0,20.0,0.0,21.0,20.0,2
240000,144,175,41.1,0.4,0.0,16.4,0.4,36
240000,106,29,21.8,20.9,0.0,21.1,20.8,2
240000,150,12,43.0,0.3,0.0,16.3,0.3,3
241000,144,163,41.4,0.3,0.0,17.1,0.3,33
241000,106,33,21.3,21.0,0.0,20.7,20.4,2
241000,150,6,43.3,0.0,0.0,17.3,0.0,2
242000,144,215,24.2,0.2,0.0,15.6,0.2,62
242000,106,45,20.9,19.9,0.0,21.7,19.6,7
242000,150,19,42.1,0.4,0.0,18.4,0.4,5
243000,144,200,37.1,0.1,0.0,15.3,0.1,57
243000,106,27,21.9,21.4,0.0,20.3,20.8,2
243000,150,22,41.2,0.7,0.0,18.6,0.7,8
244000,144,123,43.7,0.2,0.0,17.3,0.2,33
244000,106,51,22.1,20.8,0.0,21.1,20.7,5
244000,150,33,42.9,0.3,0.0,17.5,0.3,12
245000,144,112,40.2,0.9,0.0,16.0,0.8,32
245000,150,48,43.1,0.0,0.0,18.0,0.0,10
245000,106,43,21.6,20.5,0.1,21.1,20.5,2
246000,144,115,42.6,0.5,0.0,16.7,0.5,36
246000,106,55,22.0,20.9,0.0,21.1,20.7,5
246000,150,41,41.8,0.2,0.0,17.6,0.2,9
247000,144,130,41.3,0.7,0.0,16.6,0.7,31
247000,150,81,42.0,0.2,0.0,17.9,0.2,13
247000,106,14,22.0,21.0,0.0,21.0,21.0,1
248000,144,116,41.0,1.1,0.0,16.7,0.9,27
248000,150,99,39.2,0.8,0.0,17.0,0.4,26
248000,106,21,21.8,20.9,0.0,21.1,20.6,4
249000,144,100,40.5,1.2,0.0,16.6,0.9,25
249000,150,81,42.6,0.3,0.0,17.9,0.3,19
249000,106,34,22.0,21.0,0.0,21.0,21.0,1
250000,150,124,36.5,0.8,0.0,17.3,0.2,30
250000,144,84,41.3,1.0,0.0,16.6,0.8,23
250000,106,28,22.3,20.5,0.0,21.2,20.5,3
251000,150,98,37.2,0.2,0.0,18.2,0.1,30
251000,144,95,41.9,0.7,0.0,16.6,0.7,22
251000,106,30,22.0,21.0,0.0,21.0,21.0,1
252000,106,124,22.7,21.3,0.0,20.0,21.1,5
252000,150,39,43.0,0.6,0.0,17.7,0.3,13
252000,144,27,44.0,0.2,0.0,16.0,0.2,16
253000,150,121,44.0,0.2,0.0,18.4,0.2,25
253000,144,67,44.6,0.0,0.0,16.2,0.0,20
253000,106,24,23.2,20.4,0.0,20.4,20.4,3
254000,144,93,25.3,0.9,0.0,15.0,0.2,36
254000,106,76,22.7,20.8,0.0,20.5,20.8,6
254000,150,52,44.1,0.0,0.0,19.5,0.0,13
255000,144,194,9.7,0.3,0.0,12.3,0.0,58
255000,150,57,43.2,0.1,0.0,18.7,0.1,14
255000,106,44,21.5,20.8,0.0,20.1,19.8,6
256000,144,76,17.4,0.1,0.0,13.5,0.1,37
256000,106,58,21.8,21.1,0.0,21.1,20.9,2
256000,150,52,44.6,0.1,0.0,18.8,0.1,11
257000,144,115,4.4,0.1,0.0,11.2,0.1,45
257000,150,67,44.3,0.0,0.0,19.4,0.0,14
257000,106,56,22.0,21.0,0.0,21.0,21.0,1
258000,106,73,21.8,21.2,0.0,21.1,20.6,3
258000,150,38,44.0,0.2,0.0,19.1,0.2,8
258000,144,14,3.7,0.0,0.0,9.9,0.0,5
259000,144,127,32.6,0.6,0.1,14.9,0.5,44
259000,150,56,43.6,0.2,0.0,18.9,0.2,17
259000,106,46,22.7,20.9,0.0,20.4,20.9,4
260000,150,105,41.9,0.4,0.0,18.5,0.3,37
260000,144,94,42.8,0.9,0.0,15.4,0.6,20
260000,106,25,22.0,21.0,0.0,21.0,21.0,1
261000,150,159,19.9,0.1,0.0,14.9,0.1,65
261000,106,50,21.8,20.4,0.0,20.5,20.0,4
261000,144,46,42.1,1.2,0.0,14.6,1.1,10
262000,150,153,31.5,0.7,0.0,17.0,0.6,44
262000,144,48,43.7,0.9,0.0,14.9,0.9,13
262000,106,31,21.3,21.4,0.0,20.9,20.0,4
263000,150,181,28.4,0.5,0.0,16.4,0.4,62
263000,144,52,43.6,1.0,0.0,14.8,1.0,14
263000,106,32,20.6,21.0,0.0,20.4,19.7,4
264000,150,176,27.9,0.7,0.0,16.7,0.6,45
264000,144,36,43.4,1.4,0.0,15.0,1.4,10
264000,106,32,21.2,20.5,0.0,21.5,20.1,3
265000,150,109,40.3,1.1,0.0,18.6,0.9,28
265000,106,56,22.4,20.6,0.2,20.8,20.6,3
265000,144,35,42.9,3.7,0.0,15.2,3.7,9
266000,150,100,40.5,0.8,0.0,18.4,0.8,22
266000,144,48,39.8,4.0,0.0,16.5,4.0,15
266000,106,45,21.9,20.9,0.0,21.2,20.1,5
267000,150,138,42.2,0.7,0.0,18.9,0.7,28
267000,144,25,41.3,2.9,0.0,17.0,2.9,6
267000,106,23,21.2,22.3,0.0,20.5,20.2,2
268000,150,137,42.0,0.8,0.0,19.4,0.8,27
268000,106,33,20.7,21.0,0.0,19.7,19.7,2
268000,144,29,41.8,2.4,0.0,16.2,2.4,5
269000,150,170,42.1,0.6,0.0,19.3,0.6,43
269000,163,28,14.2,4.6,0.0,11.2,4.6,6
269000,144,25,40.5,2.2,0.0,17.6,2.1,3
269000,106,9,22.0,21.0,0.0,21.0,21.0,1
270000,150,223,38.2,0.8,0.0,18.7,0.8,63
270000,144,8,38.2,1.8,0.0,20.9,1.8,4
270000,106,7,21.7,20.7,0.0,21.6,20.7,2
271000,150,224,28.2,0.8,0.0,16.4,0.8,61
271000,106,36,21.3,21.1,0.0,21.5,20.2,5
271000,144,8,42.6,2.6,0.0,17.0,2.6,2
272000,150,226,29.9,0.8,0.0,17.2,0.7,65
272000,144,15,42.3,2.3,0.0,16.7,2.3,4
272000,106,11,21.0,19.7,1.3,22.0,19.7,4
273000,150,187,40.8,0.8,0.0,18.9,0.7,45
273000,144,26,41.3,2.3,0.0,17.0,1.9,7
273000,106,9,22.0,21.0,0.0,21.0,21.0,1
274000,150,182,40.2,0.8,0.0,18.9,0.8,43
274000,106,23,21.9,20.9,0.0,21.2,20.9,2
274000,144,22,41.7,2.5,0.0,17.1,2.5,7
275000,150,205,39.0,0.6,0.0,17.6,0.3,72
275000,106,14,22.7,21.1,0.0,18.7,20.1,3
276000,150,226,29.1,1.0,0.0,15.7,0.7,70
276000,106,32,22.9,20.8,0.0,19.9,20.2,5
277000,150,177,44.2,0.3,0.0,18.5,0.3,44
277000,106,32,22.0,21.4,0.2,19.5,20.2,5
278000,150,158,43.9,0.3,0.0,18.0,0.3,39
278000,106,28,22.4,21.1,0.5,19.8,20.8,3
279000,150,213,41.6,0.5,0.0,18.6,0.5,60
279000,106,16,21.4,23.7,0.0,18.8,21.0,3
280000,150,183,44.8,0.4,0.0,18.5,0.4,37
280000,106,27,22.0,25.0,0.0,17.0,22.0,1
281000,150,231,26.7,0.7,0.0,16.0,0.5,86
281000,106,41,22.0,25.0,0.0,17.0,22.0,1
282000,150,187,27.6,0.8,0.0,15.0,0.4,67
282000,106,66,21.8,24.4,0.0,17.6,21.1,5
283000,150,216,37.5,0.6,0.0,17.5,0.5,58
283000,106,15,21.9,23.4,0.3,18.1,20.2,3
284000,150,99,43.0,0.6,0.0,16.4,0.6,44
284000,106,94,23.1,24.1,0.2,16.5,22.2,7
285000,150,178,41.0,0.7,0.0,17.1,0.7,46
285000,106,42,22.1,25.0,0.0,17.0,22.0,3
286000,150,158,44.7,0.7,0.0,16.9,0.6,39
286000,106,30,22.0,25.1,0.0,16.0,21.4,3
287000,150,137,40.4,0.8,0.0,16.8,0.6,38
287000,106,48,22.0,25.2,0.0,16.8,21.9,2
288000,150,239,32.5,0.4,0.0,16.1,0.4,77
288000,106,17,22.0,25.0,0.0,17.0,22.0,1
289000,150,132,45.4,0.8,0.0,16.7,0.8,33
289000,106,57,22.1,25.0,0.0,16.9,22.1,2
290000,150,182,44.9,0.4,0.0,17.8,0.4,42
290000,106,19,21.8,24.8,0.0,17.3,21.8,3
291000,150,181,39.6,1.0,0.0,17.8,0.5,49
291000,106,13,21.7,25.5,0.0,16.8,21.7,4
292000,150,234,34.3,0.5,0.0,16.1,0.5,86
292000,106,14,21.5,24.0,0.4,18.1,19.3,6
293000,150,213,41.1,0.9,0.0,17.2,0.6,59
293000,106,10,20.6,25.4,0.0,18.0,19.6,4
294000,150,77,45.6,0.8,0.0,16.9,0.8,12
294000,106,68,23.0,23.7,0.0,17.3,21.7,6
295000,150,139,45.0,0.7,0.0,17.3,0.7,27
295000,106,39,21.8,24.5,0.0,17.6,21.4,2
296000,150,169,43.8,0.7,0.0,17.9,0.7,34
296000,106,14,22.6,24.1,0.0,17.3,21.8,3
297000,150,168,45.3,0.6,0.0,17.0,0.6,30
297000,106,26,22.8,24.2,0.0,17.0,22.2,3
298000,150,167,42.0,0.7,0.0,16.8,0.4,35
298000,173,37,41.5,0.2,0.0,17.9,0.2,14
298000,106,6,19.5,23.2,0.0,19.3,19.2,4
299000,150,182,39.0,1.0,0.0,16.8,0.3,40
299000,173,31,46.2,0.0,0.0,16.9,0.0,10
299000,106,17,23.6,23.6,0.0,16.8,23.0,2
300000,150,185,42.3,1.7,0.0,17.9,0.8,42
300000,106,16,23.0,23.0,0.0,18.0,23.0,1
300000,173,12,46.2,0.0,0.0,17.8,0.0,3
301000,150,166,39.3,0.6,0.0,17.7,0.5,34
301000,106,27,21.5,22.3,0.0,19.2,21.5,2
301000,173,22,45.4,0.0,0.0,18.6,0.0,4
302000,150,131,45.0,0.5,0.0,17.2,0.5,23
302000,106,37,18.0,19.2,0.1,22.7,16.5,5
302000,173,18,46.2,0.0,0.0,17.8,0.0,3
303000,150,149,45.0,0.5,0.0,17.6,0.5,37
303000,173,35,43.1,0.0,0.0,17.4,0.0,11
303000,106,29,14.2,17.9,0.1,25.8,13.6,5
304000,150,139,34.4,0.2,0.0,18.3,0.2,48
304000,173,101,28.4,0.1,0.0,15.5,0.0,49
304000,106,20,19.4,17.5,0.7,21.5,14.3,4
305000,150,113,40.9,1.0,0.0,18.2,0.6,51
305000,106,50,18.3,19.8,0.0,22.6,16.6,8
305000,173,28,40.6,0.0,0.0,16.2,0.0,10
306000,150,98,32.1,0.3,0.0,18.9,0.3,45
306000,173,66,30.8,0.0,0.0,14.8,0.0,26
306000,106,40,13.9,17.8,0.4,25.0,13.0,5
307000,150,120,23.7,0.4,0.0,18.0,0.3,36
307000,173,46,32.0,0.0,0.0,13.8,0.0,13
307000,106,45,14.2,17.6,0.2,25.4,12.9,4
308000,106,111,22.6,20.5,0.0,20.5,19.0,14
308000,173,26,36.8,0.5,0.0,17.5,0.5,17
309000,150,30,29.8,0.0,0.0,20.1,0.0,9
309000,173,24,45.2,0.4,0.0,16.9,0.4,5
309000,106,24,25.3,20.4,0.0,18.3,20.4,2
310000,106,69,23.9,21.1,0.0,19.0,20.9,2
310000,173,6,44.7,5.7,0.0,12.7,5.7,2
311000,182,157,42.2,0.5,0.0,16.4,0.5,43
311000,106,46,24.8,20.5,0.0,18.7,20.5,2
312000,182,164,42.2,0.7,0.0,17.1,0.7,46
312000,106,43,24.0,21.0,0.0,19.0,21.0,1
313000,182,226,30.5,0.6,0.0,16.0,0.2,61
313000,106,36,26.0,19.9,0.0,18.1,19.9,4
314000,182,219,36.8,0.3,0.0,15.4,0.2,49
314000,106,22,24.0,21.0,0.0,19.0,21.0,1
315000,182,259,30.5,0.2,0.0,17.1,0.2,61
315000,106,22,24.3,20.6,0.0,19.0,20.6,3
316000,182,249,35.7,0.4,0.0,16.5,0.3,60
316000,106,11,24.0,21.0,0.0,19.0,21.0,1
317000,182,142,41.7,0.6,0.0,17.0,0.6,29
317000,106,60,24.3,20.8,0.0,18.9,20.8,2
318000,182,235,35.4,0.6,0.0,16.4,0.5,57
318000,106,13,24.0,21.0,0.0,19.0,21.0,1
319000,182,222,28.4,0.4,0.0,15.3,0.3,74
319000,106,43,25.0,20.5,0.0,18.5,19.9,5
320000,182,198,41.5,0.5,0.0,16.4,0.5,52
320000,106,26,25.1,20.2,0.0,18.6,20.2,2
321000,182,227,18.5,0.9,0.0,13.3,0.8,92
321000,106,56,24.8,20.4,0.0,18.8,20.4,3
322000,182,159,41.2,0.5,0.0,16.8,0.5,32
322000,106,70,24.0,21.0,0.0,19.0,21.0,1
323000,182,248,33.4,3.8,0.0,16.8,3.5,95
324000,182,258,26.2,5.4,0.0,15.6,4.2,104
325000,182,278,28.0,0.4,0.0,15.6,0.4,82
326000,182,258,31.4,0.5,0.0,15.6,0.5,64
327000,182,279,30.4,0.3,0.0,15.3,0.2,61
328000,182,286,25.8,2.6,0.0,16.7,2.4,104
329000,182,265,31.0,2.4,0.0,15.3,2.2,64
330000,182,284,28.5,2.9,0.0,13.9,2.7,82
331000,182,178,28.3,0.4,0.0,14.5,0.4,55
332000,182,239,24.7,0.2,0.0,14.2,0.2,68
333000,182,198,31.7,3.2,0.0,15.0,2.9,45
334000,182,186,25.8,3.3,0.0,14.3,2.3,52
335000,182,393,18.9,1.4,0.0,11.4,1.2,134
335000,192,18,28.3,3.5,0.0,15.1,3.2,8
336000,182,266,31.4,1.1,0.0,14.5,0.8,66
337000,182,261,31.9,0.1,0.0,14.9,0.1,48
338000,182,264,32.0,1.4,0.0,15.4,1.0,56
339000,182,237,28.2,0.1,0.0,14.0,0.1,46
340000,182,263,32.2,0.1,0.0,14.8,0.1,44
341000,182,239,29.8,0.4,0.0,14.5,0.3,55
342000,182,282,22.6,3.2,0.0,13.6,2.5,64
343000,182,265,32.5,0.4,0.0,14.1,0.3,64
344000,182,282,29.2,0.1,0.0,14.4,0.1,63
345000,182,230,30.0,0.3,0.0,13.6,0.3,53
346000,182,249,34.4,0.2,0.0,16.3,0.2,71
347000,182,221,33.7,0.6,0.0,15.1,0.3,49
348000,182,229,34.5,0.3,0.0,14.3,0.3,34
349000,182,252,34.2,0.6,0.0,13.6,0.5,57
349000,203,23,22.0,25.0,0.0,17.0,17.0,1
350000,182,229,35.0,0.9,0.0,13.7,0.9,44
350000,203,12,22.0,25.0,0.0,17.0,17.0,1
351000,182,102,35.1,0.9,0.0,14.3,0.9,42
351000,203,81,23.9,19.3,0.0,17.0,17.0,10
352000,182,257,27.2,0.6,0.0,14.9,0.1,96
352000,203,29,25.2,17.3,0.0,17.3,17.3,5
353000,182,117,27.0,1.5,0.0,12.1,0.3,27
353000,203,50,23.3,20.0,0.0,16.9,17.8,10
354000,182,90,37.9,0.2,0.0,13.7,0.0,36
354000,203,88,26.0,19.1,0.0,16.3,18.3,13
355000,182,203,28.7,0.4,0.0,14.7,0.3,53
355000,203,23,26.9,18.5,0.0,16.3,18.5,4
356000,182,90,39.4,0.0,0.0,16.0,0.0,17
356000,203,61,24.2,18.5,0.0,17.2,17.6,11
357000,182,172,36.1,1.1,0.0,15.8,0.6,34
357000,214,32,0.1,1.2,0.3,9.1,0.1,13
357000,203,20,25.8,18.2,0.0,17.0,18.2,4
358000,182,173,33.1,0.0,0.0,14.9,0.0,54
358000,203,5,20.0,24.0,0.0,16.0,15.0,1
359000,182,172,35.8,0.0,0.0,16.0,0.0,53
359000,221,34,40.1,0.0,0.0,12.5,0.0,6
360000,182,215,31.4,0.4,0.0,14.0,0.3,68
360000,221,21,34.1,0.0,0.0,12.4,0.0,7
361000,182,295,30.0,0.6,0.0,12.5,0.5,77
362000,182,310,21.1,1.4,0.0,11.1,1.2,104
362000,226,13,10.8,4.3,0.0,7.1,3.7,4
363000,182,308,20.6,0.0,0.0,11.2,0.0,98
364000,182,321,17.0,0.9,0.0,10.7,0.7,111
365000,182,142,35.3,0.0,0.0,20.0,0.0,58
366000,231,84,34.2,11.3,0.0,15.8,11.1,24
366000,182,56,34.3,0.1,0.0,18.4,0.1,22
367000,182,170,36.8,0.4,0.0,15.1,0.4,33
367000,231,43,26.0,19.2,0.0,18.6,17.3,4
368000,182,168,32.2,0.9,0.0,14.7,0.7,31
368000,231,33,25.5,20.5,0.0,17.8,17.6,4
369000,182,245,35.9,0.4,0.0,14.0,0.3,47
369000,231,12,24.9,20.2,0.0,18.8,18.0,2
370000,233,209,4.9,0.4,0.0,8.9,0.2,64
370000,182,107,31.2,0.0,0.0,10.1,0.0,23
370000,231,20,24.4,20.7,0.0,19.0,17.1,4
371000,182,113,33.5,0.4,0.0,10.3,0.2,20
371000,233,32,6.1,0.0,0.5,16.2,0.0,11
371000,231,31,25.0,20.0,0.0,19.0,18.0,1
372000,182,260,35.0,0.3,0.0,14.7,0.3,48
372000,231,5,23.4,20.6,0.0,20.0,17.4,2
373000,182,145,33.8,1.7,0.0,15.8,1.6,42
374000,182,87,34.2,3.3,0.0,16.6,3.0,33
375000,182,35,29.6,5.0,0.0,16.0,4.9,16
376000,182,39,33.8,5.8,0.0,16.3,5.8,9
377000,236,236,26.0,0.5,0.0,14.7,0.3,51
377000,182,36,25.8,17.1,0.0,19.3,15.3,5
378000,236,297,31.3,0.0,0.0,13.7,0.0,64
379000,236,291,29.2,0.2,0.0,13.3,0.1,62
379000,182,21,27.0,17.0,0.0,18.0,17.0,1
380000,236,269,30.7,0.2,0.0,13.4,0.1,56
380000,182,26,27.7,16.2,0.0,18.1,16.2,3
381000,236,256,27.6,0.1,0.0,13.9,0.1,76
381000,182,37,28.2,15.7,0.0,18.1,15.5,6
382000,236,272,28.2,1.0,0.2,12.3,0.5,79
382000,182,19,24.9,17.0,0.0,18.5,15.2,3
383000,236,225,31.2,0.2,0.0,13.7,0.2,55
383000,182,38,26.7,17.1,0.0,17.8,16.1,3
384000,236,295,19.0,1.0,0.0,12.7,0.7,107
384000,182,37,25.5,14.8,0.0,21.4,13.7,9
385000,236,280,33.3,0.1,0.0,14.1,0.1,49
385000,182,5,27.0,17.0,0.0,18.0,17.0,1
386000,236,261,26.2,0.2,0.0,13.3,0.1,67
386000,182,37,29.0,14.9,0.3,17.6,14.9,5
387000,236,241,26.6,0.2,0.0,13.7,0.1,71
387000,182,23,26.8,17.6,0.0,16.6,16.7,4
388000,236,226,34.5,0.2,0.0,13.9,0.2,45
388000,182,16,27.0,17.0,0.0,18.0,17.0,1
389000,236,248,34.2,0.3,0.0,14.0,0.3,51
389000,182,20,27.8,16.3,0.0,17.8,16.3,2
390000,236,307,29.1,0.1,0.0,14.9,0.1,87
391000,236,157,28.4,0.1,0.0,12.8,0.1,40
391000,182,59,28.9,15.4,0.0,17.4,15.4,9
392000,236,242,34.0,0.2,0.0,14.9,0.2,44
392000,182,19,27.0,17.0,0.0,18.0,17.0,1
393000,236,306,28.4,0.5,0.0,14.6,0.3,74
394000,236,268,30.7,1.2,0.0,16.1,1.1,69
395000,236,263,33.6,0.8,0.0,14.6,0.7,56
396000,236,280,32.4,0.5,0.0,14.4,0.4,69
397000,236,180,37.6,1.5,0.0,14.8,1.4,43
398000,236,281,25.7,0.9,0.0,15.7,0.9,102
399000,236,271,26.8,0.8,0.0,16.0,0.7,77
400000,236,209,27.2,0.4,0.0,15.4,0.3,54
401000,250,97,22.1,17.5,0.0,14.6,17.1,12
401000,236,68,22.4,0.5,0.0,19.0,0.1,39
402000,250,195,24.7,18.5,0.0,16.7,18.3,12
403000,250,177,35.7,5.2,0.0,20.9,5.2,41
404000,250,152,39.8,1.7,0.0,21.9,1.7,46
405000,250,202,34.4,1.4,0.0,23.2,1.4,59
406000,250,195,36.0,2.1,0.0,23.8,2.1,59
407000,250,209,29.4,2.8,0.0,23.6,2.7,63
407000,251,11,23.3,6.5,0.0,11.2,3.9,8
408000,250,204,35.9,1.7,0.0,24.0,1.7,61
409000,250,215,36.6,2.9,0.0,23.8,2.9,46
410000,250,160,37.9,0.1,0.0,25.9,0.1,24
411000,250,221,32.4,2.1,0.0,23.3,1.9,49
412000,250,136,27.0,18.8,0.0,18.2,18.8,5
413000,250,36,29.2,16.9,0.0,17.8,16.4,7
414000,250,71,26.1,21.7,0.0,16.1,21.7,3
416000,259,269,30.9,0.7,0.0,19.0,0.3,83
417000,259,209,40.2,4.7,0.0,19.1,4.6,44
418000,259,213,41.7,2.5,0.0,19.6,2.5,35
419000,259,199,41.2,2.3,0.0,19.8,2.0,39
420000,259,200,39.8,3.1,0.0,19.2,3.1,39
421000,259,113,45.1,0.2,0.0,18.3,0.2,20
422000,259,209,39.8,2.5,0.0,21.4,2.5,51
423000,259,203,35.4,2.3,0.0,25.1,2.3,56
423000,260,8,33.4,1.0,0.0,27.6,1.0,4
424000,259,177,37.4,2.7,0.0,23.6,2.7,48
424000,260,6,34.0,2.5,0.0,23.0,2.5,3
425000,259,114,35.3,1.8,0.0,26.3,1.6,32
427000,259,190,4.6,6.2,0.7,11.4,3.4,60
428000,259,112,23.1,23.8,1.0,16.1,19.8,3
428000,262,88,40.7,0.9,0.0,22.5,0.9,21
429000,262,173,39.2,0.3,0.0,23.7,0.2,42
430000,262,189,43.9,0.0,0.0,20.0,0.0,31
431000,262,215,41.9,0.9,0.0,21.1,0.7,53
432000,262,189,31.7,1.6,0.0,22.9,1.4,59
433000,262,174,40.5,1.2,0.0,22.0,1.1,50
434000,262,196,38.8,1.2,0.0,22.7,0.8,52
435000,262,179,37.8,1.9,0.0,22.6,1.9,48
436000,262,175,32.2,6.5,0.0,21.8,5.9,45
437000,262,183,43.5,0.4,0.0,20.0,0.2,29
438000,262,132,42.6,0.8,0.0,20.4,0.8,30
439000,262,169,41.7,1.2,0.0,20.2,1.2,45
439000,270,8,11.8,0.0,0.0,11.0,0.0,3
440000,262,135,39.0,1.2,0.0,21.3,1.2,39
440000,270,13,14.7,0.0,0.0,13.3,0.0,4
441000,262,184,32.9,1.5,0.0,20.4,1.3,63
442000,262,95,41.2,2.1,0.0,19.5,1.2,32
442000,273,85,21.6,19.8,0.0,18.5,17.2,21
443000,262,195,41.8,1.1,0.0,20.1,0.7,47
443000,273,20,18.0,18.0,0.0,18.0,17.0,1
444000,262,205,40.9,1.7,0.0,20.0,1.2,57
445000,262,195,42.8,0.7,0.0,19.7,0.4,42
445000,273,9,18.0,18.0,0.0,18.0,17.0,1
446000,262,202,42.3,0.7,0.0,20.0,0.6,46
446000,273,15,18.0,18.0,0.0,18.0,17.0,1
447000,262,201,41.8,0.8,0.0,20.2,0.6,53
447000,273,12,16.5,21.8,0.0,16.5,15.6,2
448000,262,203,39.9,1.0,0.0,20.7,0.9,66
449000,262,147,39.7,0.9,0.0,21.8,0.6,55
450000,262,169,38.5,1.7,0.0,21.3,1.6,47
451000,262,170,37.7,1.1,0.0,21.3,0.8,49
452000,262,147,36.0,1.9,0.0,21.8,1.2,53
453000,262,172,32.7,2.8,0.0,20.5,2.4,56
453000,277,96,25.0,0.2,0.0,14.8,0.2,33
454000,277,244,22.9,0.5,0.0,14.9,0.5,70
454000,262,64,27.4,2.8,0.0,18.8,2.7,22
455000,262,169,33.4,1.3,0.0,21.2,1.0,38
455000,277,45,27.9,2.5,0.0,16.8,2.0,19
456000,262,190,29.5,1.5,0.0,21.6,1.1,55
456000,277,34,25.1,0.1,0.0,15.8,0.1,9
457000,262,224,26.9,1.6,0.0,20.7,1.0,60
457000,277,11,29.5,0.0,0.0,13.7,0.0,3
458000,262,240,35.5,0.6,0.0,20.0,0.3,70
459000,262,290,28.1,1.1,0.0,18.0,0.4,93
460000,262,274,30.3,0.8,0.0,19.2,0.5,73
461000,262,268,26.6,1.3,0.0,18.4,0.6,96
462000,262,275,30.4,1.5,0.0,17.3,1.2,92
463000,262,242,32.2,2.0,0.0,17.6,1.8,72
464000,262,155,30.3,3.7,0.0,17.2,3.1,48
465000,262,31,28.2,0.4,0.0,20.5,0.4,7
466000,262,187,22.5,2.1,0.0,16.5,0.8,43
467000,262,76,26.6,2.9,0.0,13.7,0.4,31
468000,262,31,38.9,0.0,0.0,17.2,0.0,8
469000,290,102,36.8,3.2,0.0,18.6,2.5,50
469000,262,32,43.4,0.0,0.0,16.0,0.0,6
470000,290,115,41.5,0.7,0.0,18.7,0.4,32
470000,262,106,30.6,2.2,0.0,13.4,0.0,39
471000,262,156,28.1,0.3,0.0,14.4,0.2,25
471000,290,34,28.7,2.0,0.0,17.2,2.0,11
472000,262,287,27.7,0.3,0.0,14.3,0.1,52
473000,262,159,22.1,1.3,0.0,12.2,0.3,70
473000,293,91,17.7,16.2,0.0,21.8,14.5,9
474000,262,277,31.3,1.5,0.0,13.9,1.2,66
474000,293,6,24.0,19.0,0.0,18.0,16.0,1
475000,262,121,16.0,4.0,0.0,18.6,0.2,61
476000,262,228,2.1,0.9,0.0,8.3,0.0,66
477000,262,50,6.7,4.6,0.0,13.3,0.3,18
478000,262,85,6.9,5.1,0.0,11.8,0.5,40
479000,295,152,43.0,2.5,0.0,14.2,2.3,29
479000,262,65,13.3,0.0,0.1,11.4,0.0,27
480000,262,186,13.0,1.8,0.0,12.5,0.8,75
480000,295,93,42.4,4.0,0.0,13.7,3.5,12
481000,295,184,41.7,3.5,0.0,14.3,3.2,30
481000,262,38,14.8,0.8,0.2,15.2,0.3,17
482000,295,165,42.0,2.2,0.0,15.3,2.0,28
482000,301,39,21.8,19.1,0.0,22.8,16.8,5
482000,262,13,12.0,2.2,0.0,9.7,0.2,10
483000,295,225,38.0,0.8,0.0,15.1,0.8,58
483000,301,19,22.5,17.0,0.0,24.4,16.1,3
484000,295,235,35.7,1.0,0.0,16.5,0.5,63
484000,301,13,22.0,19.0,0.0,23.0,18.0,1
485000,295,249,33.4,0.9,0.0,16.4,0.7,50
485000,301,8,23.2,19.4,0.0,21.4,18.5,2
486000,295,261,27.1,1.4,0.0,15.4,1.0,93
486000,301,10,22.0,19.0,0.0,23.0,18.0,1
487000,295,140,26.1,16.0,0.0,18.1,14.5,29
487000,301,42,22.5,19.3,0.0,22.2,15.9,5
488000,295,195,37.8,9.5,0.0,16.6,8.8,27
488000,301,9,46.0,2.1,0.0,15.9,2.0,2
489000,295,203,40.7,4.3,0.0,15.2,4.1,39
490000,295,199,41.5,6.1,0.0,15.7,5.7,35
491000,295,212,41.3,3.9,0.0,16.4,3.7,51
492000,295,207,40.8,3.8,0.0,16.6,3.2,49
493000,295,209,34.5,4.9,0.0,17.5,4.4,41
494000,295,110,27.3,19.1,0.0,17.2,17.5,11
495000,295,128,37.2,7.2,0.0,16.5,6.2,22
496000,295,143,31.1,7.9,0.0,15.8,6.3,30
497000,295,160,36.8,5.7,0.0,15.0,4.2,25
497000,306,12,46.8,0.3,0.0,16.8,0.3,6
498000,295,170,28.6,9.7,0.0,17.8,7.9,37
498000,308,43,48.6,0.0,0.0,15.3,0.0,5
498000,306,8,46.4,0.6,0.0,14.9,0.6,5
499000,295,163,32.5,10.0,0.0,16.7,7.8,21
499000,308,40,48.3,0.0,0.0,15.6,0.0,6
499000,306,17,49.4,0.9,0.0,13.7,0.9,7
500000,295,161,30.3,5.6,0.0,16.0,4.4,31
500000,306,37,47.1,1.1,0.0,15.5,1.1,10
500000,308,28,47.0,0.4,0.0,16.1,0.4,7
501000,295,180,27.2,8.3,0.0,15.2,6.1,30
501000,306,35,47.1,1.3,0.0,15.1,1.3,8
501000,308,21,47.4,0.0,0.0,15.8,0.0,4
502000,295,200,27.0,5.9,0.0,15.9,3.9,47
502000,306,32,47.0,1.7,0.0,15.2,1.7,8
502000,308,11,47.4,0.8,0.0,15.8,0.8,2
503000,295,164,30.7,10.7,0.0,15.6,9.9,17
503000,306,42,47.2,1.3,0.0,15.3,1.3,8
504000,295,161,36.7,8.5,0.0,16.1,7.0,12
504000,306,26,48.0,1.0,0.0,15.0,1.0,6
505000,295,178,37.6,7.1,0.0,16.1,5.4,19
505000,306,16,48.4,0.7,0.0,14.9,0.7,5
505000,308,10,45.7,3.1,0.0,15.2,2.1,2
506000,295,199,34.4,4.3,0.0,16.1,3.4,46
506000,308,29,39.9,3.3,0.0,17.1,3.3,8
506000,306,8,48.9,0.6,0.0,14.5,0.6,4
507000,295,201,24.1,7.4,0.0,15.6,5.0,48
507000,308,51,20.2,10.5,0.0,16.9,9.7,7
507000,306,11,38.2,3.8,0.0,13.8,1.9,4
508000,295,156,38.9,5.2,0.0,16.2,4.5,19
508000,308,69,20.4,10.1,0.0,17.5,9.2,9
509000,295,150,40.0,1.9,0.0,15.2,1.2,25
509000,308,89,26.2,10.5,0.0,16.1,10.2,10
510000,295,171,42.6,2.7,0.0,15.8,2.0,29
510000,308,55,40.2,4.9,0.0,16.3,4.8,11
511000,308,112,24.3,10.9,0.0,16.0,10.3,20
511000,295,107,41.0,5.9,0.0,15.9,5.6,14
512000,295,114,45.9,1.0,0.0,15.8,0.6,20
512000,308,110,32.6,8.8,0.0,15.9,8.7,16
513000,295,130,32.6,8.9,0.0,15.8,8.6,32
513000,308,87,7.9,2.3,0.0,12.9,1.6,44
514000,295,178,26.2,9.6,0.0,14.6,9.0,30
514000,308,46,1.4,0.2,0.0,7.7,0.0,19
515000,295,143,34.6,13.1,0.0,15.7,13.1,12
515000,308,94,0.1,0.1,0.0,10.5,0.0,34
516000,308,169,0.5,0.3,0.0,6.9,0.1,40
516000,295,101,26.3,21.2,0.0,16.2,20.8,8
517000,295,126,26.5,21.6,0.0,15.8,21.6,3
517000,308,32,0.0,0.8,0.0,9.8,0.0,13
518000,308,235,2.3,0.6,0.0,7.2,0.2,60
518000,295,96,30.6,4.9,0.0,15.9,4.4,23
519000,295,115,30.6,13.9,0.0,15.9,12.9,13
519000,308,27,1.4,1.3,0.0,6.9,0.0,11
520000,295,214,28.6,5.6,0.0,16.4,4.5,44
521000,295,234,31.9,4.6,0.0,14.7,3.4,50
521000,312,10,50.0,0.5,0.0,13.4,0.5,5
522000,295,195,36.7,5.5,0.0,14.0,5.3,24
523000,295,184,42.2,5.1,0.0,14.5,4.9,21
524000,295,184,42.3,5.5,0.0,14.0,5.1,19
525000,295,213,34.0,6.8,0.0,15.4,5.5,48
525000,312,5,48.2,0.0,0.0,15.8,0.0,2
526000,295,211,36.2,5.2,0.0,15.2,4.1,47
527000,295,212,42.2,3.0,0.0,16.6,2.7,29
528000,295,237,32.4,5.1,0.0,16.2,4.5,70
529000,295,218,39.6,2.5,0.0,18.1,1.9,49
530000,295,221,39.4,2.9,0.0,17.6,2.5,54
531000,295,218,37.2,2.2,0.0,17.8,1.8,61
532000,295,279,25.2,2.8,0.0,17.5,1.9,82
533000,295,218,32.0,1.9,0.0,17.6,1.3,60
534000,295,199,38.8,3.1,0.0,17.4,2.4,35
535000,295,136,38.6,1.3,0.0,17.7,1.2,31
536000,295,208,37.0,1.8,0.0,17.6,1.3,44
537000,295,212,36.7,1.6,0.0,18.3,1.3,56
538000,295,248,33.4,2.1,0.0,17.8,1.4,68
539000,295,199,38.6,1.4,0.0,18.0,1.3,48
540000,295,126,35.3,2.2,0.0,18.2,1.7,31
541000,295,195,35.4,1.8,0.0,17.9,1.3,41
542000,295,184,39.0,2.2,0.0,18.6,1.8,29
543000,295,215,34.9,2.1,0.0,18.8,1.4,50
544000,295,236,31.8,0.6,0.0,19.1,0.4,50
545000,295,183,38.9,0.6,0.0,18.7,0.6,38
546000,295,207,37.7,1.9,0.0,18.7,1.7,34
546000,334,13,23.0,19.0,0.0,21.0,19.0,1
547000,295,215,36.9,0.9,0.0,18.6,0.8,42
547000,334,13,21.7,20.4,0.0,20.3,18.2,3
548000,295,170,37.2,1.3,0.0,17.9,1.0,35
548000,334,50,22.2,19.5,0.0,20.9,18.7,3
549000,295,204,37.1,0.8,0.0,18.0,0.6,40
549000,334,25,22.1,18.6,0.0,20.8,17.8,3
550000,295,227,35.2,1.3,0.0,17.5,1.0,37
550000,334,13,21.6,20.2,0.0,21.0,18.5,2
551000,295,227,35.2,0.7,0.0,17.1,0.4,39
551000,334,14,20.9,20.4,0.0,21.7,17.5,3
552000,295,230,35.0,1.2,0.0,17.5,1.0,44
552000,334,22,23.5,18.5,0.0,21.0,18.1,3
553000,295,209,38.9,2.1,0.0,18.5,2.0,37
553000,334,16,24.6,18.0,0.0,19.8,17.9,3
554000,295,249,32.2,3.1,0.0,18.0,2.1,52
555000,295,239,27.6,2.0,0.0,17.6,1.4,57
555000,334,23,23.9,18.1,0.0,21.0,18.1,3
556000,295,171,39.5,2.8,0.0,18.4,2.6,25
556000,334,25,23.0,19.0,0.0,21.0,19.0,1
557000,295,147,40.9,0.7,0.0,18.6,0.4,31
557000,334,63,23.0,19.1,0.0,21.0,19.0,3
558000,295,226,31.7,0.6,0.0,17.9,0.4,54
558000,334,16,23.0,19.0,0.0,21.0,19.0,1
559000,295,223,38.6,2.2,0.0,18.0,1.7,47
559000,334,7,23.0,19.0,0.0,21.0,19.0,1
560000,295,224,32.1,2.0,0.0,17.5,1.5,59
560000,334,19,23.0,19.0,0.0,21.0,19.0,1
561000,295,228,31.4,1.1,0.0,15.9,0.8,51
561000,334,30,22.7,19.3,0.0,20.9,18.6,2
562000,295,241,33.2,3.0,0.0,17.0,2.2,60
562000,334,10,21.2,22.1,0.0,19.8,17.6,2
563000,295,242,38.6,2.2,0.0,18.2,2.0,45
564000,295,231,36.6,4.3,0.0,19.1,4.1,47
565000,295,207,38.9,3.2,0.0,19.2,3.1,17
566000,295,225,34.9,4.5,0.0,19.2,4.2,40
567000,295,239,32.4,2.0,0.0,19.0,1.8,52
568000,295,280,26.7,1.4,0.0,17.6,1.0,71
569000,295,222,38.3,3.0,0.0,18.6,2.8,42
570000,295,239,33.5,3.0,0.0,19.4,2.8,42
571000,295,253,29.7,3.5,0.0,18.7,3.0,57
572000,295,239,36.5,2.1,0.0,18.2,1.8,47
573000,295,234,35.8,4.6,0.0,19.0,4.1,31
574000,295,219,38.0,3.4,0.0,18.7,3.1,34
575000,295,233,37.4,3.0,0.0,18.9,2.8,40
576000,295,223,36.9,2.3,0.0,17.9,2.0,46
577000,295,217,35.7,3.9,0.0,18.7,3.5,39
578000,295,237,34.5,3.7,0.0,18.3,3.2,50
579000,295,214,38.8,3.1,0.0,19.0,2.9,33
580000,295,234,35.7,3.8,0.0,19.4,3.6,41
581000,295,244,35.1,2.9,0.0,19.4,2.3,50
582000,295,236,35.9,2.6,0.0,18.8,2.3,50
583000,295,225,38.2,1.7,0.0,18.7,1.2,48
584000,295,243,35.4,2.5,0.0,18.2,2.2,52
585000,295,227,37.9,3.1,0.0,18.9,2.8,44
586000,295,234,34.3,2.5,0.0,19.3,2.3,49
587000,295,222,38.0,3.2,0.0,19.6,2.4,40
588000,295,217,38.2,1.6,0.0,20.3,1.2,47
589000,295,207,37.7,2.8,0.0,20.2,2.5,35
590000,295,230,37.1,1.4,0.0,20.3,1.2,48
591000,295,229,34.4,4.9,0.0,20.0,4.6,36
592000,295,237,36.4,2.2,0.0,19.5,2.1,69
593000,295,231,37.8,2.1,0.0,19.3,1.9,61
594000,295,236,38.3,1.3,0.0,19.2,1.2,51
595000,295,242,37.7,1.5,0.0,19.2,1.3,54
596000,295,226,37.5,2.5,0.0,18.6,2.4,39
597000,295,232,36.6,2.4,0.0,20.0,2.0,43
598000,295,221,40.7,0.8,0.0,21.4,0.8,38
599000,295,211,36.9,2.4,0.0,21.5,2.3,42
600000,295,206,37.4,3.3,0.0,21.1,3.1,39
601000,295,216,36.2,4.0,0.0,20.9,3.8,28
602000,295,219,39.7,1.5,0.0,21.3,1.4,45
603000,295,213,38.3,1.7,0.0,21.5,1.5,41
604000,295,235,35.8,1.9,0.0,20.7,1.7,45
605000,295,227,36.5,1.5,0.0,21.5,1.2,45
606000,295,253,33.4,0.9,0.0,21.0,0.8,56
607000,295,221,35.5,3.0,0.0,20.8,2.8,39
608000,295,237,31.9,3.2,0.0,19.6,2.7,58
609000,295,195,32.4,8.6,0.0,20.8,7.5,32
610000,295,235,34.0,2.1,0.0,19.9,1.7,52
611000,295,225,36.4,2.7,0.0,20.1,2.4,48
612000,295,218,34.5,7.5,0.0,21.2,7.1,36
613000,295,284,22.4,3.0,0.0,19.1,1.4,95
614000,295,218,36.2,2.6,0.0,19.7,2.5,59
615000,295,221,36.7,2.0,0.0,20.4,1.6,52
616000,295,326,23.0,2.2,0.0,15.2,2.0,73
617000,295,218,26.5,4.3,0.0,17.6,3.5,45
618000,295,254,21.3,4.4,0.0,18.3,4.0,62
619000,295,172,31.4,11.4,0.0,20.9,10.8,16
620000,295,240,33.2,1.0,0.0,21.1,0.9,70
621000,295,211,33.6,7.8,0.0,21.2,7.4,28
622000,295,214,38.7,1.6,0.0,19.8,1.5,34
623000,295,220,36.4,1.8,0.0,20.6,1.7,45
624000,295,228,35.8,3.5,0.0,20.9,3.3,37
625000,295,226,35.5,4.0,0.0,20.3,3.9,49
626000,295,213,21.6,9.0,0.0,19.4,7.9,58
627000,295,229,38.4,1.8,0.0,19.7,1.4,48
628000,295,206,30.2,0.9,0.0,17.2,0.4,50
629000,295,159,32.8,0.1,0.0,16.9,0.0,34
630000,295,174,30.2,0.4,0.0,18.6,0.2,66
631000,295,101,29.9,1.0,0.0,16.5,0.2,34
632000,295,164,31.5,1.0,0.0,18.5,0.3,47
632000,351,50,27.7,19.3,0.0,17.0,18.5,7
633000,295,198,35.6,0.3,0.0,17.9,0.1,48
633000,351,23,28.6,18.9,0.0,16.5,18.4,4
634000,295,200,33.0,0.8,0.0,18.3,0.1,54
634000,351,33,27.8,19.2,0.0,17.0,18.9,2
635000,295,193,36.6,0.2,0.0,18.4,0.1,44
635000,351,37,28.0,19.0,0.0,17.0,19.0,1
636000,295,218,37.0,0.3,0.0,18.7,0.0,46
636000,351,21,27.9,19.1,0.0,17.0,19.0,2
637000,295,204,39.0,0.5,0.0,17.4,0.2,38
637000,351,23,28.1,17.7,0.0,18.0,17.5,3
638000,295,219,31.8,0.7,0.0,15.9,0.3,60
638000,351,27,27.1,20.7,0.0,16.3,18.4,3
639000,295,177,37.1,0.6,0.0,16.9,0.3,38
639000,351,46,28.1,18.9,0.0,17.0,18.9,2
640000,295,157,38.5,0.5,0.0,16.4,0.3,29
640000,351,42,28.0,19.0,0.0,17.0,19.0,1
641000,295,218,35.0,1.0,0.0,17.0,0.7,42
641000,351,18,27.0,20.3,0.0,16.7,18.1,3
642000,295,205,36.8,0.3,0.0,16.8,0.1,43
642000,351,13,28.0,19.0,0.0,17.0,19.0,1
643000,295,187,37.4,0.6,0.0,16.6,0.3,45
643000,351,24,28.0,19.0,0.0,17.0,19.0,1
644000,295,213,35.4,1.0,0.0,17.5,0.5,62
644000,358,16,39.2,0.1,0.0,21.0,0.1,4
644000,351,13,29.2,18.6,0.0,16.2,18.6,2
645000,295,198,36.2,0.9,0.0,16.3,0.4,51
645000,358,33,38.8,0.0,0.0,20.2,0.0,8
645000,351,14,28.0,19.0,0.0,17.0,19.0,1
646000,295,179,33.2,1.1,0.0,17.2,0.3,46
646000,358,54,39.5,0.2,0.0,19.5,0.2,12
646000,351,11,28.0,19.0,0.0,17.0,19.0,1
647000,358,132,38.6,0.3,0.0,20.1,0.2,22
647000,295,97,37.2,1.1,0.0,19.4,0.5,38
647000,351,8,27.1,21.4,0.0,15.5,20.2,2
648000,295,87,41.9,0.5,0.0,19.5,0.3,29
648000,358,71,38.5,1.7,0.0,21.1,1.7,26
648000,351,54,28.5,17.9,0.0,17.5,17.3,12
649000,295,181,39.6,0.4,0.0,19.8,0.4,59
649000,351,18,25.2,20.7,0.0,18.1,19.1,3
649000,358,13,41.3,0.2,0.0,21.3,0.2,6
650000,295,206,35.9,0.4,0.0,19.0,0.3,60
650000,351,20,27.2,20.8,0.0,16.0,19.8,2
650000,358,8,41.5,0.1,0.0,22.4,0.1,3
651000,295,205,41.6,0.3,0.0,19.4,0.2,57
651000,351,10,26.8,21.8,0.0,15.4,19.9,2
652000,295,209,39.2,0.6,0.0,19.0,0.3,60
652000,351,13,24.7,20.5,0.0,18.8,18.8,3
653000,295,171,33.4,0.6,0.0,17.1,0.5,52
653000,351,57,27.2,20.9,0.0,15.9,19.9,3
654000,295,211,39.1,0.7,0.0,18.5,0.5,48
654000,351,19,26.4,20.7,0.0,16.9,19.7,2
655000,295,210,36.6,0.6,0.0,16.9,0.5,69
655000,351,23,25.0,20.6,0.0,16.8,17.0,6
656000,295,238,35.0,1.0,0.0,18.5,0.3,74
657000,295,211,36.0,0.7,0.0,18.0,0.2,60
657000,351,21,26.6,19.9,0.0,17.4,19.0,3
658000,295,203,39.9,0.4,0.0,17.5,0.1,47
658000,351,18,27.0,21.0,0.0,16.0,20.0,1
659000,295,183,38.2,0.3,0.0,17.6,0.1,44
659000,351,34,23.8,17.5,0.0,15.7,14.6,8
660000,295,132,41.9,1.3,0.0,16.4,1.0,32
660000,351,72,27.0,21.0,0.0,16.0,20.0,1
661000,295,213,40.3,0.6,0.0,17.1,0.3,47
661000,351,12,27.0,21.0,0.0,16.0,20.0,1
662000,295,212,39.7,0.5,0.0,17.8,0.2,44
662000,351,17,25.6,19.5,0.0,16.6,18.2,3
663000,295,212,40.3,0.4,0.0,17.7,0.2,39
663000,351,16,27.0,21.0,0.0,16.0,20.0,1
664000,295,219,38.4,0.3,0.0,18.2,0.3,63
664000,351,10,27.2,20.8,0.0,16.0,19.9,2
665000,295,231,36.9,0.5,0.0,17.2,0.2,65
665000,351,16,25.3,22.8,0.0,15.9,18.8,2
666000,295,197,36.6,0.4,0.0,16.8,0.1,51
666000,351,31,27.5,20.7,0.0,15.8,19.8,2
667000,295,188,40.7,0.7,0.0,17.5,0.4,45
667000,351,36,27.0,21.0,0.0,16.0,20.0,2
668000,295,216,38.9,0.6,0.0,17.3,0.2,41
668000,351,23,26.3,20.0,0.0,16.3,18.9,3
669000,295,208,35.6,1.0,0.0,16.9,0.6,67
669000,351,23,25.2,19.4,0.0,16.3,16.3,7
670000,295,220,39.5,0.4,0.0,18.1,0.1,57
670000,351,19,26.3,21.0,0.0,16.3,19.5,3
671000,295,199,34.8,0.7,0.0,16.6,0.3,58
671000,351,42,23.6,20.2,0.0,16.5,16.7,7
672000,295,206,37.9,0.4,0.0,18.7,0.1,54
672000,351,19,25.6,21.2,0.0,15.4,17.8,6
673000,295,209,25.6,0.4,0.0,15.8,0.2,75
673000,351,44,25.6,20.4,0.0,17.2,17.8,9
674000,295,225,37.4,1.1,0.0,16.7,0.4,48
674000,351,13,25.2,23.1,0.0,15.8,18.5,2
675000,295,230,38.4,0.7,0.0,17.1,0.3,49
675000,351,7,27.0,21.0,0.0,16.0,20.0,1
676000,295,221,36.5,0.3,0.0,18.1,0.1,39
676000,351,12,27.0,21.0,0.0,16.0,20.0,1
677000,295,169,40.4,0.2,0.0,17.9,0.1,26
677000,351,48,27.0,21.0,0.0,16.0,20.0,1
678000,295,191,37.1,0.9,0.0,16.1,0.4,42
679000,295,225,39.6,0.2,0.0,17.6,0.2,45
679000,351,6,27.0,21.0,0.0,16.0,20.0,1
680000,295,246,36.3,1.0,0.0,17.3,0.2,68
681000,295,225,38.4,0.3,0.0,17.3,0.2,49
681000,351,12,26.9,21.8,0.0,15.1,19.8,2
682000,295,214,36.2,0.8,0.0,16.4,0.5,52
682000,351,21,26.6,20.5,0.0,16.9,19.5,3
683000,295,223,35.5,0.4,0.0,17.2,0.2,57
683000,351,17,27.0,20.9,0.0,16.1,20.0,2
684000,295,216,36.0,1.0,0.0,17.1,0.5,58
684000,351,21,27.0,20.0,0.0,16.0,19.0,4
685000,295,224,36.5,0.8,0.0,18.1,0.5,56
685000,351,13,27.0,21.0,0.0,16.0,20.0,1
686000,295,211,39.6,0.4,0.0,16.9,0.3,47
686000,351,22,25.9,21.8,0.0,16.4,19.1,3
687000,295,198,39.8,0.4,0.0,17.0,0.4,46
687000,351,14,27.0,21.0,0.0,16.0,20.0,1
688000,295,201,39.6,0.5,0.0,17.2,0.3,38
688000,351,34,22.2,17.8,0.0,17.6,15.8,6
689000,295,201,40.0,0.5,0.0,16.8,0.4,39
689000,351,34,26.8,21.1,0.0,16.1,19.9,4
690000,295,288,27.4,0.7,0.0,15.2,0.2,70
690000,351,16,27.3,20.7,0.0,16.0,19.6,3
691000,295,218,36.5,0.3,0.0,16.8,0.3,62
691000,351,26,26.2,20.3,0.0,17.5,18.7,5
692000,295,180,40.3,0.7,0.0,17.4,0.7,47
692000,351,15,27.0,21.0,0.0,16.0,20.0,1
693000,295,238,39.5,0.5,0.0,17.8,0.5,59
694000,295,227,39.2,0.6,0.0,17.3,0.3,51
694000,351,10,27.0,21.0,0.0,16.0,20.0,1
695000,295,215,38.1,0.7,0.0,17.3,0.5,56
695000,351,8,28.0,19.5,0.0,16.5,18.8,2
696000,295,199,35.3,0.5,0.0,17.4,0.5,51
696000,351,34,27.0,20.9,0.0,16.1,19.9,2
697000,295,209,40.3,0.3,0.0,17.8,0.2,60
697000,351,26,26.8,20.9,0.0,15.9,18.9,5
698000,295,231,38.2,0.7,0.0,17.8,0.4,64
698000,351,13,26.8,20.8,0.0,16.3,20.0,2
699000,295,230,39.0,0.6,0.0,17.2,0.3,64
699000,351,9,26.3,16.3,0.0,18.0,15.6,2
700000,295,240,38.4,0.5,0.0,17.4,0.3,65
701000,295,228,37.6,0.7,0.0,16.8,0.4,70
701000,351,10,28.0,19.5,0.2,16.3,19.2,4
702000,295,203,36.6,1.2,0.0,18.1,0.8,66
702000,351,26,26.6,19.2,0.0,17.0,17.5,7
703000,295,219,39.3,0.6,0.0,16.9,0.4,45
703000,351,10,27.0,21.0,0.0,16.0,20.0,1
704000,295,165,39.5,0.7,0.0,17.0,0.7,36
704000,351,25,27.0,21.0,0.0,16.0,20.0,2
705000,295,201,40.2,0.9,0.0,17.0,0.9,45
705000,351,33,27.0,21.0,0.0,16.0,20.0,1
706000,295,233,39.0,0.5,0.0,17.3,0.4,65
706000,351,6,27.5,20.2,0.0,15.0,19.3,2
707000,295,251,32.0,0.7,0.0,15.9,0.5,71
707000,351,19,25.5,19.5,0.0,15.8,17.0,3
708000,295,132,41.2,1.0,0.0,16.7,1.0,41
708000,351,21,27.0,21.6,0.0,15.3,20.1,2
709000,295,162,39.9,0.7,0.0,17.5,0.7,39
709000,351,26,21.0,14.2,0.0,12.8,12.8,6
710000,295,182,39.5,0.6,0.0,18.3,0.5,51
710000,351,7,27.0,21.0,0.0,16.0,20.0,1
711000,295,180,39.4,0.7,0.0,17.8,0.6,51
711000,351,18,27.0,21.0,0.0,16.0,20.0,1
712000,295,180,39.5,0.4,0.0,17.3,0.4,49
712000,380,38,36.8,0.4,0.0,17.2,0.1,8
712000,351,11,27.0,21.0,0.0,16.0,20.0,1
713000,295,187,40.1,0.4,0.0,17.8,0.3,50
713000,380,36,35.8,1.3,0.0,15.4,0.1,9
713000,351,22,26.5,21.3,0.0,16.3,19.0,4
714000,295,154,39.7,0.5,0.0,18.0,0.4,35
714000,380,28,39.0,0.0,0.0,16.4,0.0,3
714000,351,23,27.3,20.7,0.0,16.0,19.8,3
715000,295,214,39.4,0.7,0.0,17.4,0.4,57
715000,351,12,26.2,21.8,0.0,16.0,18.8,2
716000,295,209,39.6,0.3,0.0,17.7,0.3,45
716000,351,8,27.0,21.0,0.0,16.0,20.0,1
717000,295,221,39.7,0.6,0.0,17.0,0.4,48
717000,351,9,23.3,21.4,0.0,19.2,18.2,3
718000,295,160,39.9,0.3,0.0,18.2,0.3,38
719000,295,143,37.1,2.8,0.0,19.1,2.3,59
720000,295,134,38.0,1.7,0.0,18.4,1.6,47
721000,295,65,36.3,3.0,0.0,19.4,2.9,28
722000,384,210,30.2,0.5,0.0,18.1,0.2,73
722000,295,51,35.5,6.1,0.0,17.5,5.5,20
723000,384,185,30.4,0.7,0.0,17.0,0.5,66
723000,295,52,32.4,9.4,0.0,17.6,8.5,22
724000,384,195,30.9,0.5,0.0,17.1,0.3,72
724000,295,56,31.9,4.3,0.0,19.3,4.0,17
725000,384,155,30.8,0.4,0.0,17.1,0.4,58
725000,295,54,32.5,4.6,0.0,18.5,4.5,14
726000,384,236,34.3,1.4,0.0,15.0,1.3,46
726000,295,10,34.8,1.6,0.0,22.4,1.6,4
727000,384,223,32.0,2.0,0.0,14.6,1.4,43
727000,295,13,35.7,0.6,0.0,21.8,0.6,4
728000,384,190,32.1,0.4,0.0,13.9,0.2,50
728000,295,36,35.0,1.5,0.0,21.9,1.0,11
728000,387,6,37.2,0.0,0.0,24.2,0.0,5
729000,384,206,33.0,3.0,0.0,14.1,2.4,54
729000,295,37,35.2,0.6,0.0,22.4,0.6,11
730000,384,171,34.1,3.4,0.0,16.5,3.0,40
730000,295,62,36.3,0.3,0.0,22.3,0.2,21
731000,384,110,34.6,0.2,0.0,16.7,0.2,26
731000,295,42,36.3,0.0,0.0,21.9,0.0,12
732000,384,138,35.2,0.3,0.0,15.2,0.3,32
732000,295,38,36.4,0.4,0.0,21.5,0.3,8
733000,384,198,34.3,0.7,0.0,14.8,0.3,47
733000,295,49,35.3,0.4,0.0,22.5,0.2,14
734000,384,217,33.4,0.6,0.0,14.9,0.3,56
734000,295,25,36.3,0.2,0.0,21.7,0.2,6
735000,384,224,34.0,0.2,0.0,14.7,0.1,43
735000,295,16,32.8,1.4,0.0,23.8,0.8,8
736000,384,107,35.4,0.2,0.0,14.4,0.1,23
736000,295,17,36.4,2.1,0.0,18.2,2.1,6
737000,384,230,33.5,0.6,0.0,14.9,0.1,50
737000,295,22,34.7,2.0,0.0,20.1,2.0,5
737000,399,9,31.9,0.0,0.0,15.9,0.0,3
738000,384,183,33.7,0.2,0.0,14.5,0.1,36
738000,295,29,34.1,3.0,0.0,19.0,3.0,5
738000,395,27,28.6,16.6,0.0,16.1,15.7,4
738000,399,15,34.4,0.0,0.0,15.5,0.0,4
739000,384,190,33.0,0.2,0.0,14.5,0.1,39
739000,395,27,26.4,18.2,0.0,15.5,16.3,3
739000,295,25,35.0,2.4,0.0,19.1,2.4,5
739000,399,19,34.6,0.0,0.0,14.5,0.0,7
740000,384,230,29.3,0.5,0.0,14.7,0.1,74
740000,399,38,32.9,0.1,0.0,15.4,0.1,10
740000,295,24,34.2,2.7,0.0,19.3,2.7,4
740000,395,6,27.0,18.0,0.0,16.0,17.0,1
741000,384,188,33.2,0.5,0.0,14.3,0.0,46
741000,295,39,34.6,2.6,0.0,19.1,2.6,6
741000,399,28,33.5,0.2,0.0,15.6,0.0,5
741000,395,9,26.7,18.4,0.0,15.7,16.9,2
742000,384,234,32.5,0.4,0.0,14.5,0.0,58
742000,295,38,34.0,2.9,0.0,18.8,2.9,7
742000,395,9,27.0,18.0,0.0,16.0,17.0,1
743000,395,135,25.3,19.0,0.0,16.8,16.4,17
743000,384,34,38.4,0.7,0.0,13.0,0.6,19
743000,295,19,38.9,0.5,0.0,17.7,0.5,10
744000,295,63,36.5,0.0,0.0,19.9,0.0,20
744000,384,42,36.1,0.2,0.0,13.5,0.2,15
744000,395,14,24.1,18.9,0.0,17.4,16.3,3
745000,295,64,37.9,0.3,0.0,17.5,0.1,16
745000,384,38,38.3,0.5,0.0,12.7,0.4,9
745000,395,30,23.1,19.0,0.0,17.9,16.8,3
746000,295,85,29.7,0.4,0.0,17.6,0.3,35
746000,384,35,38.1,0.3,0.0,13.6,0.3,11
746000,395,13,23.8,20.7,0.0,16.4,17.9,2
747000,295,172,18.1,0.7,0.0,12.9,0.5,66
747000,400,74,36.2,0.1,0.0,14.0,0.1,8
747000,402,30,34.5,0.2,0.0,15.4,0.1,7
747000,384,24,38.9,0.4,0.0,14.3,0.4,7
747000,395,13,23.0,21.0,0.0,17.0,18.0,1
748000,295,95,37.7,2.0,0.0,15.7,1.7,27
748000,400,82,36.4,0.2,0.0,14.1,0.1,12
748000,402,30,35.6,0.1,0.0,15.1,0.1,5
748000,384,21,36.8,1.0,0.0,14.5,0.1,6
748000,395,11,23.0,21.0,0.0,17.0,18.0,1
749000,295,93,37.8,1.7,0.0,15.4,1.7,24
749000,400,83,35.7,0.1,0.0,14.0,0.0,16
749000,402,48,33.3,0.9,0.0,16.3,0.2,14
749000,395,21,22.3,21.0,0.0,16.6,17.4,2
749000,384,15,29.7,1.8,0.0,13.8,0.7,7
750000,400,99,34.1,0.2,0.0,14.4,0.1,24
750000,295,76,35.1,1.0,0.0,16.5,1.0,25
750000,402,48,34.5,1.2,0.0,15.4,0.1,8
750000,395,11,23.0,21.0,0.0,17.0,18.0,1
750000,384,5,39.6,0.4,0.0,16.0,0.4,3
751000,400,112,34.9,0.2,0.0,14.5,0.1,29
751000,295,83,30.9,0.9,0.0,16.2,0.6,28
751000,402,60,33.5,0.2,0.0,15.0,0.1,12
751000,395,10,23.0,21.0,0.0,17.0,18.0,1
751000,384,5,37.6,0.2,0.0,17.0,0.2,2
752000,295,92,36.7,1.5,0.0,15.7,1.5,32
752000,400,81,36.6,0.0,0.0,13.8,0.0,16
752000,402,41,2.0,1.2,0.0,9.4,0.0,24
752000,395,30,23.2,20.3,0.0,17.8,17.4,3
753000,400,141,25.9,0.8,0.0,14.2,0.6,47
753000,295,93,35.6,0.5,0.0,16.5,0.4,30
753000,395,12,23.0,21.0,0.0,17.0,18.0,1
754000,400,156,19.6,0.5,0.0,10.7,0.1,52
754000,295,98,36.2,1.5,0.0,16.3,1.3,32
754000,395,15,25.3,19.6,0.0,16.3,16.8,2
755000,295,127,32.6,0.4,0.0,16.7,0.1,35
755000,400,103,28.4,0.0,0.0,16.5,0.0,21
755000,395,6,23.0,21.0,0.0,17.0,18.0,1
756000,295,121,36.5,2.3,0.0,14.9,2.1,31
756000,400,57,4.2,0.0,0.0,12.8,0.0,32
756000,395,20,24.4,19.9,0.0,17.1,17.4,4
756000,408,15,36.0,0.0,0.0,15.1,0.0,2
757000,295,124,34.5,1.0,0.0,15.4,0.6,38
757000,408,18,36.0,0.0,0.0,15.1,0.0,2
757000,395,6,23.0,21.0,0.0,17.0,18.0,1
757000,400,6,21.2,0.0,0.0,18.3,0.0,3
758000,295,151,35.4,1.5,0.0,14.6,1.1,57
758000,395,64,24.0,19.6,0.0,18.2,17.0,12
758000,408,10,32.5,2.1,0.0,14.5,0.6,5
759000,295,234,36.3,0.8,0.0,15.2,0.7,74
759000,395,24,22.7,20.8,0.0,17.3,17.6,2
760000,295,224,32.9,0.6,0.0,15.2,0.4,75
760000,395,28,23.0,21.0,0.0,17.0,18.0,1
760000,410,8,34.1,0.4,0.0,15.4,0.0,2
761000,295,201,33.2,0.4,0.0,16.5,0.1,55
761000,395,26,21.6,18.4,0.0,18.5,15.4,6
761000,410,12,27.2,0.0,0.0,15.7,0.0,5
762000,295,161,37.2,0.2,0.0,14.5,0.2,38
762000,395,62,26.0,19.1,0.0,16.2,16.7,10
762000,410,26,17.2,1.0,0.0,10.8,0.1,10
763000,395,102,23.3,20.5,0.0,18.0,17.9,18
763000,295,80,33.3,1.2,0.0,15.7,0.7,30
764000,295,131,42.1,0.0,0.0,15.7,0.0,47
764000,395,66,24.9,18.2,0.0,18.3,15.6,5
765000,295,237,36.6,0.2,0.0,17.1,0.1,57
765000,395,11,24.5,20.2,0.0,15.5,17.1,3
766000,295,234,32.0,0.5,0.0,15.0,0.2,62
766000,395,31,24.3,19.4,0.0,16.8,16.6,3
767000,295,254,30.2,0.7,0.0,16.1,0.4,74
767000,395,15,26.4,17.5,0.0,16.8,15.1,4
768000,295,244,30.3,0.9,0.0,15.2,0.8,78
768000,395,29,24.1,19.2,0.0,16.6,16.3,4
769000,295,260,35.7,0.7,0.0,16.9,0.7,74
770000,295,245,32.9,0.9,0.0,15.8,0.8,82
770000,395,19,24.1,20.3,0.0,16.7,17.5,2
771000,295,242,31.9,1.4,0.0,16.6,1.1,81
771000,395,8,23.6,19.9,0.0,17.1,17.2,2
772000,295,227,36.7,0.5,0.0,15.9,0.5,64
772000,395,15,23.0,21.0,0.0,17.0,18.0,1
773000,295,227,34.1,0.5,0.0,16.5,0.3,69
773000,395,18,23.1,20.8,0.0,17.3,17.9,2
774000,295,176,35.0,0.6,0.0,16.4,0.5,55
774000,395,22,23.1,20.9,0.0,17.1,17.9,2
775000,295,223,36.6,0.2,0.0,15.8,0.2,54
775000,395,21,23.0,21.0,0.0,17.0,18.0,1
776000,295,253,31.1,1.0,0.0,16.5,0.8,107
777000,295,256,34.7,0.3,0.0,16.2,0.2,88
777000,395,7,23.0,21.0,0.0,17.0,18.0,1
778000,295,98,33.1,0.1,0.0,14.4,0.1,30
778000,395,39,22.3,20.5,0.0,18.2,17.5,3
779000,295,85,36.2,0.1,0.0,15.4,0.0,16
779000,395,18,21.8,20.0,0.0,18.9,17.1,2
780000,295,69,37.1,0.1,0.0,14.9,0.1,20
780000,395,24,23.7,20.6,0.0,16.7,17.5,3
781000,295,170,36.7,1.4,0.0,15.1,1.2,50
781000,395,13,23.0,21.0,0.0,17.0,18.0,1
782000,295,106,35.4,0.5,0.0,15.4,0.5,27
782000,423,85,32.3,0.9,0.0,17.3,0.4,35
782000,395,14,23.0,21.0,0.0,17.0,18.0,1
783000,295,122,35.9,1.4,0.0,15.8,1.4,28
783000,423,83,34.3,0.2,0.0,18.1,0.1,31
783000,395,10,22.5,21.0,0.0,17.0,17.7,2
784000,295,132,35.6,1.2,0.0,14.9,1.0,32
784000,423,76,33.2,0.1,0.0,18.4,0.1,29
784000,395,34,22.8,21.2,0.0,17.2,17.9,3
785000,423,119,24.4,1.3,0.0,14.9,0.2,48
785000,295,118,35.8,0.4,0.0,15.4,0.4,24
785000,395,19,23.6,20.5,0.0,16.1,17.7,2
785000,426,6,38.5,0.0,0.0,16.5,0.0,4
786000,295,116,35.6,1.3,0.0,15.5,1.3,41
786000,423,92,34.7,0.0,0.0,18.9,0.0,34
786000,395,11,25.8,19.1,0.0,16.4,16.4,2
786000,426,8,35.4,0.8,0.0,18.6,0.6,4
787000,423,133,30.6,0.5,0.0,18.1,0.5,51
787000,295,105,35.2,2.0,0.0,15.5,1.7,28
787000,395,11,23.0,21.0,0.0,17.0,18.0,1
788000,295,128,35.5,1.0,0.0,15.1,1.0,37
788000,423,105,32.2,0.3,0.0,18.5,0.1,37
788000,395,24,22.9,20.1,0.0,17.9,17.2,2
789000,423,131,24.9,0.1,0.0,18.3,0.1,58
789000,295,118,35.3,0.5,0.0,15.1,0.5,26
789000,395,19,22.2,21.2,0.0,15.8,16.2,4
789000,428,5,37.2,0.0,0.0,14.8,0.0,3
790000,295,140,36.3,2.0,0.0,14.8,1.8,41
790000,423,65,36.5,0.0,0.0,18.2,0.0,19
790000,395,13,23.0,21.0,0.0,17.0,18.0,1
791000,295,148,35.2,1.1,0.0,15.3,1.1,39
791000,423,96,33.4,0.0,0.0,20.0,0.0,30
791000,428,7,34.6,0.0,0.0,16.3,0.0,3
791000,395,7,23.0,21.0,0.0,17.0,18.0,1
792000,423,133,35.6,0.0,0.0,19.2,0.0,38
792000,295,111,35.4,0.7,0.0,15.2,0.6,39
792000,395,12,22.3,20.5,0.0,17.5,17.7,2
793000,423,108,35.4,0.1,0.0,18.6,0.1,36
793000,295,100,36.4,0.9,0.0,14.3,0.8,31
793000,395,29,25.2,20.2,0.0,16.8,16.9,5
794000,423,189,35.2,0.2,0.0,17.9,0.1,77
794000,295,29,41.9,0.2,0.0,14.2,0.2,11
794000,395,20,24.4,21.7,0.0,17.0,19.4,2
795000,395,57,23.5,21.0,0.0,16.8,18.0,4
795000,423,57,2.7,0.0,0.0,11.5,0.0,23
795000,295,39,40.8,0.1,0.0,14.1,0.1,9
796000,295,63,40.1,0.1,0.0,13.9,0.1,17
796000,423,56,7.3,0.0,0.0,12.1,0.0,35
796000,395,21,23.0,21.0,0.0,17.0,18.0,1
797000,295,71,38.5,1.2,0.0,14.3,1.2,19
797000,423,63,7.8,1.4,0.0,14.2,0.2,30
798000,295,46,39.3,0.3,0.0,14.0,0.3,11
798000,395,31,23.0,21.0,0.0,17.0,18.0,1
799000,433,106,30.2,1.0,0.0,19.9,0.6,47
799000,432,60,34.8,0.1,0.0,18.4,0.1,30
799000,295,55,38.4,0.0,0.0,15.2,0.0,18
799000,395,9,20.4,21.3,0.0,15.7,16.0,2
799000,434,7,39.6,1.4,0.0,16.9,1.4,3
800000,433,131,26.5,0.2,0.0,18.7,0.0,57
800000,295,54,37.8,0.1,0.0,15.4,0.1,19
800000,432,30,36.8,0.1,0.0,15.2,0.1,17
800000,395,21,22.4,20.7,0.0,17.4,16.7,6
800000,434,6,42.3,0.3,0.0,14.3,0.3,3
801000,295,80,37.8,1.0,0.0,14.2,0.8,21
801000,433,55,36.8,0.0,0.0,18.8,0.0,18
801000,395,30,23.4,19.7,0.0,16.6,16.6,5
801000,432,14,37.0,0.0,0.0,13.4,0.0,5
802000,295,95,38.1,0.2,0.0,17.3,0.2,25
802000,433,76,37.2,0.0,0.0,18.4,0.0,23
802000,395,29,22.8,20.7,0.0,17.2,17.8,3
802000,432,10,42.0,0.3,0.0,12.1,0.3,5
803000,295,94,37.7,0.9,0.0,16.8,0.9,36
803000,433,77,38.3,0.1,0.0,17.2,0.1,25
803000,395,29,23.0,21.0,0.0,17.0,18.0,1
803000,440,21,36.1,0.0,0.0,13.6,0.0,4
804000,440,160,11.5,3.0,0.0,13.5,1.8,89
804000,295,74,35.8,2.4,0.0,15.8,1.8,32
804000,433,44,37.2,0.1,0.0,17.3,0.1,15
804000,395,9,23.0,21.0,0.0,17.0,18.0,1
805000,295,98,38.1,0.7,0.0,16.3,0.7,40
805000,433,63,38.7,0.0,0.0,16.8,0.0,15
805000,395,39,23.0,21.0,0.0,17.0,18.0,1
805000,440,24,36.8,0.3,0.0,13.6,0.3,6
806000,433,162,36.5,0.2,0.0,18.4,0.1,51
806000,295,67,38.5,1.3,0.0,15.1,1.2,25
807000,433,163,34.5,0.7,0.0,16.9,0.3,37
807000,295,63,37.6,2.8,0.0,16.0,2.5,25
808000,433,112,38.2,0.0,0.0,16.8,0.0,20
808000,295,108,36.6,4.0,0.0,15.2,3.3,34
809000,433,180,31.2,0.1,0.0,17.2,0.0,71
809000,295,79,36.8,2.3,0.0,16.6,1.9,27
810000,433,115,37.2,0.0,0.0,17.6,0.0,31
810000,295,98,38.7,1.3,0.0,14.9,1.2,26
810000,432,5,40.0,0.0,0.0,16.0,0.0,2
811000,433,131,37.4,0.2,0.0,17.3,0.2,38
811000,295,102,38.4,0.7,0.0,15.5,0.7,24
812000,433,178,37.3,0.2,0.0,17.5,0.2,49
812000,295,67,37.5,2.8,0.0,15.0,2.4,20
813000,433,157,37.5,0.8,0.0,17.3,0.7,40
813000,295,75,38.3,1.3,0.0,15.0,1.1,23
814000,295,109,34.7,7.1,0.0,16.7,7.1,27
814000,433,68,9.4,8.0,0.0,17.3,6.6,25
815000,433,88,38.7,3.3,0.0,18.1,2.9,24
815000,295,64,42.1,0.8,0.0,14.8,0.8,26
816000,433,98,41.4,0.2,0.0,19.0,0.2,32
816000,295,74,41.9,0.2,0.0,15.9,0.2,27
817000,433,114,37.0,1.8,0.0,18.9,1.6,49
817000,295,108,41.9,0.1,0.0,16.9,0.1,31
818000,295,127,40.1,0.1,0.0,17.3,0.1,44
818000,433,89,38.2,3.3,0.0,18.3,2.8,31
819000,295,148,40.6,0.2,0.0,18.8,0.2,59
819000,433,64,40.5,0.0,0.0,18.6,0.0,28
820000,295,147,39.4,0.4,0.0,17.4,0.4,53
820000,433,78,34.6,5.7,0.0,18.1,4.8,22
821000,295,154,37.8,0.5,0.0,16.2,0.5,57
821000,433,68,37.4,0.0,0.0,20.1,0.0,26
822000,295,106,38.5,0.3,0.0,15.1,0.3,30
822000,433,48,37.7,0.0,0.0,17.7,0.0,20
823000,295,85,38.5,0.3,0.0,15.0,0.3,30
823000,433,30,38.8,0.0,0.0,18.3,0.0,8
824000,295,68,38.6,0.4,0.0,14.8,0.4,24
824000,433,54,38.0,0.0,0.0,18.9,0.0,17
825000,295,58,38.9,0.7,0.0,14.9,0.7,23
825000,433,57,37.2,0.0,0.0,18.7,0.0,17
825000,463,21,23.6,20.3,0.0,15.5,17.2,4
826000,464,126,35.4,0.6,0.0,13.4,0.6,29
826000,433,49,29.5,1.5,0.0,21.4,0.7,19
826000,295,35,37.7,0.4,0.0,14.8,0.4,15
826000,463,25,22.8,20.8,0.0,15.2,16.9,7
827000,464,74,35.7,3.4,0.0,15.9,3.4,24
827000,295,47,39.7,0.1,0.0,15.6,0.1,19
827000,463,35,23.1,20.3,0.0,16.0,18.0,3
827000,433,27,39.6,0.0,0.0,18.6,0.0,10
828000,295,139,38.5,0.2,0.0,16.1,0.2,50
828000,433,55,37.7,0.0,0.0,19.7,0.0,21
828000,463,16,22.9,19.9,0.0,16.1,18.0,3
829000,295,151,36.9,1.3,0.0,17.6,0.9,49
829000,433,50,39.6,0.0,0.0,19.0,0.0,14
829000,463,16,22.5,19.8,0.0,16.1,17.7,4
830000,295,126,29.2,1.0,0.0,15.6,0.9,51
830000,463,23,23.1,20.9,0.0,16.0,18.0,2
830000,433,19,37.3,0.0,0.0,19.5,0.0,5
831000,433,93,19.3,0.1,0.0,19.5,0.0,34
831000,295,57,37.8,0.8,0.0,16.1,0.8,22
831000,463,20,22.5,19.5,0.0,17.4,16.1,5
831000,468,18,38.3,1.1,0.0,15.5,1.1,10
832000,295,67,38.5,0.4,0.0,17.0,0.4,19
832000,433,27,39.3,0.0,0.0,19.2,0.0,10
832000,468,25,38.0,0.8,0.0,16.0,0.8,10
832000,463,8,23.0,21.0,0.0,16.0,18.0,1
833000,295,126,37.2,0.7,0.0,16.8,0.6,44
833000,433,20,41.5,0.0,0.0,17.0,0.0,8
833000,468,16,36.8,0.2,0.0,20.7,0.2,9
833000,463,15,24.7,20.2,0.0,14.9,17.6,3
834000,295,89,38.7,0.3,0.0,16.1,0.3,36
834000,471,46,36.2,0.0,0.0,22.8,0.0,16
834000,463,20,23.2,20.0,0.0,15.2,17.1,2
834000,468,11,37.7,1.8,0.0,13.8,1.8,5
834000,433,11,37.7,0.0,0.0,20.8,0.0,4
835000,471,69,36.1,0.2,0.0,23.5,0.2,22
835000,295,68,37.7,0.5,0.0,15.9,0.5,30
835000,433,9,37.6,0.0,0.0,19.8,0.0,4
835000,468,7,39.7,1.3,0.0,13.0,1.3,2
835000,463,5,23.0,20.6,0.0,16.4,17.8,2
836000,295,98,37.2,1.1,0.0,16.1,1.0,40
836000,471,31,35.8,0.0,0.0,24.6,0.0,9
836000,463,29,23.0,21.3,0.0,15.4,17.5,5
837000,295,152,34.7,0.8,0.0,16.6,0.8,56
837000,471,38,32.7,0.0,0.0,24.8,0.0,17
837000,463,6,23.0,21.0,0.0,16.0,18.0,1
838000,295,170,34.8,1.5,0.0,15.6,1.4,53
838000,471,49,16.7,0.3,0.0,15.2,0.2,19
838000,463,33,23.5,20.8,0.0,15.3,17.9,5
838000,473,15,36.7,0.0,0.0,18.1,0.0,9
839000,295,215,34.1,2.1,0.0,15.4,2.0,87
839000,471,12,12.8,0.0,0.0,13.6,0.0,9
839000,473,10,37.0,0.0,0.0,18.1,0.0,4
839000,463,5,23.0,21.0,0.0,16.0,18.0,1
840000,295,219,35.4,1.2,0.0,16.4,1.2,71
840000,473,12,37.5,0.0,0.0,17.7,0.0,2
840000,463,7,25.9,17.7,0.0,15.1,15.4,3
841000,295,196,35.9,1.1,0.0,15.5,1.0,62
841000,473,21,36.9,0.3,0.0,18.5,0.3,5
841000,463,20,23.6,19.4,0.0,16.8,17.6,3
842000,295,180,35.9,1.0,0.0,15.9,0.8,51
842000,473,19,36.8,0.0,0.0,18.4,0.0,4
842000,463,13,23.2,20.5,0.0,16.3,18.0,3
843000,295,154,38.4,1.7,0.0,16.7,1.6,65
843000,477,52,37.8,0.0,0.0,23.5,0.0,18
843000,463,24,23.0,21.0,0.0,16.0,18.0,1
843000,473,5,39.6,1.0,0.0,17.0,1.0,3
844000,295,147,37.4,0.8,0.0,15.4,0.8,54
844000,477,68,35.8,0.4,0.0,22.4,0.4,26
844000,463,13,23.2,20.8,0.0,16.1,18.0,2
844000,473,5,39.0,0.0,0.0,17.8,0.0,2
845000,295,150,37.3,0.6,0.0,15.9,0.6,57
845000,477,60,37.9,0.2,0.0,22.5,0.2,28
845000,463,14,23.3,20.7,0.0,16.1,18.0,2
845000,473,5,38.2,0.0,0.0,17.2,0.0,4
846000,295,159,36.6,0.9,0.0,15.7,0.9,53
846000,477,60,35.8,0.1,0.0,21.4,0.1,27
846000,463,16,23.0,21.0,0.0,16.0,18.0,1
847000,295,160,36.1,0.4,0.0,15.0,0.4,44
847000,477,64,37.1,0.2,0.0,19.6,0.2,26
847000,463,10,23.0,21.0,0.0,16.0,18.0,1
848000,295,161,35.9,0.9,0.0,15.3,0.8,48
848000,477,58,36.2,0.1,0.0,18.9,0.1,16
848000,463,20,22.6,20.5,0.0,16.5,17.6,2
848000,479,6,39.0,0.0,0.0,15.7,0.0,2
849000,295,122,35.0,0.6,0.0,15.9,0.5,40
849000,477,86,34.9,0.0,0.0,19.1,0.0,27
849000,463,17,22.6,20.8,0.0,16.6,17.7,2
849000,479,5,39.0,0.0,0.0,15.2,0.0,2
850000,295,118,34.3,1.0,0.0,15.9,0.6,39
850000,477,116,35.5,0.0,0.0,18.5,0.0,30
850000,479,10,38.0,0.0,0.0,16.0,0.0,5
851000,295,117,36.0,1.3,0.0,14.5,1.2,30
851000,477,79,36.0,0.0,0.0,18.5,0.0,18
851000,463,29,22.4,19.9,0.0,16.3,16.9,3
851000,479,5,39.2,1.4,0.0,15.6,1.4,3
852000,463,101,23.0,21.0,0.0,16.2,18.6,14
852000,477,39,37.4,0.0,0.0,17.6,0.0,19
852000,295,37,33.5,0.9,0.0,15.6,0.9,21
853000,477,130,40.2,0.0,0.0,18.2,0.0,39
853000,463,18,23.9,21.0,0.0,16.0,19.8,2
853000,295,10,43.8,1.9,0.0,16.3,1.9,7
854000,477,133,40.0,0.1,0.0,17.8,0.1,40
854000,463,14,24.0,21.0,0.0,16.0,20.0,1
855000,477,126,39.1,0.0,0.0,18.0,0.0,31
855000,463,21,23.2,20.0,0.0,17.9,19.0,4
856000,477,119,37.9,0.1,0.0,18.1,0.1,38
856000,463,15,24.3,21.3,0.0,15.5,20.2,2
856000,295,5,38.8,4.0,0.0,17.2,4.0,2
857000,482,152,40.1,0.4,0.0,17.5,0.4,32
857000,463,43,24.0,21.0,0.0,16.0,20.0,1
857000,477,34,40.3,0.0,0.0,18.2,0.0,12
857000,295,5,40.0,2.0,0.0,17.0,2.0,1
858000,482,182,38.1,0.3,0.0,17.7,0.2,50
858000,477,33,40.3,0.0,0.0,18.3,0.0,8
858000,463,22,24.8,21.1,0.0,15.3,20.1,2
858000,295,5,40.0,2.0,0.0,17.0,2.0,1
859000,482,150,39.7,0.3,0.0,18.2,0.3,44
859000,477,41,40.6,0.1,0.0,17.5,0.1,8
859000,463,24,24.0,21.0,0.0,16.0,20.0,1
859000,295,8,41.5,1.5,0.0,17.1,1.5,3
860000,482,149,36.5,1.0,0.0,18.0,0.9,49
860000,477,70,37.8,0.0,0.0,18.2,0.0,17
860000,463,13,24.0,21.0,0.0,16.0,20.0,1
860000,295,6,43.5,1.7,0.0,14.8,1.7,3
861000,482,116,39.8,1.2,0.0,17.6,1.2,38
861000,477,60,39.6,0.0,0.0,18.6,0.0,10
861000,463,41,24.0,20.6,0.0,16.2,19.7,2
862000,482,122,39.4,0.5,0.0,17.9,0.5,27
862000,477,67,40.2,0.0,0.0,18.3,0.0,18
862000,463,22,24.0,21.0,0.0,16.0,20.0,1
863000,482,129,39.5,1.0,0.0,18.4,1.0,41
863000,477,58,40.0,0.1,0.0,18.6,0.1,18
863000,463,25,24.4,20.8,0.0,14.9,19.4,3
864000,482,123,40.4,0.6,0.0,18.3,0.6,42
864000,486,46,4.4,0.0,0.0,12.4,0.0,29
864000,477,45,40.5,0.0,0.0,18.5,0.0,13
864000,463,35,24.1,20.9,0.0,16.0,20.0,2
865000,482,142,39.8,0.8,0.0,18.0,0.8,47
865000,477,52,39.7,0.1,0.0,18.3,0.1,16
865000,463,17,24.0,21.0,0.0,16.0,20.0,1
865000,486,13,13.8,0.8,0.0,15.6,0.8,6
866000,482,141,39.5,1.0,0.0,18.0,1.0,46
866000,477,75,39.3,0.0,0.0,19.3,0.0,18
866000,463,14,24.0,21.0,0.0,16.0,20.0,1
867000,482,116,39.9,0.7,0.0,17.3,0.7,35
867000,477,78,40.0,0.0,0.0,18.7,0.0,17
867000,463,20,25.9,18.9,0.0,15.4,18.0,4
868000,482,148,38.2,0.6,0.0,18.1,0.5,50
868000,477,83,35.2,0.0,0.0,20.5,0.0,30
869000,482,178,35.3,4.5,0.0,17.7,4.3,75
869000,477,48,35.5,1.0,0.0,19.6,0.8,23
870000,482,100,31.1,1.2,0.0,16.2,1.1,50
870000,477,67,30.9,0.3,0.0,18.8,0.1,28
871000,477,99,36.6,0.2,0.0,19.9,0.2,36
871000,482,68,37.6,1.0,0.0,16.0,0.8,31
872000,477,98,37.8,0.4,0.0,19.5,0.3,37
872000,482,93,36.5,2.4,0.0,18.8,2.2,39
873000,477,75,38.4,0.4,0.0,19.7,0.4,30
873000,482,46,39.1,0.8,0.0,18.7,0.8,31
874000,477,134,37.4,0.1,0.0,19.4,0.1,51
874000,482,77,37.2,2.0,0.0,18.4,1.9,40
874000,491,16,39.9,0.0,0.0,19.4,0.0,8
874000,490,6,29.0,17.0,0.0,18.0,17.0,1
875000,477,157,32.1,0.3,0.0,18.9,0.2,70
875000,482,39,33.6,5.7,0.0,17.4,4.1,19
875000,491,14,38.4,0.8,0.0,20.2,0.8,9
876000,477,188,25.1,1.1,0.0,17.4,0.7,106
876000,482,31,37.1,0.0,0.0,18.2,0.0,14
876000,491,12,38.8,0.6,0.0,18.3,0.6,7
877000,477,129,32.7,0.3,0.0,18.4,0.3,67
877000,482,49,33.9,0.6,0.0,18.0,0.6,23
877000,491,15,37.4,0.0,0.0,19.1,0.0,9
878000,477,127,32.2,0.7,0.0,20.1,0.6,74
878000,482,64,31.0,5.3,0.0,17.9,5.0,32
878000,491,16,36.8,0.9,0.0,17.6,0.9,11
879000,477,135,33.7,0.7,0.0,19.7,0.6,56
879000,482,70,35.8,0.0,0.0,19.2,0.0,34
879000,491,7,36.1,0.0,0.0,19.6,0.0,5
880000,477,134,29.1,10.1,0.0,18.2,10.0,43
880000,482,28,38.8,0.1,0.0,18.4,0.1,18
880000,501,6,37.0,1.0,0.0,15.0,1.0,1
881000,477,122,37.7,0.1,0.0,19.4,0.1,42
881000,482,52,38.2,0.2,0.0,18.2,0.2,25
882000,477,106,37.6,0.1,0.0,20.1,0.1,39
882000,482,31,37.5,0.0,0.0,15.9,0.0,8
883000,477,82,38.7,0.0,0.0,20.1,0.0,27
883000,482,43,38.5,0.7,0.0,15.1,0.7,13
884000,477,108,38.1,0.3,0.0,20.2,0.3,39
884000,482,62,38.4,0.3,0.0,15.6,0.3,15
885000,477,87,38.3,0.2,0.0,20.0,0.2,32
885000,505,56,33.1,0.3,0.0,16.8,0.3,19
885000,482,38,38.4,0.3,0.0,16.0,0.3,10
885000,506,21,21.5,19.5,0.0,16.2,17.3,4
886000,477,90,38.2,0.2,0.0,20.4,0.2,33
886000,505,59,31.4,0.5,0.0,16.5,0.5,21
886000,482,43,38.8,0.3,0.0,15.2,0.3,7
886000,506,12,23.0,19.0,0.0,16.0,19.0,1
887000,477,116,39.2,0.3,0.0,18.8,0.3,49
887000,505,68,40.0,0.3,0.0,16.7,0.3,15
887000,506,14,23.0,19.0,0.0,16.0,19.0,1
887000,482,7,39.1,0.1,0.0,14.9,0.1,4
888000,477,112,38.6,0.3,0.0,19.7,0.3,46
888000,505,87,39.3,0.5,0.0,16.7,0.5,30
888000,508,15,39.2,0.0,0.0,19.6,0.0,5
888000,506,13,22.2,19.8,0.0,15.4,18.5,2
888000,482,6,40.2,0.5,0.0,16.2,0.5,5
889000,477,122,38.4,0.3,0.0,19.2,0.3,45
889000,505,73,36.1,0.7,0.0,18.1,0.6,29
889000,508,20,37.6,0.3,0.0,20.9,0.3,8
889000,482,13,37.9,0.6,0.0,16.2,0.6,7
889000,506,7,23.0,19.0,0.0,16.0,19.0,1
890000,477,128,39.4,0.0,0.0,19.4,0.0,61
890000,505,64,39.4,0.3,0.0,16.4,0.3,20
890000,508,21,39.7,0.5,0.0,19.1,0.5,7
890000,506,15,23.0,19.0,0.0,16.0,19.0,1
891000,505,72,37.6,0.7,0.0,16.5,0.4,31
891000,477,70,38.0,0.1,0.0,21.0,0.1,29
891000,508,37,38.9,0.3,0.0,18.3,0.3,12
891000,506,6,23.0,19.0,0.0,16.0,19.0,1
892000,505,97,5.3,2.0,0.0,14.6,0.1,65
892000,477,51,38.7,0.0,0.0,19.9,0.0,19
892000,508,31,38.6,0.5,0.0,19.3,0.5,10
892000,506,25,21.5,19.7,0.0,16.9,17.8,3
893000,477,46,38.2,0.0,0.0,20.1,0.0,18
893000,508,34,37.6,0.2,0.0,18.9,0.2,9
893000,506,32,22.8,18.8,0.0,16.2,18.8,2
893000,505,20,9.0,0.2,0.0,15.3,0.0,13
894000,477,73,38.3,0.1,0.0,19.7,0.1,25
894000,508,43,38.5,0.5,0.0,17.2,0.5,13
894000,506,23,23.3,17.9,0.0,16.6,17.7,4
894000,505,17,1.1,0.0,0.0,12.3,0.0,8
895000,508,50,38.2,0.2,0.0,17.8,0.2,14
895000,477,50,37.3,0.5,0.0,20.0,0.5,12
895000,505,29,0.6,0.1,0.0,8.7,0.0,11
895000,517,26,40.2,0.0,0.0,16.7,0.0,6
895000,506,26,23.8,17.8,0.0,16.2,17.8,3
896000,508,82,37.3,0.3,0.0,17.5,0.3,25
896000,518,60,38.6,0.8,0.0,17.2,0.8,24
896000,477,40,37.5,0.9,0.0,18.9,0.5,16
896000,517,36,34.3,0.2,0.0,17.5,0.2,18
896000,506,12,23.0,19.0,0.0,16.0,19.0,1
897000,508,76,36.9,0.7,0.0,17.6,0.5,20
897000,518,65,38.9,0.7,0.0,17.2,0.7,27
897000,477,38,38.3,0.0,0.0,18.8,0.0,16
897000,506,35,22.9,19.5,0.0,15.8,19.0,2
897000,517,15,39.2,0.9,0.0,16.1,0.9,5
898000,518,95,36.3,0.5,0.0,16.7,0.5,31
898000,508,67,37.4,0.5,0.0,17.2,0.3,21
898000,477,60,37.5,0.2,0.0,18.6,0.2,19
898000,517,10,40.0,0.0,0.0,15.4,0.0,3
898000,506,6,23.0,19.0,0.0,16.0,19.0,1
899000,518,99,37.9,1.2,0.0,16.6,1.2,27
899000,477,66,38.2,0.3,0.0,18.6,0.3,26
899000,508,43,37.8,0.4,0.0,16.4,0.4,10
899000,506,24,23.0,19.0,0.0,16.0,19.0,1
899000,517,11,40.1,0.0,0.0,15.4,0.0,3
900000,518,104,37.9,1.0,0.0,17.1,1.0,32
900000,508,63,38.1,0.0,0.0,16.9,0.0,18
900000,477,45,38.4,0.2,0.0,19.2,0.2,14
900000,506,17,22.9,19.2,0.0,16.1,19.0,2
900000,517,5,40.6,0.0,0.0,15.4,0.0,2
901000,518,115,37.4,0.8,0.0,16.7,0.8,28
901000,477,60,38.3,0.0,0.0,19.7,0.0,19
901000,508,55,36.9,0.4,0.0,17.5,0.3,18
901000,506,15,23.0,18.8,0.0,16.1,18.7,3
902000,518,68,40.0,3.2,0.0,17.1,2.1,33
902000,477,61,41.5,0.1,0.0,20.2,0.1,23
902000,508,42,40.1,0.0,0.0,20.7,0.0,14
902000,506,28,23.0,19.0,0.0,16.0,19.0,1
903000,518,84,40.8,0.5,0.0,16.9,0.5,33
903000,477,78,39.1,0.2,0.0,21.4,0.2,29
903000,508,39,38.2,0.1,0.0,20.0,0.1,18
903000,506,17,23.4,18.3,0.0,16.1,18.3,2
904000,477,92,37.4,0.2,0.0,21.9,0.2,29
904000,518,81,39.4,1.1,0.0,17.5,1.1,34
904000,508,30,37.7,0.0,0.0,20.7,0.0,10
904000,506,12,23.0,19.0,0.0,16.0,19.0,1
905000,477,116,37.5,0.1,0.0,20.9,0.1,46
905000,518,60,38.1,1.2,0.0,19.1,0.6,23
905000,508,39,38.1,0.8,0.0,17.9,0.8,13
905000,506,6,23.0,19.0,0.0,16.0,19.0,1
906000,518,97,36.0,0.4,0.0,18.4,0.4,41
906000,477,65,37.0,0.0,0.0,21.7,0.0,26
906000,508,44,38.7,0.2,0.0,18.2,0.2,17
906000,527,25,37.5,0.3,0.0,18.6,0.3,11
906000,506,7,23.0,19.0,0.0,16.0,19.0,1
907000,477,93,38.2,0.0,0.0,21.0,0.0,25
907000,508,77,37.2,0.4,0.0,18.8,0.4,21
907000,518,47,38.7,0.6,0.0,20.2,0.6,20
907000,506,13,23.0,19.0,0.0,16.0,19.0,1
907000,527,10,38.4,0.0,0.0,18.1,0.0,4
908000,508,110,37.7,0.8,0.0,18.7,0.7,23
908000,477,55,38.2,0.0,0.0,20.7,0.0,17
908000,518,45,35.6,0.8,0.0,20.0,0.8,19
908000,506,10,23.0,19.0,0.0,16.0,19.0,1
908000,527,8,37.4,0.2,0.0,18.5,0.2,4
909000,508,120,37.9,0.4,0.0,18.6,0.4,30
909000,477,60,38.8,0.2,0.0,20.8,0.2,20
909000,518,21,39.6,0.8,0.0,17.2,0.8,8
909000,506,17,23.1,18.6,0.0,15.9,18.6,2
909000,527,13,38.0,0.0,0.0,16.8,0.0,5
910000,508,140,37.3,0.5,0.0,19.1,0.4,50
910000,477,62,36.1,0.1,0.0,21.2,0.1,32
910000,518,17,37.9,1.4,0.0,18.6,1.4,7
910000,527,14,34.9,0.1,0.0,19.7,0.1,7
910000,506,10,23.0,19.2,0.0,15.7,19.1,2
911000,508,166,37.1,0.4,0.0,19.3,0.4,50
911000,477,33,36.8,0.2,0.0,21.8,0.2,12
911000,518,31,35.7,1.3,0.0,17.2,1.3,13
911000,527,8,37.5,0.6,0.0,17.8,0.6,5
912000,508,147,36.4,0.6,0.0,18.2,0.6,47
912000,518,67,28.7,1.1,0.0,16.3,1.1,23
912000,477,25,36.0,0.6,0.0,20.3,0.6,13
912000,527,10,35.5,0.5,0.0,19.3,0.5,6
913000,508,119,37.4,0.5,0.0,17.9,0.4,42
913000,518,57,36.2,1.2,0.0,18.1,1.2,16
913000,477,31,38.3,0.0,0.0,21.8,0.0,13
913000,527,19,36.7,0.3,0.0,18.2,0.3,7
913000,506,10,22.7,19.2,0.0,15.6,19.1,2
914000,508,128,37.3,0.4,0.0,18.5,0.4,37
914000,518,50,37.9,1.1,0.0,18.0,1.1,7
914000,527,25,36.1,0.0,0.0,18.3,0.0,9
914000,477,24,38.5,0.4,0.0,20.7,0.4,13
914000,506,10,22.9,18.5,0.0,16.0,18.5,2
915000,508,134,38.4,0.4,0.0,17.5,0.4,44
915000,518,48,38.0,1.1,0.0,18.1,1.1,12
915000,477,34,37.6,0.5,0.0,21.5,0.5,16
915000,527,18,35.9,0.0,0.0,20.9,0.0,9
915000,506,12,23.0,19.0,0.0,16.0,19.0,1
916000,508,121,36.9,0.2,0.0,18.3,0.2,36
916000,518,49,36.0,1.0,0.0,17.9,1.0,13
916000,477,36,38.0,0.1,0.0,20.9,0.1,15
916000,527,22,37.3,0.2,0.0,19.3,0.2,12
916000,506,10,23.3,17.5,0.0,16.8,17.5,2
917000,508,114,37.5,0.2,0.0,18.3,0.2,32
917000,477,42,39.1,0.0,0.0,20.6,0.0,17
917000,518,41,38.2,1.3,0.0,17.9,1.0,10
917000,527,20,38.4,0.2,0.0,18.4,0.2,7
917000,506,15,23.1,19.0,0.0,15.7,19.0,2
918000,508,99,38.3,0.3,0.0,17.3,0.3,24
918000,477,43,38.5,0.0,0.0,20.6,0.0,17
918000,518,38,37.2,1.1,0.0,18.9,1.1,10
918000,527,23,38.3,0.0,0.0,19.3,0.0,5
918000,506,21,23.0,19.0,0.0,15.9,19.0,2
919000,508,114,37.9,0.6,0.0,16.8,0.6,38
919000,518,71,22.2,0.5,0.0,13.6,0.5,32
919000,506,37,22.9,18.4,0.0,16.9,18.4,4
919000,477,22,37.9,0.0,0.0,21.2,0.0,9
919000,527,12,38.1,0.0,0.0,20.2,0.0,5
920000,508,159,39.1,0.9,0.0,17.4,0.9,64
920000,477,28,39.0,0.0,0.0,20.1,0.0,10
920000,527,25,39.8,0.0,0.0,19.3,0.0,7
920000,506,16,23.0,19.0,0.0,16.0,19.0,1
920000,518,10,39.4,0.0,0.0,21.7,0.0,3
921000,508,137,37.3,0.5,0.0,18.7,0.5,56
921000,477,50,37.4,0.3,0.0,19.4,0.3,24
921000,527,18,36.4,0.3,0.0,22.4,0.3,7
921000,506,17,22.9,17.9,0.0,16.6,17.9,2
921000,518,7,40.0,0.0,0.0,21.1,0.0,3
922000,508,112,38.1,0.4,0.0,18.0,0.4,40
922000,477,63,37.6,0.3,0.0,20.9,0.3,27
922000,506,24,23.0,20.5,0.0,17.0,19.8,3
922000,527,16,37.8,0.4,0.0,21.1,0.4,8
923000,508,172,41.3,0.7,0.0,16.4,0.7,39
923000,477,41,42.6,0.0,0.0,20.8,0.0,10
923000,506,11,23.0,22.6,0.0,17.8,20.8,2
924000,508,172,42.1,0.8,0.0,15.8,0.8,40
924000,477,25,40.8,0.0,0.0,23.0,0.0,10
924000,506,20,23.0,23.0,0.0,18.0,21.0,2
925000,508,212,40.2,1.2,0.0,16.2,1.2,58
925000,477,16,43.1,0.0,0.0,20.6,0.0,7
925000,506,14,23.0,23.1,0.0,17.9,21.0,2
926000,508,215,41.4,0.8,0.0,16.5,0.8,64
926000,506,11,23.0,23.0,0.0,18.0,21.0,1
926000,477,9,43.2,0.0,0.0,20.6,0.0,4
927000,508,188,41.4,1.0,0.0,15.9,1.0,46
927000,506,28,23.0,23.0,0.0,18.0,21.0,1
927000,477,11,42.6,0.0,0.0,21.4,0.0,4
928000,508,150,41.9,1.1,0.0,15.7,1.1,38
928000,506,49,23.0,23.0,0.0,18.0,21.0,1
928000,477,17,43.4,0.2,0.0,20.1,0.2,7
929000,508,196,41.3,0.9,0.0,16.8,0.9,58
929000,506,15,23.0,23.0,0.0,18.0,21.0,1
929000,477,9,40.1,0.0,0.0,22.3,0.0,4
930000,508,208,40.9,0.7,0.0,17.0,0.7,69
930000,506,16,23.0,23.0,0.0,18.0,21.0,1
930000,477,8,42.5,0.0,0.0,21.5,0.0,3
931000,508,206,40.7,0.8,0.0,17.1,0.7,55
931000,477,11,41.8,0.0,0.0,22.2,0.0,5
931000,506,10,22.2,22.7,0.0,18.7,20.5,3
932000,508,197,41.7,0.8,0.0,15.7,0.7,45
932000,477,14,43.8,0.0,0.0,19.9,0.0,9
932000,506,8,22.8,23.0,0.0,18.2,20.9,2
933000,508,172,38.1,0.6,0.0,16.4,0.4,61
933000,506,42,23.0,21.9,0.0,18.8,20.2,8
934000,508,177,43.3,0.2,0.0,18.2,0.2,62
934000,506,20,23.0,23.0,0.0,18.0,21.0,1
934000,477,5,44.0,0.0,0.0,19.0,0.0,1
935000,508,184,42.3,0.3,0.0,18.2,0.3,68
935000,506,14,22.5,21.4,0.0,20.1,19.5,2
935000,477,8,43.5,0.0,0.0,18.8,0.0,2
936000,508,203,41.0,0.5,0.0,18.0,0.5,73
936000,477,11,42.7,0.5,0.0,17.7,0.5,5
936000,506,11,22.0,24.3,0.0,17.5,20.2,2
937000,508,206,42.2,0.6,0.0,16.5,0.6,62
937000,506,9,19.3,20.8,0.0,23.9,16.3,3
938000,508,228,39.1,0.4,0.0,16.9,0.4,73
938000,506,5,23.0,23.0,0.0,18.0,21.0,1
939000,506,88,23.2,23.6,0.0,17.2,21.4,7
939000,508,69,45.0,0.3,0.0,17.2,0.3,33
940000,508,156,44.1,0.3,0.0,18.4,0.3,49
940000,506,22,22.6,24.1,0.0,17.1,21.2,4
941000,508,165,44.5,0.2,0.0,17.9,0.2,49
941000,506,10,21.9,25.1,0.0,17.0,19.7,4
942000,508,149,42.9,0.2,0.0,19.5,0.2,63
942000,533,51,43.2,0.9,0.0,20.0,0.8,17
942000,506,7,23.0,25.0,0.0,16.0,22.0,1
943000,508,116,43.4,0.1,0.0,18.4,0.1,40
943000,533,60,43.8,0.4,0.0,19.8,0.4,13
943000,506,10,22.7,26.9,0.0,14.4,21.7,2
944000,508,63,45.0,0.2,0.0,17.0,0.2,20
944000,506,53,23.5,24.3,0.0,16.2,21.4,3
944000,533,47,45.1,0.5,0.0,18.3,0.5,13
945000,508,62,45.1,0.2,0.0,17.2,0.2,18
945000,533,58,44.7,0.3,0.0,19.0,0.3,12
945000,506,40,23.0,24.7,0.0,16.1,21.8,2
946000,533,58,44.9,0.3,0.0,18.8,0.3,8
946000,508,28,44.6,0.5,0.0,17.0,0.5,9
946000,506,24,23.0,25.5,0.0,15.5,22.0,2
947000,508,135,43.8,0.1,0.0,17.4,0.1,31
947000,533,41,44.4,0.7,0.0,19.0,0.6,5
947000,506,17,22.6,25.1,0.0,16.2,21.7,2
948000,508,117,43.3,0.0,0.0,17.9,0.0,21
948000,506,20,23.0,25.0,0.0,16.0,22.0,1
948000,533,9,44.8,0.0,0.0,19.2,0.0,3
949000,508,137,33.3,1.2,0.0,16.3,1.0,49
949000,506,45,23.1,24.7,0.0,16.2,21.8,2
949000,533,14,45.0,0.0,0.0,19.0,0.0,2
950000,508,91,43.4,0.0,0.0,17.6,0.0,26
950000,533,41,45.5,0.6,0.0,18.0,0.6,13
950000,506,31,22.7,25.4,0.0,15.8,21.7,2
951000,508,122,41.8,0.1,0.0,17.4,0.1,27
951000,533,42,45.7,0.5,0.0,17.8,0.5,13
951000,506,15,23.0,25.0,0.0,16.0,22.0,1
952000,508,126,43.4,0.2,0.0,17.6,0.0,34
952000,539,46,43.6,0.4,0.0,17.0,0.4,17
952000,533,42,45.5,0.6,0.0,17.9,0.6,12
952000,506,15,23.5,24.5,0.0,15.8,21.7,2
953000,508,148,39.3,0.4,0.0,18.6,0.3,51
953000,539,33,44.0,0.8,0.0,16.5,0.8,11
953000,533,27,44.6,0.3,0.0,19.1,0.3,14
953000,506,12,22.8,24.7,0.0,16.4,21.7,3
954000,508,178,37.4,0.1,0.0,16.3,0.1,53
954000,539,23,44.0,0.4,0.0,17.4,0.4,5
954000,533,23,44.2,0.6,0.0,19.3,0.6,8
954000,506,17,23.0,24.3,0.0,16.7,21.5,2
955000,508,112,44.0,0.2,0.0,17.0,0.2,23
955000,506,26,23.3,22.5,0.0,17.6,20.0,5
955000,533,25,45.1,0.6,0.0,18.4,0.6,4
955000,539,17,42.1,0.0,0.0,19.3,0.0,4
956000,508,177,40.0,0.5,0.0,19.8,0.3,60
956000,533,31,45.1,1.6,0.0,17.4,1.6,12
956000,539,18,42.7,0.0,0.0,17.2,0.0,4
957000,508,184,29.3,0.7,0.0,15.3,0.0,53
957000,533,39,44.6,0.4,0.0,19.0,0.4,9
957000,506,20,23.0,24.7,0.0,16.3,21.9,2
957000,539,18,43.3,0.0,0.0,19.1,0.0,6
958000,508,145,24.9,1.3,0.0,13.5,0.3,69
958000,506,54,22.4,24.7,0.0,16.9,20.8,8
958000,533,20,44.0,1.0,0.0,19.0,1.0,6
958000,539,9,42.2,1.6,0.0,14.6,1.6,4
959000,508,98,6.5,2.5,0.0,10.4,0.5,45
959000,506,44,23.1,23.9,0.0,17.0,21.2,2
959000,533,21,45.5,1.0,0.0,17.5,1.0,8
959000,539,19,43.7,0.8,0.0,17.1,0.8,8
960000,508,53,3.9,1.8,0.0,12.1,0.1,35
960000,533,45,44.9,2.5,0.0,16.6,1.9,16
960000,506,32,22.9,25.1,0.0,15.9,21.9,2
960000,539,14,44.1,0.2,0.0,17.1,0.2,6
961000,539,22,40.8,0.0,0.0,20.5,0.0,12
961000,533,20,44.9,0.6,0.0,18.5,0.6,11
961000,506,19,22.4,26.6,0.0,14.5,20.9,4
962000,539,21,43.0,0.0,0.0,18.0,0.0,5
962000,533,19,44.4,0.3,0.0,19.4,0.3,9
962000,506,9,23.0,25.0,0.0,16.0,22.0,1
963000,546,158,42.5,0.2,0.0,18.0,0.1,42
963000,533,23,44.4,0.2,0.0,19.3,0.2,10
963000,539,23,44.6,0.0,0.0,17.6,0.0,5
963000,506,13,23.0,25.0,0.0,16.0,22.0,1
964000,546,159,41.7,0.1,0.0,18.8,0.1,50
964000,533,33,45.3,0.1,0.0,18.6,0.1,14
964000,539,20,42.0,0.2,0.0,19.6,0.2,7
964000,506,8,23.0,23.4,0.0,16.6,20.8,2
965000,546,212,26.1,2.2,0.0,15.7,0.3,85
965000,533,24,45.0,0.0,0.0,18.9,0.0,11
965000,506,22,23.9,22.4,0.0,16.2,20.1,4
965000,539,6,44.0,0.0,0.0,18.2,0.0,3
966000,546,86,43.8,0.1,0.0,16.4,0.1,19
966000,506,46,22.8,24.5,0.0,16.7,21.5,2
966000,533,39,45.6,0.1,0.0,18.3,0.1,15
966000,539,7,44.0,0.4,0.0,17.9,0.4,3
967000,546,59,43.5,0.0,0.0,17.1,0.0,14
967000,506,55,24.2,24.3,0.0,15.5,21.1,5
967000,533,44,46.0,1.2,0.0,16.7,1.2,17
968000,546,93,43.8,0.0,0.0,16.5,0.0,17
968000,533,37,44.8,1.5,0.0,17.7,1.5,12
968000,506,24,23.0,24.8,0.0,16.2,22.0,2
968000,539,9,43.8,0.0,0.0,18.3,0.0,2
969000,546,104,43.4,0.2,0.0,16.2,0.0,21
969000,506,51,23.3,25.0,0.0,15.6,21.9,3
969000,533,21,46.8,1.0,0.0,16.2,1.0,5
970000,546,99,42.4,0.3,0.0,18.3,0.3,23
970000,506,52,23.0,24.8,0.0,16.2,21.9,3
970000,533,18,45.8,0.9,0.0,17.3,0.9,3
971000,546,129,42.8,0.1,0.0,17.8,0.1,33
971000,506,24,23.0,24.4,0.0,16.6,21.5,2
971000,533,16,45.9,1.1,0.0,17.0,1.1,3
972000,546,192,42.1,0.2,0.0,18.4,0.2,49
972000,533,13,46.7,1.0,0.0,16.3,1.0,3
972000,539,13,39.1,0.0,0.0,22.5,0.0,6
972000,506,9,23.4,23.7,0.0,16.9,21.0,2
973000,546,184,42.8,0.2,0.0,17.6,0.2,50
973000,506,15,24.2,24.7,0.0,15.1,20.7,3
973000,539,10,44.2,0.0,0.0,18.0,0.0,2
974000,546,176,32.3,0.4,0.0,15.2,0.1,54
974000,506,41,22.8,25.5,0.0,15.7,21.8,3
974000,539,17,43.8,0.0,0.0,18.2,0.0,3
974000,533,9,45.6,2.4,0.0,16.0,2.4,2
975000,546,128,42.6,0.0,0.0,18.6,0.0,28
975000,533,30,43.4,2.2,0.0,18.4,2.2,6
975000,539,23,44.1,0.0,0.0,17.9,0.0,4
975000,506,14,23.1,24.8,0.0,16.1,22.0,2
976000,546,173,42.2,0.1,0.0,18.1,0.1,51
976000,539,31,43.3,0.0,0.0,17.9,0.0,6
976000,533,9,43.4,3.4,0.0,17.1,3.4,3
976000,506,9,23.0,24.2,0.0,16.8,22.0,3
977000,546,171,41.1,0.2,0.0,19.2,0.2,54
977000,539,73,23.6,0.4,0.0,14.5,0.2,29
977000,533,11,43.6,2.2,0.0,18.2,2.2,3
977000,506,7,22.7,24.1,0.0,17.1,21.7,3
978000,546,111,44.3,0.0,0.0,16.9,0.0,25
978000,539,85,12.9,1.9,0.1,17.3,0.7,40
978000,506,28,22.4,23.6,0.0,16.3,20.3,5
978000,533,27,43.4,1.8,0.0,18.8,1.8,4
979000,546,131,43.7,0.2,0.0,16.6,0.2,38
979000,533,44,44.5,2.0,0.0,17.5,2.0,11
979000,506,19,22.0,23.6,0.0,18.4,19.9,4
979000,539,18,8.9,0.6,0.0,11.1,0.4,16
980000,546,168,43.3,0.1,0.0,17.6,0.1,50
980000,533,29,44.6,2.2,0.0,17.2,2.2,12
980000,506,6,22.0,25.0,0.0,17.0,21.0,1
981000,546,181,38.7,0.4,0.0,17.2,0.3,71
981000,533,19,43.9,1.7,0.0,18.4,1.7,6
981000,506,13,21.5,26.5,0.0,16.0,20.6,2
982000,546,117,41.7,1.4,0.0,17.1,0.8,48
982000,506,31,21.1,23.2,0.0,18.7,18.8,8
982000,533,11,45.6,0.9,0.0,17.5,0.9,5
983000,546,141,42.1,0.1,0.0,17.6,0.1,48
983000,556,27,42.8,0.1,0.0,18.1,0.1,7
983000,533,21,44.3,2.6,0.0,17.1,2.6,8
983000,506,20,21.5,22.8,0.0,19.4,19.2,2
984000,546,147,42.7,0.0,0.0,17.6,0.0,50
984000,556,28,42.4,0.1,0.0,18.0,0.1,12
984000,533,26,44.4,1.0,0.0,18.6,1.0,7
984000,506,5,22.0,25.0,0.0,17.0,21.0,1
985000,546,130,42.8,0.3,0.0,16.9,0.3,40
985000,533,36,43.9,0.9,0.0,19.2,0.9,10
985000,556,26,42.0,0.0,0.0,17.9,0.0,10
985000,506,19,22.3,24.8,0.0,16.8,19.6,3
986000,546,132,42.0,0.5,0.0,18.1,0.5,41
986000,533,35,43.8,1.0,0.0,19.2,1.0,7
986000,556,24,41.5,0.1,0.0,18.8,0.1,10
986000,506,9,20.7,28.2,0.0,15.1,19.8,2
987000,546,109,41.2,1.2,0.0,18.2,1.2,32
987000,556,24,41.9,0.0,0.0,17.7,0.0,9
987000,533,18,42.3,2.2,0.0,19.5,2.2,7
987000,506,12,21.5,23.2,0.0,16.5,19.2,3
988000,546,177,41.5,0.2,0.0,18.3,0.2,52
988000,533,33,44.2,0.3,0.0,19.5,0.3,13
988000,556,19,40.5,0.1,0.0,18.9,0.1,11
989000,546,158,42.1,0.2,0.0,17.5,0.2,48
989000,533,33,43.8,0.4,0.0,19.8,0.4,13
989000,556,19,40.3,0.4,0.0,20.4,0.4,11
989000,506,11,22.0,25.0,0.0,17.0,21.0,1
990000,546,161,37.8,0.7,0.0,18.3,0.6,59
990000,533,33,43.2,1.2,0.0,19.6,1.2,17
990000,556,19,39.8,0.9,0.0,21.2,0.9,8
990000,506,9,22.0,25.0,0.0,17.0,21.0,1
991000,546,172,41.9,0.1,0.0,17.1,0.1,54
991000,556,19,42.9,0.1,0.0,20.6,0.1,7
991000,533,19,43.9,0.7,0.0,19.4,0.7,7
991000,506,11,22.0,25.0,0.0,17.0,21.0,1
992000,546,206,38.2,0.2,0.0,20.1,0.2,82
992000,556,12,42.0,0.5,0.0,19.7,0.5,7
992000,533,7,43.7,0.6,0.0,19.7,0.6,4
993000,546,250,33.2,3.8,0.0,18.0,3.4,79
994000,546,105,23.6,22.4,0.0,18.0,21.6,4
995000,546,51,23.7,22.3,0.0,17.9,20.6,4
996000,546,49,24.3,21.7,0.0,18.0,21.4,5
997000,546,15,24.0,22.0,0.0,18.0,22.0,1
998000,565,206,42.4,0.1,0.0,18.5,0.0,42
998000,546,13,24.0,22.0,0.0,18.0,22.0,1
999000,565,200,42.1,0.0,0.0,18.8,0.0,37
999000,546,12,24.0,22.0,0.0,18.0,22.0,1
1000000,565,198,43.6,0.1,0.0,17.4,0.1,33
1000000,546,21,24.0,22.0,0.0,18.0,22.0,1
