step,pop,mean_energy,mean_res,mean_genes,births,deaths_energy,deaths_age,deaths_eaten,deaths_body,escapes,plant_intake,meat_intake,stay,n,s,e,w,steps_per_sec,mass_mean,mass_std,hard_mean,hard_std,muscle_mean,muscle_std,sensor_mean,sensor_std,digestive_mean,digestive_std,attack_mean,attack_std,speed_mean,speed_std,distinct_bodies,top_body_share,diet_plants,diet_mixed,diet_meat,diet_none,births_with_neighbor,sexual_births,lineages,top_lineage_share,no_lineage_share
10000,342,3.108,0.132,8.23,28710,10619,3,17254,866,433,412814.2,28839.6,0.018,0.071,0.366,0.432,0.113,7895,37.79,22.79,19.70,17.29,2.29,4.80,0.23,1.26,15.57,8.39,2.27,4.80,0.040,0.079,94,0.155,0.749,0.213,0.000,0.038,11328,8226,2,0.231,0.649
20000,420,2.811,0.099,8.09,19861,9090,37,10338,318,200,410980.8,17043.6,0.005,0.078,0.359,0.489,0.069,12169,29.57,14.66,16.92,11.20,1.96,4.78,0.13,1.05,10.56,4.22,1.30,3.33,0.060,0.138,89,0.352,0.817,0.145,0.000,0.038,6267,3994,1,0.548,0.452
30000,289,3.591,0.125,7.08,22883,8520,18,14175,301,597,409599.6,23861.3,0.004,0.121,0.333,0.510,0.033,11787,45.39,18.61,24.60,14.49,2.52,5.50,0.28,1.34,17.99,4.38,2.39,5.12,0.041,0.095,67,0.159,0.806,0.166,0.000,0.028,8469,6333,1,0.958,0.042
40000,257,3.814,0.130,6.49,27874,9106,10,18419,371,339,410509.3,26415.9,0.010,0.136,0.445,0.400,0.009,11455,54.11,9.25,33.37,8.09,2.21,5.88,0.27,2.50,18.25,5.90,2.20,5.83,0.035,0.092,51,0.510,0.844,0.121,0.000,0.035,10844,9106,1,1.000,0.000
50000,271,3.743,0.139,6.44,29856,9335,9,20084,414,247,410312.5,29652.6,0.008,0.127,0.464,0.388,0.013,9967,47.68,18.61,28.79,14.60,1.77,5.63,0.01,0.12,17.11,6.55,1.44,4.67,0.030,0.093,51,0.314,0.875,0.114,0.000,0.011,12335,10829,1,1.000,0.000
60000,272,3.693,0.181,5.90,26770,10381,8,15964,416,320,409154.9,24585.2,0.010,0.123,0.493,0.348,0.026,11645,42.15,18.29,24.44,12.64,4.53,8.12,0.04,0.61,13.14,5.86,3.78,6.07,0.078,0.138,70,0.353,0.684,0.261,0.000,0.055,10426,9383,1,1.000,0.000
70000,208,4.123,0.298,6.27,35468,12443,6,22407,676,1472,404577.8,32342.4,0.007,0.102,0.446,0.123,0.322,8545,62.04,6.98,35.53,8.46,2.85,6.01,0.12,1.00,23.54,7.93,2.56,5.25,0.045,0.094,57,0.125,0.851,0.120,0.000,0.029,17602,15878,1,1.000,0.000
80000,257,3.887,0.163,7.26,17314,9974,0,7240,51,337,407453.1,16339.9,0.022,0.193,0.048,0.018,0.720,15676,48.13,12.40,29.85,9.22,2.93,6.18,0.18,1.57,15.18,4.32,2.58,5.34,0.049,0.102,58,0.451,0.786,0.202,0.000,0.012,4371,3240,1,0.911,0.089
90000,288,3.619,0.142,6.83,16191,8983,11,7111,55,322,409962.3,14389.7,0.006,0.369,0.124,0.001,0.500,17011,46.86,6.68,27.86,6.67,1.35,3.84,0.78,5.09,16.87,3.58,1.17,3.17,0.024,0.070,63,0.319,0.872,0.108,0.000,0.021,4259,4209,1,1.000,0.000
100000,278,3.714,0.152,8.55,16471,9667,3,6739,72,138,409846.4,15844.2,0.005,0.349,0.158,0.001,0.486,17285,46.92,20.06,22.13,11.82,2.21,5.24,0.46,1.68,22.12,11.63,1.89,4.38,0.037,0.086,106,0.104,0.806,0.169,0.000,0.025,4218,3918,1,1.000,0.000
110000,288,3.359,0.140,8.35,25127,11047,2,13674,394,436,409952.9,22621.6,0.019,0.208,0.157,0.009,0.607,8228,43.76,19.69,21.12,13.94,2.72,5.57,2.28,6.25,17.65,6.95,2.42,5.11,0.048,0.095,101,0.191,0.743,0.215,0.003,0.038,8865,6599,1,0.979,0.021
120000,298,3.213,0.123,8.18,25284,10145,0,14908,221,458,410399.3,25155.4,0.021,0.069,0.135,0.003,0.772,10074,43.17,17.72,21.75,13.22,1.84,5.05,1.12,4.29,18.46,7.11,1.29,3.70,0.040,0.118,75,0.265,0.862,0.101,0.000,0.037,7666,6646,1,1.000,0.000
130000,333,3.255,0.127,8.36,33058,9679,0,22674,670,663,409511.8,34345.5,0.028,0.059,0.113,0.002,0.797,6882,41.32,21.55,22.30,15.31,3.72,5.92,0.93,2.90,14.37,6.34,3.38,5.16,0.060,0.094,92,0.216,0.697,0.276,0.000,0.027,12410,10821,1,1.000,0.000
140000,382,2.742,0.126,9.21,28555,10145,2,17603,756,472,409306.0,29011.1,0.012,0.046,0.130,0.002,0.812,7218,32.68,25.82,14.58,18.63,3.64,8.35,0.73,4.18,13.73,6.97,2.96,7.27,0.073,0.160,107,0.139,0.736,0.134,0.000,0.131,12214,10629,2,0.757,0.097
150000,265,3.744,0.157,8.90,27312,8758,11,17895,765,755,409975.4,27059.9,0.018,0.032,0.169,0.001,0.781,6879,46.93,22.11,26.20,17.65,4.61,8.42,0.18,1.62,15.95,4.70,4.23,7.64,0.073,0.133,63,0.147,0.728,0.238,0.000,0.034,12502,10558,1,0.668,0.332
160000,250,3.504,0.141,8.90,31421,6382,14,24088,952,489,410034.8,37733.2,0.007,0.026,0.321,0.003,0.643,6246,52.80,18.87,30.37,18.81,2.63,7.19,0.51,2.87,19.29,4.38,2.49,6.79,0.041,0.112,42,0.512,0.880,0.112,0.000,0.008,13365,10882,2,0.880,0.000
170000,264,3.529,0.165,9.25,59988,7178,7,50836,1953,733,409371.2,74601.2,0.013,0.032,0.401,0.010,0.543,3477,44.82,26.18,22.58,18.20,7.33,10.20,0.33,2.49,14.59,5.80,7.33,10.20,0.115,0.159,54,0.322,0.636,0.337,0.000,0.027,28968,23966,2,0.625,0.000
180000,267,3.360,0.173,10.16,42551,6915,17,34128,1488,402,409851.7,49745.1,0.014,0.034,0.361,0.004,0.588,4226,44.91,24.32,23.56,19.04,5.23,9.03,0.42,3.18,15.70,5.63,5.01,8.80,0.089,0.162,71,0.225,0.670,0.288,0.000,0.041,18051,14155,2,0.258,0.509
190000,340,2.853,0.181,10.18,49653,7352,12,40487,1729,565,410328.8,58934.4,0.011,0.043,0.438,0.010,0.499,3982,32.31,26.35,11.32,13.31,8.16,10.53,0.48,2.73,12.36,5.98,8.06,10.51,0.129,0.167,81,0.359,0.618,0.335,0.000,0.047,22047,18553,2,0.491,0.129
200000,229,3.890,0.194,9.73,40038,6979,8,32317,845,606,409907.6,51171.1,0.014,0.053,0.371,0.001,0.561,4929,49.76,22.67,26.31,18.16,7.38,10.52,0.40,2.58,15.67,4.30,6.73,9.61,0.116,0.165,56,0.266,0.590,0.371,0.000,0.039,16088,12869,1,0.450,0.550
210000,210,4.262,0.155,8.71,30393,6299,40,23476,597,311,409490.8,39683.8,0.012,0.047,0.399,0.001,0.542,6725,62.53,4.89,41.02,8.67,1.99,5.30,0.71,3.78,18.80,2.57,1.97,5.28,0.031,0.083,40,0.205,0.805,0.195,0.000,0.000,10545,8017,2,0.710,0.000
220000,309,3.294,0.160,10.32,33884,6819,18,26066,882,409,409824.6,43207.4,0.018,0.038,0.404,0.001,0.539,4665,42.94,23.58,23.52,20.17,2.79,6.72,0.24,1.78,16.40,5.21,2.71,6.44,0.047,0.118,80,0.129,0.696,0.275,0.000,0.029,13188,10199,2,0.411,0.239
230000,238,3.930,0.166,8.53,38325,8356,20,29218,802,494,409913.0,48635.1,0.019,0.039,0.455,0.033,0.454,5562,57.00,16.16,37.43,14.38,2.39,5.46,0.12,1.44,17.06,3.66,2.39,5.45,0.037,0.085,47,0.319,0.735,0.256,0.000,0.008,17022,13950,2,0.647,0.256
240000,279,3.375,0.183,10.75,31932,7292,47,23845,707,596,409754.0,39040.9,0.014,0.055,0.454,0.034,0.443,5420,42.10,25.43,20.89,18.91,5.81,9.54,0.08,0.89,15.32,4.49,5.60,9.50,0.096,0.154,59,0.244,0.756,0.222,0.000,0.022,13132,10072,2,0.312,0.437
250000,270,3.874,0.217,10.47,57191,7325,3,48655,1217,2824,409526.8,74094.0,0.028,0.034,0.541,0.004,0.392,2585,55.80,19.14,31.75,16.28,7.76,9.66,0.12,0.97,16.17,3.81,7.51,9.54,0.126,0.154,54,0.281,0.604,0.367,0.000,0.030,25751,19644,3,0.556,0.074
260000,357,2.665,0.145,8.58,50170,6714,12,42144,1213,2160,410018.4,68906.9,0.004,0.038,0.505,0.016,0.437,4598,31.13,25.86,11.48,15.07,6.85,10.59,0.27,1.48,12.53,5.38,6.15,9.84,0.121,0.186,82,0.275,0.675,0.258,0.000,0.067,19237,15107,3,0.627,0.000
270000,257,3.712,0.161,9.19,39884,6819,19,32433,713,1408,410715.1,49745.6,0.010,0.055,0.371,0.007,0.557,5501,48.24,23.16,23.24,18.06,7.50,10.52,0.78,3.25,16.72,4.70,7.30,10.33,0.118,0.165,50,0.327,0.704,0.280,0.000,0.016,16835,13684,2,0.665,0.000
280000,388,2.697,0.147,9.53,41435,6830,14,33537,923,464,410184.1,53500.1,0.033,0.032,0.409,0.002,0.523,4750,28.59,24.30,8.65,12.70,6.25,10.11,1.03,3.38,12.66,4.16,6.07,9.79,0.098,0.158,82,0.268,0.716,0.245,0.000,0.039,17402,13770,3,0.691,0.000
290000,219,4.398,0.247,7.51,46423,8362,0,37543,687,1406,407662.6,68459.4,0.013,0.045,0.592,0.003,0.347,4672,61.80,5.18,37.80,8.31,4.75,7.37,0.21,2.20,19.03,3.46,4.64,7.30,0.075,0.115,48,0.174,0.813,0.178,0.000,0.009,20089,16738,2,0.731,0.000
300000,243,4.119,0.181,7.38,21844,7269,4,14215,332,790,408848.6,34017.8,0.009,0.084,0.399,0.009,0.499,12751,55.62,17.41,31.57,16.47,5.09,10.62,0.02,0.18,18.93,3.91,3.37,6.80,0.080,0.166,38,0.140,0.778,0.189,0.000,0.033,7217,5500,2,0.753,0.058
310000,222,4.266,0.174,8.89,19204,8349,6,10684,186,541,409899.7,20710.6,0.010,0.060,0.479,0.008,0.443,13315,61.14,8.08,35.65,7.61,3.41,5.91,0.10,0.66,21.98,4.93,3.19,5.41,0.054,0.096,70,0.099,0.820,0.176,0.000,0.005,6394,4894,1,0.982,0.018
320000,240,3.963,0.174,9.82,12253,8105,5,4120,5,269,410011.3,11034.4,0.011,0.023,0.484,0.004,0.478,16274,55.53,12.61,33.41,10.73,2.75,5.95,0.64,0.97,18.74,3.73,2.73,5.91,0.043,0.093,78,0.146,0.837,0.154,0.000,0.008,2845,1939,1,0.725,0.275
330000,262,3.747,0.178,9.30,24557,8575,7,15592,361,823,409659.9,26294.9,0.014,0.019,0.473,0.013,0.482,7430,49.72,15.44,28.84,12.18,3.34,6.23,0.60,1.66,16.94,5.01,3.09,5.79,0.061,0.115,89,0.126,0.737,0.244,0.000,0.019,9035,6835,2,0.775,0.000
340000,244,4.067,0.195,9.55,19885,8581,10,11237,75,441,407797.3,22852.8,0.021,0.025,0.262,0.003,0.689,10162,52.96,8.87,30.76,9.90,3.82,7.57,0.30,1.57,18.08,6.58,3.57,6.63,0.061,0.118,74,0.180,0.775,0.201,0.000,0.025,5800,4217,1,0.832,0.168
350000,242,3.847,0.173,10.99,20309,8770,21,11444,76,592,409662.2,22561.4,0.024,0.013,0.251,0.000,0.711,7950,54.12,7.82,35.62,5.67,1.37,3.04,0.26,1.00,16.86,3.46,1.35,2.92,0.024,0.050,95,0.145,0.880,0.120,0.000,0.000,6359,4622,1,1.000,0.000
360000,259,3.852,0.171,11.44,16087,8215,20,7765,70,413,410111.9,15652.7,0.004,0.019,0.303,0.001,0.673,8861,50.24,13.48,31.16,9.20,3.44,6.11,0.35,1.79,15.29,4.42,3.17,5.59,0.059,0.100,101,0.085,0.718,0.263,0.000,0.019,4573,2795,1,0.915,0.085
370000,251,4.102,0.168,11.48,19044,8257,5,10685,105,567,409912.6,22320.2,0.007,0.036,0.345,0.001,0.610,7151,53.98,8.90,34.71,7.96,2.38,5.58,0.55,2.09,16.33,3.45,2.14,4.76,0.041,0.094,89,0.151,0.908,0.084,0.000,0.008,6036,3862,3,0.550,0.303
380000,222,4.188,0.163,11.91,15279,7159,8,8072,69,277,406926.8,20148.9,0.016,0.026,0.417,0.002,0.538,9306,60.75,5.34,37.70,3.92,1.43,4.30,0.00,0.00,21.62,4.83,1.38,4.11,0.023,0.067,73,0.203,0.919,0.063,0.000,0.018,4400,2866,2,0.874,0.000
390000,213,4.255,0.166,12.25,14519,7486,19,6962,61,359,409999.8,17057.5,0.016,0.017,0.292,0.004,0.671,9949,62.58,4.12,38.11,5.67,3.14,6.47,0.03,0.30,21.30,4.31,3.03,6.29,0.050,0.103,69,0.127,0.850,0.136,0.000,0.014,4054,2567,2,0.859,0.000
400000,221,3.914,0.175,11.67,15666,7156,10,8370,122,222,410054.0,18730.8,0.022,0.016,0.385,0.003,0.575,9693,59.72,4.03,38.32,4.76,2.54,5.72,0.10,0.55,18.76,3.17,2.54,5.72,0.040,0.089,67,0.113,0.855,0.127,0.000,0.018,4952,2988,3,0.805,0.018
410000,306,3.362,0.159,10.76,16679,7901,30,8372,291,248,410123.0,18973.1,0.018,0.016,0.466,0.006,0.496,8959,42.56,21.16,23.09,15.24,3.53,7.46,0.20,0.78,15.74,7.82,3.12,6.53,0.069,0.153,115,0.101,0.784,0.176,0.000,0.039,6096,4666,2,0.775,0.000
420000,225,4.148,0.165,13.21,17033,5829,33,10939,313,443,409720.6,26336.4,0.009,0.021,0.459,0.002,0.509,8196,57.06,14.82,34.92,14.85,3.91,8.53,0.11,0.84,18.12,3.39,3.13,7.06,0.073,0.159,57,0.204,0.791,0.196,0.000,0.013,6076,4821,2,0.862,0.000
430000,215,4.358,0.168,12.42,14457,6086,25,8344,12,402,409950.2,20844.4,0.007,0.015,0.431,0.000,0.546,8928,63.07,3.64,41.53,5.92,2.63,6.30,0.14,0.62,18.77,3.25,2.60,6.19,0.042,0.099,50,0.456,0.935,0.056,0.000,0.009,3801,2402,2,0.907,0.000
440000,224,3.959,0.172,12.88,11363,6290,42,4977,45,159,409513.5,12056.2,0.002,0.013,0.380,0.001,0.605,12000,54.81,17.93,32.04,14.36,5.85,9.22,0.62,2.46,16.29,5.07,5.85,9.22,0.092,0.144,44,0.317,0.705,0.259,0.000,0.036,3011,2394,2,0.732,0.000
450000,224,4.203,0.168,12.30,13889,6140,49,7540,160,264,409428.3,16683.8,0.004,0.013,0.406,0.001,0.576,9563,59.88,10.06,39.38,8.53,1.94,5.85,0.66,1.18,17.89,4.04,1.94,5.85,0.035,0.112,43,0.455,0.911,0.076,0.000,0.013,4133,3251,2,0.915,0.000
460000,230,3.974,0.165,12.06,14866,7022,34,7553,251,166,409456.2,15989.4,0.004,0.012,0.406,0.003,0.576,10291,57.36,12.81,34.93,11.85,4.09,8.04,0.25,0.69,18.09,2.83,4.09,8.04,0.064,0.126,46,0.378,0.800,0.187,0.000,0.013,5004,4102,3,0.704,0.000
470000,212,4.099,0.176,12.67,14046,6166,32,7726,140,242,409245.7,16782.5,0.004,0.012,0.374,0.002,0.609,11529,61.84,1.39,39.92,5.89,3.70,7.67,0.07,0.34,18.16,2.61,3.68,7.62,0.058,0.120,40,0.458,0.873,0.113,0.000,0.014,4187,3059,2,0.844,0.000
480000,207,4.221,0.166,12.37,15655,6598,32,8877,153,246,409399.0,18727.4,0.002,0.012,0.390,0.001,0.594,9160,61.86,1.78,40.82,5.34,2.47,6.00,0.06,0.51,18.51,2.54,2.47,6.00,0.039,0.094,40,0.357,0.874,0.116,0.000,0.010,5004,3995,2,0.903,0.000
490000,233,3.883,0.160,12.21,18078,6479,32,11339,202,219,409471.0,23312.2,0.002,0.013,0.400,0.001,0.583,7461,55.12,15.30,32.27,15.88,3.46,7.40,0.87,2.61,18.53,5.27,3.36,7.16,0.054,0.116,63,0.313,0.734,0.223,0.000,0.043,6070,4787,2,0.845,0.000
500000,247,3.913,0.153,12.46,18397,6065,16,12212,90,340,409428.7,26515.7,0.003,0.014,0.404,0.002,0.577,7997,59.05,8.26,37.66,10.50,2.10,5.79,0.12,0.65,19.17,3.50,2.09,5.79,0.034,0.091,59,0.409,0.899,0.097,0.000,0.004,5515,4183,2,0.911,0.000
510000,261,3.483,0.164,12.72,20535,6711,14,13623,173,593,409526.7,31612.2,0.006,0.015,0.473,0.002,0.504,6398,47.05,22.43,25.76,19.18,4.67,7.89,0.34,2.92,16.27,6.39,4.03,7.80,0.099,0.155,84,0.134,0.690,0.295,0.000,0.015,6795,4925,2,0.437,0.375
520000,244,3.773,0.174,12.97,21478,6556,22,14688,229,414,410220.8,29578.0,0.003,0.014,0.448,0.004,0.531,6067,53.45,19.20,32.31,16.52,4.18,8.13,0.15,0.94,16.81,4.50,4.15,8.07,0.066,0.128,58,0.246,0.668,0.303,0.000,0.029,7543,5324,2,0.598,0.221
530000,218,4.043,0.164,12.33,14955,5533,25,9378,45,287,410303.9,21796.4,0.001,0.011,0.396,0.003,0.588,8659,62.01,2.82,40.22,7.01,2.22,5.51,0.26,0.75,19.31,3.24,1.94,4.59,0.037,0.094,52,0.257,0.904,0.096,0.000,0.000,4174,2816,2,0.908,0.000
540000,252,3.589,0.136,12.71,9583,6470,49,3022,8,233,410432.9,8725.6,0.001,0.010,0.321,0.000,0.667,14091,51.23,13.18,30.86,11.85,2.04,5.64,0.37,2.27,17.96,3.45,1.95,5.20,0.036,0.098,61,0.190,0.881,0.107,0.000,0.012,2072,1443,2,0.905,0.000
550000,238,3.733,0.132,12.77,10863,6556,60,4235,26,214,410409.1,10528.4,0.002,0.010,0.339,0.001,0.648,11552,55.83,2.43,34.23,5.79,3.29,6.80,0.11,0.33,18.21,2.31,3.20,6.54,0.057,0.118,48,0.160,0.861,0.130,0.000,0.008,2679,1788,2,0.836,0.000
560000,262,3.863,0.127,13.14,10523,7260,70,3145,24,161,409816.3,8467.3,0.002,0.006,0.412,0.001,0.578,12342,51.77,5.29,34.35,5.91,1.98,4.46,0.01,0.12,15.42,5.30,1.98,4.46,0.036,0.077,65,0.218,0.855,0.115,0.000,0.031,2614,1597,2,0.916,0.000
570000,267,3.702,0.147,13.80,21438,7935,54,13218,226,627,410112.7,29726.5,0.007,0.005,0.504,0.003,0.482,5706,48.23,19.13,27.79,16.27,4.98,8.47,0.23,1.16,15.22,4.68,4.98,8.47,0.082,0.139,76,0.240,0.742,0.236,0.000,0.022,7016,5174,2,0.749,0.000
580000,251,4.124,0.143,13.19,21015,8377,62,12353,239,727,409586.3,23655.0,0.008,0.004,0.526,0.002,0.459,6102,53.23,13.45,34.27,12.02,3.24,6.91,0.39,2.52,15.33,4.00,3.24,6.91,0.053,0.113,70,0.159,0.793,0.183,0.000,0.024,6737,4870,2,0.857,0.000
590000,242,4.065,0.138,13.12,20309,8621,62,11430,205,453,409651.4,23202.0,0.007,0.004,0.526,0.003,0.460,6266,55.09,6.52,37.02,9.00,1.65,5.14,0.17,0.69,16.26,3.75,1.65,5.14,0.028,0.085,77,0.178,0.893,0.083,0.000,0.025,6604,5061,2,0.921,0.000
600000,244,4.284,0.142,13.39,20002,8832,58,10819,291,278,409364.0,22646.3,0.009,0.003,0.521,0.002,0.465,6329,56.98,3.70,37.32,7.75,2.95,6.51,0.16,0.97,16.55,3.27,2.85,6.28,0.050,0.111,73,0.164,0.848,0.135,0.000,0.016,6532,4977,2,0.857,0.000
610000,264,3.905,0.130,13.31,14485,8500,57,5818,90,184,409401.4,13492.0,0.007,0.003,0.502,0.001,0.487,8422,50.09,13.95,30.46,13.93,2.77,6.25,0.08,0.55,16.78,3.58,2.56,6.18,0.055,0.113,90,0.133,0.860,0.117,0.000,0.023,4143,2793,2,0.864,0.000
620000,296,3.540,0.129,13.82,20532,7814,31,12289,366,428,409659.8,22996.6,0.009,0.005,0.521,0.003,0.462,5924,44.04,18.17,25.22,15.50,2.88,6.27,0.14,0.76,15.80,4.68,2.83,6.25,0.053,0.120,79,0.122,0.824,0.135,0.000,0.041,6494,4445,2,0.561,0.253
630000,228,4.007,0.168,14.91,13516,5805,23,7730,26,447,409923.2,23365.6,0.006,0.010,0.638,0.000,0.345,7560,56.42,3.72,34.21,7.43,3.59,6.84,0.23,1.76,18.39,3.49,3.49,6.72,0.062,0.117,77,0.171,0.838,0.154,0.000,0.009,3061,2238,2,0.776,0.000
640000,261,3.958,0.142,15.22,12876,6738,56,6007,42,282,410163.8,15754.3,0.013,0.014,0.597,0.000,0.375,7863,53.07,4.95,34.02,6.55,2.27,6.14,0.18,0.72,16.60,5.25,2.06,5.38,0.039,0.105,99,0.215,0.923,0.069,0.000,0.008,3126,1909,1,0.943,0.057
650000,264,3.767,0.134,14.89,12500,7976,77,4436,8,289,410312.0,12503.8,0.010,0.014,0.565,0.000,0.411,8012,51.95,4.32,32.96,5.43,1.45,3.89,0.55,1.63,16.99,5.66,1.32,3.54,0.027,0.069,134,0.102,0.932,0.049,0.000,0.019,2805,2003,1,1.000,0.000
660000,254,3.904,0.164,15.01,13889,8200,36,5660,3,410,409697.2,17165.7,0.017,0.018,0.468,0.000,0.497,7709,53.92,7.01,33.25,7.46,2.30,5.13,0.90,1.49,17.47,6.91,2.16,4.65,0.039,0.085,128,0.051,0.913,0.075,0.000,0.012,3182,1531,1,0.882,0.118
670000,234,4.304,0.148,16.05,12919,6897,50,5987,5,264,409955.6,19634.3,0.043,0.022,0.469,0.000,0.466,7715,60.14,3.40,35.84,9.18,5.05,7.14,0.68,0.92,18.56,3.92,5.05,7.14,0.088,0.125,77,0.282,0.846,0.132,0.000,0.021,2881,1300,3,0.504,0.009
680000,269,3.877,0.136,13.93,12845,7642,27,5121,20,275,410563.0,14283.8,0.015,0.016,0.499,0.015,0.455,8503,51.09,4.91,32.97,5.84,1.84,5.14,0.24,1.03,16.04,4.13,1.83,5.14,0.032,0.088,89,0.149,0.918,0.059,0.000,0.022,3002,1470,3,0.747,0.000
690000,248,3.800,0.145,13.38,21050,6752,5,13960,354,438,410315.9,35204.5,0.007,0.016,0.479,0.069,0.429,5565,53.10,6.02,32.71,7.80,2.48,5.86,0.46,0.68,17.46,5.65,2.48,5.86,0.042,0.100,79,0.133,0.895,0.097,0.000,0.008,5988,4214,2,0.823,0.012
700000,304,3.277,0.138,13.45,22558,8035,17,13953,497,394,410208.4,28476.4,0.013,0.011,0.468,0.074,0.435,5724,39.83,20.44,19.43,15.36,6.14,10.21,0.07,0.41,14.18,6.13,4.50,7.69,0.122,0.209,86,0.240,0.730,0.227,0.000,0.043,7131,4848,2,0.352,0.395
710000,343,3.128,0.125,12.43,33201,9044,14,23145,959,642,410724.7,38069.0,0.014,0.013,0.386,0.054,0.533,3968,38.96,15.10,21.87,12.86,2.01,4.77,0.29,2.04,14.79,7.66,1.77,4.43,0.038,0.085,162,0.058,0.776,0.172,0.000,0.052,12842,9382,1,0.402,0.598
720000,240,4.386,0.195,15.15,26565,8447,4,17681,536,487,410127.4,36267.0,0.003,0.033,0.528,0.158,0.278,5210,61.86,3.52,35.18,4.53,5.64,6.84,0.95,2.19,20.09,5.56,5.55,6.74,0.088,0.107,107,0.092,0.804,0.179,0.000,0.017,8578,5732,1,0.829,0.171
730000,246,3.876,0.135,14.87,19629,8454,42,10687,440,323,410636.5,19867.8,0.012,0.017,0.370,0.114,0.486,6063,54.06,4.86,34.44,6.02,1.11,3.89,1.69,2.13,16.81,6.22,1.08,3.84,0.018,0.061,115,0.163,0.935,0.053,0.000,0.012,6781,4798,2,0.951,0.000
740000,279,3.402,0.123,15.06,12643,7873,69,4565,103,63,410299.4,10828.4,0.008,0.002,0.417,0.200,0.372,8670,49.07,4.72,30.08,6.22,0.52,1.77,1.59,2.23,16.89,5.22,0.44,1.38,0.010,0.031,135,0.057,0.943,0.036,0.000,0.022,3523,2016,1,1.000,0.000
750000,318,3.352,0.116,14.67,13672,8490,53,5076,14,175,409874.3,12824.7,0.006,0.004,0.388,0.183,0.419,8260,42.83,9.97,26.51,6.42,2.10,5.37,0.74,1.53,13.48,4.65,1.62,4.06,0.036,0.087,125,0.160,0.865,0.107,0.000,0.028,3923,1716,1,0.538,0.462
760000,264,3.818,0.152,13.62,12907,7424,75,5434,28,87,409957.7,14830.3,0.003,0.003,0.371,0.197,0.426,9350,51.85,4.29,35.42,4.59,1.41,4.79,0.36,1.02,14.67,3.48,1.29,4.35,0.023,0.075,91,0.155,0.905,0.080,0.000,0.015,3516,1722,1,0.777,0.223
770000,258,3.906,0.142,13.38,15078,7500,93,7217,274,69,410428.8,15114.2,0.003,0.006,0.402,0.171,0.418,8017,52.24,4.43,35.53,5.03,0.40,2.11,0.25,1.00,16.06,4.62,0.38,1.97,0.007,0.034,93,0.112,0.961,0.027,0.000,0.012,4464,2697,3,0.814,0.000
780000,239,3.969,0.148,10.92,14010,7704,52,6138,135,69,410247.8,15424.0,0.003,0.003,0.398,0.200,0.396,10042,55.42,3.99,37.36,4.46,1.79,5.66,0.15,0.81,16.13,3.79,1.60,5.09,0.028,0.088,76,0.100,0.912,0.067,0.000,0.021,3843,2296,2,0.912,0.000
790000,250,4.032,0.135,11.66,22953,8168,60,14061,653,168,410208.5,22866.5,0.003,0.004,0.462,0.220,0.312,6381,51.82,8.40,33.33,8.65,2.07,5.96,0.22,1.17,16.21,4.18,1.58,4.95,0.038,0.102,77,0.196,0.900,0.088,0.000,0.012,7721,5563,2,0.908,0.000
800000,284,3.649,0.136,11.49,23826,7692,25,15720,355,864,409893.7,31466.2,0.012,0.003,0.564,0.159,0.263,7014,45.00,15.41,24.31,13.62,3.08,6.82,0.15,1.08,17.46,5.45,2.77,6.31,0.052,0.113,94,0.120,0.778,0.201,0.000,0.021,8090,5732,2,0.366,0.504
810000,453,2.603,0.101,11.20,19769,8601,53,10700,246,162,411174.4,19581.0,0.006,0.009,0.533,0.199,0.253,8315,25.98,20.53,12.81,14.16,2.09,4.45,0.50,2.72,10.58,6.51,1.70,3.71,0.037,0.084,192,0.104,0.724,0.214,0.000,0.062,6425,4482,1,1.000,0.000
820000,296,3.384,0.148,12.47,20739,8746,23,11943,184,72,409994.0,22279.2,0.008,0.008,0.439,0.211,0.335,7327,46.33,6.66,29.85,6.66,1.08,3.92,0.22,0.87,15.19,6.18,1.02,3.66,0.018,0.063,124,0.179,0.922,0.051,0.000,0.027,6354,3974,2,0.929,0.000
830000,307,3.398,0.124,11.44,18540,8758,100,9397,274,227,410753.7,16239.7,0.008,0.007,0.362,0.317,0.306,7202,45.02,5.19,26.89,5.15,0.59,2.51,0.09,0.90,17.45,4.20,0.59,2.51,0.011,0.044,121,0.114,0.948,0.039,0.000,0.013,5958,3997,1,0.951,0.049
840000,305,3.499,0.131,12.50,22366,8752,91,13132,393,366,410630.4,22397.9,0.007,0.010,0.360,0.402,0.221,7031,42.96,10.91,27.03,9.41,1.77,4.03,0.19,0.69,13.98,5.47,1.50,3.56,0.043,0.086,107,0.118,0.839,0.134,0.000,0.026,7841,5446,2,0.954,0.000
850000,277,3.705,0.138,12.65,16298,8299,77,7792,158,266,409763.5,16383.7,0.001,0.004,0.376,0.387,0.231,8978,48.25,6.63,32.46,6.58,1.34,4.04,0.03,0.20,14.43,3.66,1.19,3.88,0.025,0.069,90,0.310,0.910,0.083,0.000,0.007,4785,3291,2,0.874,0.061
860000,268,3.551,0.132,13.30,18696,7963,95,10371,276,216,409680.0,19691.3,0.001,0.004,0.371,0.373,0.250,7884,47.28,13.10,31.47,11.01,1.07,4.02,0.09,0.50,14.65,3.79,0.92,3.74,0.027,0.089,52,0.306,0.922,0.067,0.000,0.011,5995,3719,2,0.955,0.000
870000,324,3.229,0.125,12.60,19534,7781,115,11164,418,735,410164.5,19281.6,0.002,0.003,0.371,0.338,0.286,7570,36.69,20.16,19.77,16.29,2.79,6.52,0.08,0.68,14.04,4.62,2.49,5.92,0.051,0.111,114,0.142,0.778,0.185,0.003,0.034,6080,3567,2,0.806,0.056
880000,247,3.906,0.148,12.51,19319,7925,114,11006,351,560,410235.9,19610.6,0.001,0.004,0.363,0.350,0.281,6855,51.65,9.39,31.74,8.99,5.09,8.32,0.04,0.30,14.79,3.66,4.70,7.77,0.088,0.142,44,0.243,0.761,0.227,0.000,0.012,6099,3617,2,0.684,0.053
890000,282,3.557,0.134,12.93,22832,7500,96,14825,376,284,410300.0,24349.3,0.004,0.007,0.344,0.378,0.267,5699,45.76,14.67,29.83,12.13,2.15,5.80,0.06,0.69,13.72,3.75,1.96,5.24,0.038,0.101,77,0.223,0.830,0.156,0.000,0.014,7770,4332,3,0.727,0.000
900000,342,3.170,0.115,14.04,19994,9805,45,9937,147,121,410701.8,18024.3,0.010,0.020,0.299,0.248,0.424,5907,38.67,11.07,23.61,7.59,2.04,4.19,0.15,1.10,12.87,4.13,1.68,3.31,0.039,0.072,154,0.064,0.798,0.196,0.000,0.006,6917,3951,2,0.772,0.167
910000,236,3.931,0.185,12.54,18915,10295,144,8359,223,188,410368.0,15204.3,0.011,0.006,0.294,0.168,0.521,5697,48.47,11.22,20.97,8.56,11.08,7.43,0.14,1.11,16.28,4.43,8.00,7.03,0.214,0.120,86,0.242,0.597,0.369,0.000,0.034,6599,3022,2,0.487,0.479
920000,228,4.141,0.163,12.50,20577,8660,14,11531,380,634,410611.3,24633.9,0.002,0.018,0.489,0.099,0.392,6396,55.53,5.60,35.05,3.85,3.43,6.15,0.00,0.00,17.04,4.17,3.37,6.00,0.055,0.096,87,0.123,0.759,0.237,0.000,0.004,6468,3887,2,0.605,0.000
930000,281,3.430,0.135,12.31,15253,8578,35,6317,270,106,410201.2,13563.1,0.003,0.008,0.428,0.124,0.437,9135,48.17,11.32,29.11,12.43,0.73,2.89,0.00,0.06,18.32,6.96,0.47,2.46,0.016,0.063,139,0.039,0.950,0.039,0.000,0.011,5010,3553,2,0.932,0.000
940000,267,3.644,0.129,11.48,18476,8020,72,10115,283,114,410060.0,19300.7,0.003,0.002,0.458,0.098,0.439,7456,48.49,13.59,28.58,10.71,4.34,6.49,0.12,0.63,15.45,4.56,4.25,6.36,0.071,0.101,99,0.165,0.625,0.345,0.000,0.030,5910,3335,3,0.558,0.094
950000,429,2.708,0.104,12.60,16564,9023,105,7084,190,120,410161.4,13091.9,0.003,0.002,0.438,0.107,0.450,8131,30.79,16.82,16.81,14.01,0.93,3.16,0.15,0.62,12.89,6.07,0.86,3.10,0.023,0.090,141,0.079,0.904,0.068,0.002,0.026,5320,2879,3,0.594,0.000
960000,277,3.557,0.140,13.42,22473,7729,73,14318,505,230,409369.8,25887.9,0.005,0.002,0.465,0.185,0.344,6173,47.26,13.49,31.30,11.40,1.33,3.93,0.00,0.00,14.63,4.54,1.17,3.44,0.030,0.076,98,0.260,0.823,0.155,0.000,0.022,7515,4533,2,0.650,0.159
970000,227,4.151,0.158,8.83,13581,6194,32,7355,50,303,409600.5,17198.6,0.007,0.002,0.533,0.182,0.277,13894,60.59,8.49,37.43,7.18,2.44,5.97,0.43,1.20,20.29,4.71,2.37,5.82,0.039,0.096,71,0.167,0.859,0.123,0.000,0.018,3387,2340,2,0.930,0.000
980000,232,4.120,0.171,9.41,12040,6788,63,5173,11,269,409661.0,14027.9,0.005,0.001,0.512,0.351,0.132,15215,59.59,9.87,38.61,8.84,1.13,4.61,0.01,0.20,19.84,4.46,1.08,4.37,0.020,0.076,55,0.366,0.944,0.039,0.000,0.017,2924,2173,1,1.000,0.000
990000,209,4.534,0.157,9.26,24551,7866,31,16213,464,868,410112.7,23124.3,0.007,0.003,0.621,0.129,0.240,8765,63.93,0.55,35.76,6.89,0.54,1.86,0.42,1.50,27.22,6.27,0.54,1.86,0.008,0.029,79,0.129,0.947,0.033,0.000,0.019,10647,9344,1,1.000,0.000
1000000,277,3.827,0.140,10.66,12089,7535,30,4372,84,184,410383.4,9978.1,0.003,0.002,0.590,0.260,0.145,14100,47.34,11.01,30.42,8.12,1.59,4.72,0.18,0.92,15.15,4.78,1.36,3.99,0.026,0.075,95,0.227,0.870,0.112,0.000,0.018,3116,2047,1,0.953,0.047
