step,place,pop,mass,hard,muscle,sensor,digestive,bite,shell,biters,cover,plant_intake,meat_intake,lineages,movers,foot,shell_front,shell_back,dead,carrion
10000,8,518,11.59,0.04,0.09,0.20,11.26,0.00,1.01,0.000,0.079,355325.0,50147.0,1,2,3.19,1.00,1.04,5.0144,225.86
10000,2,118,11.43,0.14,0.00,0.00,11.30,0.00,1.04,0.000,0.253,68373.9,14029.2,2,4,2.97,1.05,1.09,1.3946,5.17
10000,0,7,10.00,0.00,0.00,0.00,10.00,0.00,1.00,0.000,0.000,89087.3,61746.1,2,4,3.00,1.00,1.00,6.5954,3648.71
20000,8,648,8.33,0.00,0.01,0.09,8.22,0.00,1.00,0.000,0.070,334094.4,11361.6,2,1,2.59,1.00,1.00,1.0966,37.90
20000,2,118,12.91,0.79,0.09,0.18,11.85,0.00,1.20,0.000,0.279,67385.6,7503.6,2,0,2.93,1.17,1.22,0.7495,11.86
20000,0,10,13.10,0.00,0.90,0.00,12.20,0.00,1.00,0.000,0.001,1311.5,777.1,2,9,2.70,1.00,1.00,0.0541,3188.79
30000,8,635,8.09,0.07,0.02,0.02,7.98,0.00,1.03,0.000,0.067,343719.9,10210.6,1,0,2.54,1.03,1.03,0.9998,47.37
30000,2,107,11.45,0.17,0.14,0.00,11.14,0.00,1.05,0.000,0.227,67179.0,8291.8,2,0,2.64,1.01,1.07,0.8241,4.55
30000,0,14,15.79,0.14,0.00,1.43,14.21,0.00,1.05,0.000,0.001,1311.5,626.8,2,7,2.93,1.00,1.07,0.0385,2694.82
40000,8,639,8.88,0.08,0.01,0.10,8.69,0.00,1.03,0.000,0.074,343625.0,11180.6,1,0,2.61,1.02,1.03,1.0740,94.20
40000,2,115,9.17,0.61,0.00,0.00,8.56,0.00,1.19,0.000,0.195,68987.9,5330.3,2,0,2.21,1.21,1.27,0.5269,7.94
40000,0,3,9.33,0.00,0.00,0.00,9.33,0.00,1.00,0.000,0.000,1340.1,629.5,2,3,1.67,1.00,1.00,0.0386,1898.36
50000,8,605,10.04,0.00,0.02,0.18,9.84,0.00,1.00,0.000,0.079,342590.0,12752.6,1,0,2.81,1.00,1.00,1.2580,82.51
50000,2,111,11.47,0.24,0.87,0.04,10.32,0.00,1.09,0.000,0.234,68080.8,5837.5,2,0,2.65,1.09,1.11,0.5815,11.13
50000,0,5,9.80,0.00,0.00,0.00,9.80,0.00,1.00,0.000,0.000,1061.9,309.0,1,5,2.80,1.00,1.00,0.0304,1705.01
60000,8,600,10.99,0.04,0.08,0.02,10.85,0.00,1.01,0.000,0.086,331267.8,13134.2,1,0,3.07,1.01,1.00,1.2965,71.63
60000,2,122,10.36,0.02,0.00,0.14,10.20,0.00,1.00,0.000,0.234,66341.0,6837.2,2,0,2.52,1.00,1.01,0.6791,10.39
60000,0,9,12.67,0.00,0.00,0.44,12.22,0.00,1.00,0.000,0.001,1284.8,599.6,2,8,3.11,1.00,1.00,0.0396,1302.18
70000,8,595,10.12,0.00,0.07,0.00,10.05,0.00,1.00,0.000,0.078,323983.3,13129.1,1,0,3.02,1.00,1.00,1.3027,57.95
70000,2,131,11.73,0.02,0.04,0.05,11.63,0.00,1.02,0.000,0.286,66675.3,6608.2,2,0,2.07,1.02,1.03,0.6511,2.97
70000,0,8,11.62,0.12,1.50,0.00,10.00,0.38,1.01,0.125,0.000,1217.4,475.0,2,7,2.50,1.03,1.00,0.0357,1005.37
80000,8,588,10.80,0.00,0.12,0.10,10.59,0.00,1.00,0.000,0.083,323105.3,13668.4,1,0,3.02,1.00,1.00,1.3526,25.16
80000,2,116,11.06,0.59,0.28,0.05,10.14,0.02,1.24,0.009,0.235,69970.4,6776.0,2,0,2.25,1.31,1.33,0.6728,6.69
80000,0,7,12.71,0.43,0.00,0.00,12.29,0.00,1.13,0.000,0.001,1157.3,442.9,2,7,3.00,1.00,1.24,0.0380,830.21
90000,8,593,9.58,0.02,0.05,0.04,9.46,0.01,1.01,0.002,0.074,324456.8,13008.8,1,0,2.87,1.01,1.00,1.2995,31.14
90000,2,151,9.60,0.08,0.07,0.28,9.17,0.00,1.04,0.000,0.268,71710.7,6489.9,2,0,1.81,1.06,1.06,0.6441,6.27
90000,0,7,9.86,0.14,0.00,0.00,9.71,0.00,1.06,0.000,0.000,1132.0,349.7,3,6,2.43,1.00,1.10,0.0369,785.58
100000,8,583,9.17,0.00,0.11,0.00,9.06,0.01,1.00,0.002,0.070,326609.8,12477.8,1,0,2.80,1.00,1.00,1.2448,36.41
100000,2,158,8.04,0.06,0.00,0.01,7.97,0.00,1.03,0.000,0.233,74217.6,4948.3,2,0,1.65,1.00,1.05,0.4890,5.73
100000,0,5,7.80,0.00,0.00,0.00,7.80,0.00,1.00,0.000,0.000,1056.3,268.2,2,5,2.40,1.00,1.00,0.0309,741.15
110000,8,584,10.10,0.02,0.03,0.00,10.06,0.00,1.00,0.000,0.077,323184.9,10638.2,1,0,2.75,1.00,1.01,1.0521,15.84
110000,2,158,8.20,0.12,0.08,0.00,7.99,0.00,1.05,0.000,0.239,75346.1,5367.5,2,0,1.86,1.03,1.10,0.5322,5.30
110000,0,7,10.29,0.00,0.00,0.00,10.29,0.00,1.00,0.000,0.000,1026.1,278.0,3,7,2.71,1.00,1.00,0.0324,652.87
120000,8,594,9.49,0.00,0.06,0.07,9.36,0.00,1.00,0.000,0.073,325299.7,8217.1,1,0,2.77,1.00,1.00,0.8189,11.53
120000,2,134,9.69,0.00,0.00,0.08,9.60,0.00,1.00,0.000,0.240,73999.6,5457.8,2,0,1.66,1.00,1.00,0.5420,3.52
120000,0,9,9.78,0.00,0.00,0.00,9.78,0.00,1.00,0.000,0.000,1109.2,310.9,3,7,2.22,1.00,1.00,0.0340,625.84
130000,8,663,7.83,0.02,0.01,0.02,7.79,0.00,1.00,0.000,0.069,324933.0,7939.0,3,3,2.36,1.00,1.00,0.7913,10.42
130000,2,141,9.55,0.03,0.00,0.06,9.46,0.00,1.01,0.000,0.252,75315.1,5738.3,3,1,1.77,1.00,1.02,0.5705,2.61
130000,0,4,9.75,0.00,0.00,0.00,9.75,0.00,1.00,0.000,0.000,812.2,225.5,2,4,1.50,1.00,1.00,0.0248,598.25
140000,8,687,7.98,0.00,0.01,0.03,7.94,0.00,1.00,0.000,0.071,333615.6,7851.6,3,2,2.30,1.00,1.00,0.7803,9.40
140000,2,133,8.93,0.01,0.03,0.00,8.89,0.00,1.00,0.000,0.219,75270.3,5510.3,3,1,1.80,1.00,1.01,0.5477,3.75
140000,0,6,7.33,0.00,0.00,0.00,7.33,0.00,1.00,0.000,0.000,865.3,225.7,3,6,2.33,1.00,1.00,0.0259,552.95
150000,8,661,8.80,0.03,0.05,0.12,8.60,0.00,1.01,0.000,0.076,336413.2,7784.1,3,0,2.37,1.00,1.01,0.7758,11.27
150000,2,153,9.09,0.24,0.02,0.59,8.24,0.00,1.09,0.000,0.256,74911.9,5057.4,2,0,1.92,1.06,1.15,0.5002,3.56
150000,0,12,8.33,0.00,0.00,0.00,8.33,0.00,1.00,0.000,0.001,1016.2,340.0,3,12,1.67,1.00,1.00,0.0334,468.81
160000,8,671,8.49,0.00,0.03,0.00,8.45,0.00,1.00,0.000,0.075,336728.3,7986.5,4,1,2.31,1.00,1.00,0.7952,14.94
160000,2,149,8.19,0.02,0.02,0.03,8.13,0.00,1.01,0.000,0.229,75252.4,5188.9,3,7,1.93,1.00,1.01,0.5159,3.71
160000,0,5,9.00,0.20,0.00,0.00,8.80,0.00,1.06,0.000,0.000,1103.4,277.7,3,5,2.40,1.10,1.00,0.0320,449.41
170000,8,679,7.81,0.05,0.01,0.01,7.73,0.00,1.01,0.000,0.070,336372.8,8015.2,5,2,2.28,1.01,1.02,0.7984,14.76
170000,2,136,8.85,0.09,0.01,0.00,8.75,0.00,1.07,0.000,0.220,75115.7,5053.1,3,1,1.95,1.12,1.15,0.4994,5.01
170000,0,8,8.62,0.00,0.00,0.00,8.62,0.00,1.00,0.000,0.001,986.0,271.2,4,8,2.38,1.00,1.00,0.0288,378.84
180000,8,698,8.08,0.00,0.05,0.05,7.98,0.00,1.00,0.000,0.075,335862.7,8125.2,6,4,2.25,1.00,1.00,0.8106,12.17
180000,2,136,8.21,0.02,0.00,0.00,8.18,0.00,1.03,0.000,0.213,73927.5,4802.7,4,3,1.94,1.04,1.04,0.4778,2.17
180000,0,3,13.67,0.00,0.00,1.00,12.67,0.00,1.00,0.000,0.000,919.2,199.2,2,3,2.67,1.00,1.00,0.0220,365.03
190000,8,650,8.93,0.07,0.04,0.01,8.81,0.00,1.03,0.000,0.078,327951.2,7720.5,5,4,2.34,1.02,1.03,0.7698,11.99
190000,2,148,8.33,0.08,0.00,0.02,8.23,0.00,1.07,0.000,0.255,70294.2,3881.9,2,9,1.85,1.08,1.10,0.3870,7.72
190000,0,0,-0.00,-0.00,-0.00,-0.00,-0.00,-0.00,-0.00,-0.000,0.000,775.1,146.4,0,0,-0.00,-0.00,-0.00,0.0170,350.76
200000,8,646,8.63,0.00,0.02,0.02,8.59,0.00,1.00,0.000,0.075,325375.9,7345.3,3,8,2.36,1.00,1.00,0.7294,9.80
200000,2,141,8.50,0.00,0.03,0.00,8.48,0.00,1.00,0.000,0.230,68832.2,3866.6,2,1,2.01,1.00,1.00,0.3832,5.60
200000,0,6,8.00,0.00,0.00,0.00,8.00,0.00,1.00,0.000,0.000,877.3,166.8,2,6,2.33,1.00,1.00,0.0193,298.36
210000,8,636,8.95,0.08,0.01,0.03,8.84,0.00,1.03,0.000,0.076,329429.7,7421.0,3,11,2.36,1.04,1.03,0.7413,11.17
210000,2,128,9.48,0.00,0.00,0.17,9.31,0.00,1.00,0.000,0.232,68234.5,3990.2,2,0,2.40,1.00,1.00,0.3973,3.21
210000,0,4,7.75,0.00,0.00,0.00,7.75,0.00,1.00,0.000,0.000,861.9,153.4,3,4,2.50,1.00,1.00,0.0190,312.45
220000,8,642,8.91,0.00,0.03,0.01,8.87,0.00,1.00,0.000,0.074,330255.1,7385.6,3,0,2.45,1.00,1.00,0.7374,12.61
220000,2,134,12.19,0.07,0.00,0.19,11.93,0.00,1.04,0.000,0.295,67264.0,5137.4,2,0,2.23,1.07,1.05,0.5108,5.97
220000,0,4,10.50,0.00,0.00,0.00,10.50,0.00,1.00,0.000,0.000,971.5,241.4,3,4,2.75,1.00,1.00,0.0283,311.38
230000,8,635,9.54,0.00,0.03,0.01,9.50,0.00,1.00,0.000,0.080,329920.2,7585.3,3,0,2.50,1.00,1.00,0.7540,22.22
230000,2,116,11.15,0.00,0.00,0.00,11.15,0.00,1.00,0.000,0.237,67148.9,5777.6,2,0,2.38,1.00,1.00,0.5740,2.89
230000,0,5,8.60,0.00,0.00,0.00,8.60,0.00,1.00,0.000,0.000,935.8,248.6,4,5,2.60,1.00,1.00,0.0236,210.98
240000,8,614,9.44,0.03,0.02,0.00,9.38,0.00,1.02,0.000,0.075,329009.8,7416.5,3,0,2.48,1.02,1.02,0.7401,12.81
240000,2,122,10.10,0.15,0.07,0.03,9.84,0.00,1.07,0.000,0.225,66599.4,4672.5,2,0,2.22,1.07,1.12,0.4642,3.54
240000,0,2,10.00,0.00,0.00,0.00,10.00,0.00,1.00,0.000,0.000,973.1,257.3,1,2,2.00,1.00,1.00,0.0257,175.17
250000,8,642,8.88,0.00,0.02,0.00,8.86,0.00,1.00,0.000,0.074,329979.3,7541.8,3,0,2.45,1.00,1.00,0.7514,10.15
250000,2,145,9.43,0.16,0.04,0.00,9.23,0.00,1.10,0.000,0.250,70381.1,3980.5,3,0,1.97,1.12,1.12,0.3950,3.59
250000,0,3,8.33,0.00,0.00,0.00,8.33,0.00,1.00,0.000,0.000,911.9,204.1,2,3,3.00,1.00,1.00,0.0256,172.87
260000,8,629,9.39,0.05,0.02,0.02,9.30,0.00,1.02,0.000,0.080,329380.9,7357.5,3,0,2.48,1.02,1.02,0.7345,9.99
260000,2,127,11.16,0.09,0.00,0.00,11.07,0.00,1.04,0.000,0.266,70240.7,4716.0,2,0,1.97,1.01,1.06,0.4688,3.92
260000,0,8,11.75,0.25,0.12,0.00,11.38,0.00,1.08,0.000,0.000,900.3,224.7,3,8,2.88,1.08,1.08,0.0276,185.92
270000,8,614,9.31,0.00,0.02,0.00,9.29,0.00,1.00,0.000,0.087,327902.9,7489.8,3,1,2.38,1.00,1.00,0.7476,8.60
270000,2,141,9.54,0.14,0.00,0.00,9.40,0.00,1.07,0.000,0.257,69430.4,4388.7,4,2,1.91,1.06,1.12,0.4374,9.00
270000,0,5,11.60,0.00,0.20,0.00,11.40,0.00,1.00,0.000,0.000,662.2,149.8,3,3,2.20,1.00,1.00,0.0180,187.66
280000,8,648,9.14,0.02,0.01,0.00,9.11,0.00,1.01,0.000,0.083,322713.4,7386.7,3,0,2.44,1.01,1.01,0.7375,9.72
280000,2,139,9.83,0.05,0.00,0.14,9.64,0.00,1.01,0.000,0.254,69054.1,4257.2,2,0,2.11,1.01,1.02,0.4224,2.86
280000,0,3,12.67,0.00,0.00,0.00,12.67,0.00,1.00,0.000,0.000,661.5,162.7,2,3,2.33,1.00,1.00,0.0201,187.04
290000,8,579,8.92,0.04,0.00,0.00,8.88,0.00,1.03,0.000,0.101,303626.1,7304.5,3,5,2.21,1.03,1.03,0.7301,8.28
290000,2,139,10.11,0.24,0.17,0.00,9.71,0.00,1.15,0.000,0.260,69026.3,4131.0,2,0,2.17,1.15,1.18,0.4110,1.81
290000,0,6,9.33,0.00,0.00,0.00,9.33,0.00,1.00,0.000,0.000,586.8,136.3,2,5,2.33,1.00,1.00,0.0167,197.00
300000,8,579,8.91,0.03,0.00,0.00,8.88,0.00,1.01,0.000,0.093,262259.0,6710.8,2,1,2.20,1.02,1.01,0.6706,11.30
300000,2,139,9.40,0.28,0.00,0.00,9.12,0.00,1.11,0.000,0.248,69139.1,3981.5,2,3,1.99,1.00,1.17,0.3945,2.83
300000,0,3,7.00,0.00,0.00,0.00,7.00,0.00,1.00,0.000,0.000,613.9,164.3,2,3,3.00,1.00,1.00,0.0205,193.70
310000,8,647,8.66,0.02,0.00,0.00,8.63,0.00,1.02,0.000,0.081,317357.9,7423.3,2,11,2.37,1.02,1.02,0.7418,17.77
310000,2,133,9.02,0.02,0.00,0.00,9.00,0.00,1.01,0.000,0.241,69179.1,3602.7,3,6,1.94,1.00,1.01,0.3567,5.89
310000,0,2,9.00,0.00,0.00,0.00,9.00,0.00,1.00,0.000,0.000,618.3,142.8,1,2,1.00,1.00,1.00,0.0176,177.82
320000,8,633,8.52,0.05,0.01,0.00,8.45,0.00,1.03,0.000,0.076,324748.1,7625.7,2,12,2.27,1.04,1.03,0.7603,37.82
320000,2,118,9.17,0.28,0.00,0.00,8.89,0.00,1.11,0.000,0.246,68343.0,3774.7,2,11,2.16,1.12,1.16,0.3747,7.36
320000,0,2,6.00,0.00,0.00,0.00,6.00,0.00,1.00,0.000,0.000,591.0,111.8,1,2,3.00,1.00,1.00,0.0153,148.30
330000,8,629,8.77,0.05,0.02,0.00,8.70,0.00,1.03,0.000,0.075,324844.9,7547.0,2,5,2.37,1.03,1.03,0.7524,9.00
330000,2,120,9.28,0.17,0.04,0.00,9.07,0.00,1.05,0.000,0.246,67654.2,3877.9,1,21,2.11,1.00,1.09,0.3845,4.82
330000,0,5,13.40,0.00,0.00,0.00,13.40,0.00,1.00,0.000,0.000,576.5,117.4,1,5,3.00,1.00,1.00,0.0163,170.32
340000,8,637,8.74,0.00,0.01,0.00,8.73,0.00,1.00,0.000,0.080,319964.4,7451.4,2,15,2.32,1.00,1.00,0.7443,13.33
340000,2,127,9.20,0.11,0.01,0.00,9.09,0.00,1.07,0.000,0.260,64971.9,3371.4,2,22,2.13,1.07,1.07,0.3344,1.69
340000,0,7,7.57,0.00,0.00,0.00,7.57,0.00,1.00,0.000,0.000,593.9,109.5,1,6,2.71,1.00,1.00,0.0138,163.08
350000,8,650,8.72,0.03,0.00,0.00,8.69,0.00,1.03,0.000,0.086,326780.6,7500.0,2,6,2.26,1.03,1.02,0.7487,9.58
350000,2,126,8.98,0.02,0.02,0.00,8.93,0.00,1.01,0.000,0.221,67913.7,3406.2,3,8,2.02,1.01,1.01,0.3384,3.13
350000,0,4,9.75,0.00,0.00,0.00,9.75,0.00,1.00,0.000,0.000,593.4,122.3,2,4,1.00,1.00,1.00,0.0166,175.28
360000,8,571,9.02,0.02,0.00,0.08,8.92,0.00,1.01,0.000,0.100,311196.0,7300.3,2,0,2.25,1.02,1.01,0.7296,8.58
360000,2,138,8.63,0.00,0.00,0.00,8.63,0.00,1.00,0.000,0.219,68127.3,3625.7,2,0,2.12,1.00,1.00,0.3589,4.37
360000,0,5,12.00,0.00,0.00,0.00,12.00,0.00,1.00,0.000,0.000,683.9,156.7,3,5,2.20,1.00,1.00,0.0209,186.82
370000,8,624,8.60,0.02,0.01,0.00,8.57,0.00,1.02,0.000,0.088,283594.9,7037.5,3,1,2.25,1.02,1.02,0.7031,9.29
370000,2,139,9.49,0.05,0.01,0.00,9.43,0.00,1.02,0.000,0.243,68200.3,3457.2,2,1,2.16,1.00,1.03,0.3416,3.28
370000,0,7,8.57,0.00,0.00,0.00,8.57,0.00,1.00,0.000,0.000,705.8,173.0,2,7,2.29,1.00,1.00,0.0226,193.64
380000,8,651,8.64,0.01,0.00,0.00,8.63,0.00,1.01,0.000,0.081,324688.6,7636.2,3,4,2.29,1.01,1.00,0.7610,11.50
380000,2,127,10.39,0.01,0.00,0.00,10.38,0.00,1.00,0.000,0.262,69319.5,3977.8,4,2,2.06,1.00,1.00,0.3957,3.30
380000,0,2,11.00,0.00,0.00,0.00,11.00,0.00,1.00,0.000,0.000,566.5,185.4,1,1,2.00,1.00,1.00,0.0194,154.70
390000,8,642,8.61,0.04,0.00,0.00,8.57,0.00,1.03,0.000,0.073,320502.2,7450.4,3,16,2.34,1.03,1.02,0.7429,12.60
390000,2,110,9.77,0.01,0.02,0.00,9.75,0.00,1.00,0.000,0.251,62728.3,3375.7,2,18,2.21,1.00,1.00,0.3367,2.47
390000,0,4,6.50,0.00,0.00,0.00,6.50,0.00,1.00,0.000,0.000,576.9,153.0,1,4,1.75,1.00,1.00,0.0172,144.08
400000,8,659,8.72,0.09,0.00,0.08,8.55,0.00,1.04,0.000,0.076,325837.0,7625.3,2,4,2.37,1.05,1.03,0.7605,11.48
400000,2,128,9.47,0.41,0.02,0.00,9.04,0.00,1.18,0.000,0.227,64049.2,3172.3,2,1,2.45,1.17,1.18,0.3163,1.58
400000,0,2,6.00,0.00,0.00,0.00,6.00,0.00,1.00,0.000,0.000,692.3,140.1,1,2,3.00,1.00,1.00,0.0150,128.00
410000,8,642,8.79,0.07,0.00,0.00,8.71,0.00,1.03,0.000,0.077,331544.1,7607.1,2,0,2.40,1.04,1.04,0.7594,10.52
410000,2,114,11.68,0.00,0.00,0.00,11.68,0.00,1.00,0.000,0.247,65124.1,3834.8,1,0,2.43,1.00,1.00,0.3819,2.49
410000,0,5,12.60,0.00,0.00,0.00,12.60,0.00,1.00,0.000,0.000,817.2,202.2,1,5,3.00,1.00,1.00,0.0233,131.37
420000,8,657,8.92,0.06,0.00,0.00,8.86,0.00,1.03,0.000,0.082,332211.2,7753.5,2,0,2.31,1.04,1.02,0.7741,15.04
420000,2,121,11.50,0.20,0.02,0.00,11.27,0.00,1.12,0.000,0.256,67549.0,5311.2,4,0,2.13,1.11,1.13,0.5293,6.64
420000,0,6,8.83,0.00,0.00,0.00,8.83,0.00,1.00,0.000,0.000,691.9,253.6,3,6,2.50,1.00,1.00,0.0294,134.33
430000,8,644,8.64,0.03,0.01,0.00,8.61,0.00,1.02,0.000,0.074,334051.0,7708.0,3,3,2.25,1.03,1.03,0.7692,12.90
430000,2,122,9.47,0.05,0.00,0.00,9.42,0.00,1.04,0.000,0.224,64409.5,3782.6,4,2,2.48,1.04,1.04,0.3761,3.62
430000,0,4,14.75,0.00,0.00,0.00,14.75,0.00,1.00,0.000,0.000,791.1,191.1,2,4,2.75,1.00,1.00,0.0209,122.23
440000,8,670,8.64,0.06,0.01,0.00,8.58,0.00,1.03,0.000,0.075,333629.5,7633.9,2,0,2.38,1.04,1.05,0.7616,12.12
440000,2,122,10.36,0.02,0.10,0.00,10.24,0.00,1.02,0.000,0.234,66045.4,4269.6,2,0,2.16,1.03,1.03,0.4249,8.61
440000,0,3,9.00,0.00,0.00,0.00,9.00,0.00,1.00,0.000,0.000,816.1,187.7,1,3,2.00,1.00,1.00,0.0224,117.48
450000,8,647,8.86,0.01,0.01,0.00,8.84,0.00,1.01,0.000,0.081,331172.4,7538.9,3,3,2.36,1.01,1.01,0.7526,12.41
450000,2,116,10.78,0.13,0.01,0.00,10.64,0.00,1.06,0.000,0.235,67105.1,4577.4,2,0,2.41,1.04,1.11,0.4550,4.16
450000,0,2,7.50,0.00,0.00,0.00,7.50,0.00,1.00,0.000,0.000,703.4,137.6,2,2,3.50,1.00,1.00,0.0159,104.25
460000,8,638,9.37,0.07,0.00,0.00,9.30,0.00,1.03,0.000,0.078,335605.3,7769.7,3,3,2.44,1.04,1.02,0.7754,13.15
460000,2,118,9.58,0.11,0.02,0.00,9.45,0.00,1.07,0.000,0.211,67033.7,3815.2,3,0,2.07,1.06,1.06,0.3795,2.02
460000,0,2,7.50,0.00,0.00,0.00,7.50,0.00,1.00,0.000,0.000,858.4,178.4,2,2,2.50,1.00,1.00,0.0209,100.83
470000,8,645,9.66,0.13,0.00,0.00,9.53,0.00,1.06,0.000,0.081,335341.6,7667.1,2,0,2.35,1.07,1.06,0.7657,16.57
470000,2,130,9.81,0.09,0.01,0.00,9.71,0.00,1.06,0.000,0.235,67356.8,3693.4,2,0,2.23,1.08,1.10,0.3663,5.95
470000,0,3,9.00,0.33,0.00,0.00,8.67,0.00,1.11,0.000,0.000,926.1,202.4,2,2,2.33,1.00,1.33,0.0252,104.83
480000,8,640,9.37,0.02,0.00,0.00,9.35,0.00,1.01,0.000,0.085,336267.9,7813.4,2,0,2.32,1.01,1.01,0.7803,12.87
480000,2,127,9.08,0.03,0.00,0.00,9.05,0.00,1.03,0.000,0.215,67918.5,3812.6,2,0,2.26,1.04,1.05,0.3781,4.58
480000,0,5,18.60,0.00,0.00,0.00,18.60,0.00,1.00,0.000,0.000,938.1,201.1,3,5,4.00,1.00,1.00,0.0235,103.22
490000,8,626,9.23,0.04,0.00,0.00,9.19,0.00,1.03,0.000,0.082,331893.6,7575.7,2,0,2.44,1.03,1.03,0.7564,9.51
490000,2,124,9.73,0.21,0.00,0.00,9.52,0.00,1.06,0.000,0.222,68135.8,3741.7,2,0,2.06,1.02,1.12,0.3711,3.76
490000,0,2,9.00,0.00,0.00,0.00,9.00,0.00,1.00,0.000,0.000,830.7,193.2,1,2,1.50,1.00,1.00,0.0235,108.74
500000,8,638,9.07,0.08,0.00,0.00,9.00,0.00,1.03,0.000,0.084,332690.7,7721.8,3,4,2.30,1.03,1.02,0.7721,20.18
500000,2,127,9.93,0.17,0.00,0.00,9.76,0.00,1.09,0.000,0.240,68448.2,3764.5,4,2,1.98,1.10,1.11,0.3743,4.98
500000,0,1,6.00,0.00,0.00,0.00,6.00,0.00,1.00,0.000,0.000,738.0,167.8,1,1,3.00,1.00,1.00,0.0205,112.80
510000,8,566,9.20,0.10,0.00,0.01,9.10,0.00,1.05,0.000,0.092,308068.7,7236.0,2,19,2.34,1.06,1.05,0.7214,9.64
510000,2,106,9.83,0.22,0.04,0.00,9.58,0.00,1.10,0.000,0.254,62019.5,3587.7,3,13,2.58,1.14,1.17,0.3580,1.90
510000,0,2,8.50,0.00,0.00,0.00,8.50,0.00,1.00,0.000,0.000,550.5,109.5,1,2,2.00,1.00,1.00,0.0120,108.40
520000,8,443,9.81,0.03,0.01,0.00,9.76,0.00,1.03,0.000,0.102,254003.3,6658.9,3,10,2.32,1.03,1.03,0.6658,9.26
520000,2,123,9.67,0.19,0.01,0.00,9.48,0.00,1.10,0.000,0.273,60067.8,3394.9,3,15,2.18,1.10,1.11,0.3384,1.14
520000,0,2,7.50,0.00,0.00,0.00,7.50,0.00,1.00,0.000,0.000,481.9,93.2,2,2,2.50,1.00,1.00,0.0110,115.46
530000,8,534,10.90,0.04,0.00,0.00,10.85,0.00,1.02,0.000,0.111,281696.7,7489.4,4,20,2.28,1.00,1.03,0.7482,6.66
530000,2,107,11.14,0.23,0.00,0.00,10.91,0.00,1.08,0.000,0.289,64269.7,3296.4,4,10,2.36,1.10,1.09,0.3289,0.46
530000,0,1,6.00,0.00,0.00,0.00,6.00,0.00,1.00,0.000,0.000,350.0,66.7,1,1,3.00,1.00,1.00,0.0076,115.43
540000,8,608,10.78,0.08,0.01,0.00,10.70,0.00,1.02,0.000,0.098,310461.4,7804.1,3,28,2.42,1.00,1.03,0.7790,11.12
540000,2,107,10.87,0.39,0.00,0.00,10.48,0.00,1.14,0.000,0.276,61541.3,3386.2,2,15,2.83,1.12,1.15,0.3392,2.39
540000,0,5,6.00,0.00,0.00,0.00,6.00,0.00,1.00,0.000,0.000,298.5,34.9,1,5,3.00,1.00,1.00,0.0041,107.69
550000,8,544,11.24,0.04,0.00,0.00,11.21,0.00,1.01,0.000,0.106,305559.0,7837.4,2,9,2.40,1.00,1.02,0.7832,8.64
550000,2,102,12.16,0.02,0.00,0.00,12.14,0.00,1.01,0.000,0.255,61285.8,3768.4,1,4,2.46,1.01,1.00,0.3764,4.09
550000,0,2,29.00,0.00,0.00,0.00,29.00,0.00,1.00,0.000,0.000,346.3,53.7,1,1,4.50,1.00,1.00,0.0070,116.41
560000,8,570,10.56,0.00,0.00,0.00,10.56,0.00,1.00,0.000,0.090,309273.8,7874.5,2,16,2.51,1.00,1.00,0.7858,11.08
560000,2,111,10.98,0.00,0.01,0.00,10.97,0.00,1.00,0.000,0.278,64038.8,3888.1,2,8,2.61,1.00,1.00,0.3882,4.60
560000,0,2,9.00,0.00,0.00,0.00,9.00,0.00,1.00,0.000,0.000,483.3,141.2,2,2,2.50,1.00,1.00,0.0164,115.83
570000,8,607,10.90,0.01,0.00,0.00,10.89,0.00,1.00,0.000,0.094,319483.0,8102.0,2,4,2.44,1.00,1.01,0.8093,12.20
570000,2,112,10.83,0.08,0.01,0.01,10.73,0.00,1.05,0.000,0.228,62613.4,3935.7,2,2,2.54,1.05,1.07,0.3927,6.62
570000,0,2,9.50,0.00,0.00,0.00,9.50,0.00,1.00,0.000,0.000,468.6,94.0,2,2,3.50,1.00,1.00,0.0116,119.07
580000,8,601,10.78,0.01,0.00,0.00,10.77,0.00,1.00,0.000,0.094,332073.5,8007.6,3,0,2.50,1.01,1.00,0.7991,9.32
580000,2,107,10.22,0.03,0.03,0.00,10.17,0.00,1.01,0.000,0.202,62982.9,3519.5,2,0,2.67,1.02,1.02,0.3499,6.10
580000,0,0,-0.00,-0.00,-0.00,-0.00,-0.00,-0.00,-0.00,-0.000,0.000,719.1,183.7,0,0,-0.00,-0.00,-0.00,0.0208,111.01
590000,8,592,11.23,0.01,0.01,0.02,11.19,0.00,1.01,0.000,0.087,334902.7,8054.7,3,0,2.54,1.01,1.01,0.8048,11.65
590000,2,110,10.83,0.02,0.01,0.00,10.80,0.00,1.00,0.000,0.221,64323.6,3610.7,1,0,2.51,1.00,1.01,0.3586,4.00
590000,0,10,8.70,0.00,0.00,0.00,8.70,0.00,1.00,0.000,0.000,737.9,226.1,2,9,2.50,1.00,1.00,0.0263,116.04
600000,8,470,11.36,0.03,0.03,0.00,11.30,0.00,1.01,0.000,0.105,312694.0,7684.5,2,0,2.41,1.00,1.02,0.7679,5.67
600000,2,107,8.93,0.00,0.00,0.00,8.93,0.00,1.00,0.000,0.224,62298.6,3677.7,1,0,2.44,1.00,1.00,0.3654,3.16
600000,0,5,7.60,0.00,0.00,0.00,7.60,0.00,1.00,0.000,0.000,642.5,237.7,2,5,2.60,1.00,1.00,0.0274,131.04
610000,8,600,10.95,0.05,0.00,0.00,10.90,0.00,1.02,0.000,0.104,291120.4,7724.5,2,0,2.50,1.01,1.03,0.7712,8.14
610000,2,119,10.34,0.10,0.00,0.00,10.24,0.00,1.04,0.000,0.225,64799.6,3611.9,2,0,2.39,1.05,1.05,0.3585,2.41
610000,0,5,8.40,0.00,0.00,0.00,8.40,0.00,1.00,0.000,0.000,611.9,243.2,3,5,2.40,1.00,1.00,0.0276,123.62
620000,8,611,10.58,0.05,0.00,0.01,10.52,0.00,1.01,0.000,0.092,321085.7,7725.4,2,0,2.50,1.01,1.02,0.7718,11.58
620000,2,131,9.94,0.28,0.04,0.00,9.62,0.00,1.08,0.000,0.239,66415.2,3495.6,1,0,2.24,1.06,1.12,0.3469,4.05
620000,0,5,8.60,0.00,0.00,0.00,8.60,0.00,1.00,0.000,0.000,677.6,229.9,2,5,3.00,1.00,1.00,0.0267,122.14
630000,8,577,10.98,0.01,0.00,0.00,10.96,0.00,1.01,0.000,0.101,323387.6,7823.3,2,0,2.44,1.02,1.01,0.7814,10.39
630000,2,133,8.98,0.00,0.02,0.00,8.97,0.00,1.00,0.000,0.220,67903.7,3017.0,2,0,2.09,1.00,1.00,0.2989,6.91
630000,0,6,11.17,2.50,0.00,0.00,8.67,0.00,1.84,0.000,0.000,697.4,188.5,3,5,2.67,1.98,1.98,0.0226,121.31
640000,8,601,10.57,0.08,0.00,0.06,10.44,0.00,1.03,0.000,0.085,331285.2,7877.8,2,0,2.51,1.01,1.03,0.7867,12.54
640000,2,123,8.59,0.01,0.00,0.00,8.59,0.00,1.01,0.000,0.196,67866.4,3105.5,2,0,2.03,1.01,1.01,0.3074,2.01
640000,0,6,9.17,0.00,0.00,0.00,9.17,0.00,1.00,0.000,0.000,717.7,197.8,3,6,2.83,1.00,1.00,0.0238,124.15
650000,8,602,11.32,0.06,0.00,0.00,11.25,0.00,1.02,0.000,0.104,327518.1,7856.1,3,1,2.48,1.03,1.04,0.7849,8.50
650000,2,128,8.66,0.00,0.00,0.00,8.66,0.00,1.00,0.000,0.204,67474.7,3087.9,2,0,2.02,1.00,1.00,0.3060,1.89
650000,0,1,33.00,0.00,0.00,0.00,33.00,0.00,1.00,0.000,0.000,696.2,191.1,1,1,5.00,1.00,1.00,0.0234,137.00
660000,8,507,11.56,0.02,0.00,0.00,11.54,0.00,1.01,0.000,0.113,318953.8,7855.1,2,0,2.43,1.01,1.01,0.7852,13.29
660000,2,122,9.89,0.09,0.00,0.00,9.80,0.00,1.03,0.000,0.223,68379.0,3499.0,1,0,2.32,1.01,1.06,0.3472,2.49
660000,0,3,10.00,0.00,0.00,0.00,10.00,0.00,1.00,0.000,0.000,661.5,198.1,0,3,2.00,1.00,1.00,0.0239,143.67
670000,8,464,11.79,0.02,0.00,0.11,11.65,0.00,1.01,0.000,0.108,294650.1,7769.1,2,0,2.43,1.00,1.02,0.7758,7.48
670000,2,121,9.24,0.12,0.01,0.00,9.12,0.00,1.07,0.000,0.207,68109.2,3872.8,2,0,2.26,1.09,1.10,0.3842,3.25
670000,0,5,10.00,0.00,0.00,0.00,10.00,0.00,1.00,0.000,0.000,631.7,234.2,3,4,1.80,1.00,1.00,0.0280,153.66
680000,8,560,11.51,0.08,0.00,0.00,11.42,0.00,1.02,0.000,0.106,292057.3,7596.1,2,0,2.44,1.00,1.04,0.7583,7.82
680000,2,126,9.91,0.11,0.00,0.00,9.80,0.00,1.03,0.000,0.230,68332.9,3884.8,2,0,2.09,1.02,1.05,0.3852,4.03
680000,0,2,12.00,0.00,0.00,0.00,12.00,0.00,1.00,0.000,0.000,626.6,215.5,1,2,1.50,1.00,1.00,0.0254,145.31
690000,8,483,11.42,0.08,0.01,0.08,11.25,0.00,1.02,0.000,0.112,287792.2,7466.8,3,0,2.47,1.01,1.04,0.7466,8.55
690000,2,121,10.59,0.02,0.00,0.00,10.57,0.00,1.00,0.000,0.236,68923.1,4275.6,2,0,2.13,1.00,1.01,0.4241,4.36
690000,0,5,11.00,0.00,0.00,0.00,11.00,0.00,1.00,0.000,0.000,601.8,220.9,2,5,2.60,1.00,1.00,0.0269,158.06
700000,8,523,11.20,0.00,0.00,0.00,11.20,0.00,1.00,0.000,0.114,282967.9,7599.5,3,0,2.36,1.00,1.00,0.7593,10.10
700000,2,128,9.66,0.30,0.00,0.00,9.36,0.00,1.12,0.000,0.227,69294.7,3982.8,2,0,2.28,1.11,1.14,0.3956,4.04
700000,0,6,8.17,0.00,0.00,0.00,8.17,0.00,1.00,0.000,0.000,564.3,226.6,2,6,1.33,1.00,1.00,0.0265,163.35
710000,8,552,11.42,0.07,0.02,0.00,11.33,0.00,1.02,0.000,0.107,310232.4,7752.8,3,0,2.44,1.01,1.03,0.7737,7.95
710000,2,119,10.33,0.00,0.00,0.00,10.33,0.00,1.00,0.000,0.225,69576.9,3872.9,2,0,2.06,1.00,1.00,0.3838,4.53
710000,0,3,11.33,0.00,0.00,0.00,11.33,0.00,1.00,0.000,0.000,597.7,233.0,2,3,1.67,1.00,1.00,0.0271,153.86
720000,8,585,10.79,0.05,0.01,0.00,10.74,0.00,1.01,0.000,0.088,324119.7,7841.1,3,0,2.59,1.00,1.02,0.7835,15.55
720000,2,131,10.89,0.02,0.00,0.00,10.87,0.00,1.01,0.000,0.263,71164.7,4473.2,2,0,1.76,1.00,1.01,0.4442,5.47
720000,0,6,10.83,0.00,0.00,0.00,10.83,0.00,1.00,0.000,0.000,654.8,236.6,3,6,1.83,1.00,1.00,0.0281,152.79
730000,8,617,10.83,0.08,0.01,0.00,10.75,0.00,1.02,0.000,0.090,333381.4,7797.6,3,0,2.48,1.01,1.04,0.7777,10.04
730000,2,120,10.99,0.05,0.03,0.03,10.88,0.00,1.02,0.000,0.245,72156.0,5256.4,2,0,2.09,1.02,1.02,0.5227,13.47
730000,0,9,9.33,0.56,0.00,0.00,8.78,0.00,1.19,0.000,0.000,815.6,247.1,3,9,2.33,1.22,1.22,0.0288,144.09
740000,8,612,10.67,0.04,0.00,0.00,10.62,0.00,1.01,0.000,0.085,335196.1,7858.7,2,0,2.52,1.00,1.03,0.7850,10.63
740000,2,131,10.02,0.09,0.00,0.00,9.92,0.00,1.01,0.000,0.242,60471.2,4338.8,2,0,2.10,1.00,1.03,0.4300,2.40
740000,0,7,9.71,0.00,0.00,0.00,9.71,0.00,1.00,0.000,0.000,683.4,168.6,3,7,2.43,1.00,1.00,0.0204,144.10
750000,8,607,10.66,0.02,0.01,0.05,10.58,0.00,1.01,0.000,0.084,335641.4,7894.6,2,0,2.55,1.01,1.02,0.7887,12.91
750000,2,129,8.46,0.01,0.00,0.00,8.45,0.00,1.00,0.000,0.202,68892.1,3181.8,1,0,1.96,1.00,1.00,0.3150,2.00
750000,0,6,8.00,0.00,0.00,0.00,8.00,0.00,1.00,0.000,0.000,764.2,164.5,2,6,1.67,1.00,1.00,0.0206,145.50
760000,8,601,10.56,0.02,0.01,0.00,10.52,0.00,1.01,0.000,0.083,334936.3,7926.8,2,0,2.48,1.01,1.02,0.7916,14.31
760000,2,123,8.60,0.00,0.02,0.00,8.59,0.00,1.00,0.000,0.196,63565.2,3028.0,1,0,2.09,1.00,1.00,0.3005,3.63
760000,0,8,9.12,0.00,0.00,0.12,9.00,0.00,1.00,0.000,0.000,717.4,138.5,2,7,3.00,1.00,1.00,0.0174,146.16
770000,8,614,9.62,0.01,0.00,0.00,9.60,0.00,1.00,0.000,0.077,333995.6,7789.2,2,0,2.48,1.00,1.01,0.7761,11.25
770000,2,134,8.46,0.00,0.00,0.00,8.46,0.00,1.00,0.000,0.207,64849.8,2772.2,1,0,2.01,1.00,1.00,0.2744,4.51
770000,0,6,7.67,0.00,0.00,0.00,7.67,0.00,1.00,0.000,0.000,708.0,159.8,1,6,2.00,1.00,1.00,0.0183,115.78
780000,8,619,10.36,0.00,0.00,0.00,10.36,0.00,1.00,0.000,0.083,334418.7,7695.4,2,0,2.40,1.00,1.00,0.7686,15.77
780000,2,142,8.04,0.00,0.01,0.05,7.98,0.00,1.00,0.000,0.209,68981.0,2753.9,1,0,1.95,1.00,1.00,0.2715,1.52
780000,0,4,7.50,0.00,0.00,0.00,7.50,0.00,1.00,0.000,0.000,804.7,170.4,2,4,2.75,1.00,1.00,0.0211,107.57
790000,8,601,10.39,0.00,0.00,0.00,10.38,0.00,1.00,0.000,0.081,333250.9,7801.0,3,1,2.54,1.00,1.00,0.7781,15.59
790000,2,129,8.56,0.00,0.00,0.00,8.56,0.00,1.00,0.000,0.203,68880.2,2948.9,1,0,2.11,1.00,1.00,0.2919,2.25
790000,0,2,7.00,0.00,0.00,0.00,7.00,0.00,1.00,0.000,0.000,814.4,173.5,1,2,2.50,1.00,1.00,0.0216,99.14
800000,8,613,10.67,0.05,0.00,0.00,10.62,0.00,1.01,0.000,0.085,334782.7,8029.2,2,0,2.51,1.01,1.02,0.8004,10.13
800000,2,144,8.03,0.00,0.00,0.00,8.03,0.00,1.00,0.000,0.213,69185.9,2858.4,2,0,1.85,1.00,1.00,0.2831,2.76
800000,0,3,7.67,0.00,0.00,0.00,7.67,0.00,1.00,0.000,0.000,864.4,166.5,2,3,2.33,1.00,1.00,0.0203,88.58
810000,8,589,10.70,0.01,0.00,0.00,10.69,0.00,1.01,0.000,0.082,336058.2,7928.8,2,0,2.52,1.02,1.02,0.7922,13.90
810000,2,138,8.13,0.00,0.01,0.02,8.10,0.00,1.00,0.000,0.207,69250.6,2870.9,1,0,1.95,1.00,1.00,0.2846,3.78
810000,0,5,11.00,0.00,0.00,0.00,11.00,0.00,1.00,0.000,0.000,841.8,163.9,1,5,2.80,1.00,1.00,0.0193,81.74
820000,8,599,11.05,0.00,0.00,0.00,11.04,0.00,1.00,0.000,0.086,337627.3,7976.3,2,0,2.49,1.00,1.00,0.7965,13.65
820000,2,127,8.68,0.00,0.00,0.00,8.68,0.00,1.00,0.000,0.204,69387.2,2976.8,1,0,2.05,1.00,1.00,0.2949,2.04
820000,0,3,6.67,0.00,0.00,0.00,6.67,0.00,1.00,0.000,0.000,819.7,160.6,1,3,2.67,1.00,1.00,0.0206,90.48
830000,8,592,11.02,0.01,0.00,0.02,10.98,0.00,1.00,0.000,0.085,336664.4,7809.8,2,0,2.61,1.00,1.01,0.7802,10.97
830000,2,128,9.02,0.07,0.00,0.00,8.95,0.00,1.03,0.000,0.216,69613.3,3097.1,2,0,2.07,1.03,1.04,0.3063,3.36
830000,0,11,8.73,0.00,0.00,0.00,8.73,0.00,1.00,0.000,0.000,863.1,168.9,3,10,2.82,1.00,1.00,0.0212,92.62
840000,8,618,10.86,0.02,0.00,0.00,10.84,0.00,1.01,0.000,0.087,334503.1,7912.5,2,0,2.48,1.00,1.02,0.7898,11.06
840000,2,129,9.84,0.00,0.02,0.00,9.81,0.00,1.00,0.000,0.234,69661.4,3251.4,2,0,2.12,1.00,1.00,0.3219,5.31
840000,0,7,8.14,0.00,0.00,0.00,8.14,0.00,1.00,0.000,0.000,763.2,182.5,2,6,2.43,1.00,1.00,0.0227,89.77
850000,8,593,11.31,0.02,0.02,0.00,11.27,0.00,1.01,0.000,0.087,335687.7,8211.5,2,0,2.58,1.00,1.01,0.8204,13.12
850000,2,122,9.52,0.00,0.01,0.00,9.51,0.00,1.00,0.000,0.216,68645.6,3537.3,2,0,1.98,1.00,1.00,0.3497,2.68
850000,0,8,10.25,0.25,0.00,0.00,10.00,0.00,1.12,0.000,0.000,844.2,177.5,3,8,2.62,1.08,1.08,0.0225,91.99
860000,8,615,11.37,0.09,0.00,0.00,11.27,0.00,1.03,0.000,0.091,336677.5,8055.0,2,0,2.53,1.00,1.05,0.8048,14.86
860000,2,116,10.14,0.00,0.02,0.00,10.12,0.00,1.00,0.000,0.218,68411.0,3386.1,2,0,2.11,1.00,1.00,0.3361,3.82
860000,0,4,8.25,0.00,0.00,0.00,8.25,0.00,1.00,0.000,0.000,878.4,174.4,2,4,2.75,1.00,1.00,0.0217,101.41
870000,8,611,11.14,0.00,0.00,0.00,11.13,0.00,1.00,0.000,0.089,336394.0,8093.1,2,0,2.50,1.00,1.00,0.8080,11.00
870000,2,131,8.87,0.02,0.00,0.00,8.85,0.00,1.01,0.000,0.212,68765.6,3113.3,2,0,2.15,1.01,1.01,0.3075,2.61
870000,0,3,7.00,0.00,0.00,0.00,7.00,0.00,1.00,0.000,0.000,811.3,172.8,2,3,2.67,1.00,1.00,0.0228,110.37
880000,8,600,10.97,0.02,0.01,0.00,10.93,0.00,1.01,0.000,0.087,335519.1,7862.1,2,0,2.49,1.00,1.01,0.7850,10.03
880000,2,124,8.69,0.00,0.00,0.00,8.69,0.00,1.00,0.000,0.199,69452.8,3135.4,2,0,1.98,1.00,1.00,0.3107,2.88
880000,0,3,15.00,0.00,0.00,0.00,15.00,0.00,1.00,0.000,0.000,769.9,173.3,1,3,2.67,1.00,1.00,0.0210,108.71
890000,8,591,11.46,0.02,0.00,0.06,11.37,0.00,1.00,0.000,0.088,334945.6,7928.0,2,0,2.52,1.00,1.01,0.7919,11.91
890000,2,125,8.61,0.07,0.00,0.00,8.54,0.00,1.04,0.000,0.200,69742.6,3125.5,2,0,1.95,1.07,1.07,0.3103,2.94
890000,0,4,9.25,0.00,0.00,0.00,9.25,0.00,1.00,0.000,0.000,674.0,141.8,2,3,2.75,1.00,1.00,0.0175,109.35
900000,8,595,11.30,0.00,0.00,0.00,11.30,0.00,1.00,0.000,0.087,336696.9,7969.9,2,0,2.54,1.00,1.00,0.7965,12.51
900000,2,141,9.01,0.02,0.01,0.00,8.97,0.00,1.01,0.000,0.234,70154.6,3153.5,2,0,2.17,1.00,1.02,0.3125,4.79
900000,0,3,9.00,0.00,0.00,0.00,9.00,0.00,1.00,0.000,0.000,758.6,177.3,2,2,2.33,1.00,1.00,0.0211,108.82
910000,8,600,11.10,0.00,0.02,0.00,11.08,0.00,1.01,0.000,0.091,335834.8,7953.4,2,0,2.46,1.01,1.01,0.7941,11.36
910000,2,127,8.98,0.01,0.00,0.00,8.97,0.00,1.00,0.000,0.210,69674.1,3095.5,2,0,2.06,1.01,1.00,0.3061,3.27
910000,0,4,8.25,0.00,0.00,0.00,8.25,0.00,1.00,0.000,0.000,804.2,180.7,3,4,2.25,1.00,1.00,0.0231,116.81
920000,8,604,11.14,0.00,0.01,0.00,11.13,0.00,1.00,0.000,0.091,335955.6,7889.3,3,2,2.49,1.00,1.00,0.7882,13.35
920000,2,135,9.15,0.00,0.01,0.00,9.13,0.00,1.00,0.000,0.230,70593.2,3381.2,2,0,1.90,1.00,1.00,0.3355,2.55
920000,0,8,9.38,0.00,0.00,0.00,9.38,0.00,1.00,0.000,0.000,700.7,169.5,3,8,2.75,1.00,1.00,0.0203,116.26
930000,8,619,10.82,0.04,0.00,0.00,10.78,0.00,1.01,0.000,0.087,335995.5,8036.6,2,0,2.46,1.02,1.01,0.8022,9.01
930000,2,138,9.10,0.00,0.04,0.00,9.06,0.00,1.00,0.000,0.231,70864.4,3270.7,2,0,1.98,1.00,1.00,0.3244,1.93
930000,0,4,8.75,0.00,0.00,0.00,8.75,0.00,1.00,0.000,0.000,775.0,183.3,2,4,2.00,1.00,1.00,0.0225,122.27
940000,8,610,10.95,0.01,0.00,0.11,10.83,0.00,1.00,0.000,0.087,335978.7,8122.3,2,0,2.50,1.00,1.01,0.8112,8.75
940000,2,132,9.39,0.05,0.00,0.00,9.34,0.00,1.01,0.000,0.228,70131.9,3193.1,2,0,2.06,1.01,1.02,0.3164,3.52
940000,0,4,7.50,0.00,0.00,0.00,7.50,0.00,1.00,0.000,0.000,799.3,185.6,2,4,2.25,1.00,1.00,0.0222,118.10
950000,8,613,10.91,0.01,0.00,0.02,10.88,0.00,1.00,0.000,0.088,336046.5,7974.7,2,3,2.53,1.00,1.01,0.7959,9.70
950000,2,138,8.62,0.27,0.00,0.00,8.35,0.00,1.08,0.000,0.218,71613.3,2924.2,4,2,2.02,1.06,1.14,0.2899,3.55
950000,0,1,17.00,4.00,0.00,0.00,13.00,0.00,2.25,0.000,0.000,728.5,137.7,1,1,2.00,2.25,3.50,0.0177,116.48
960000,8,615,10.88,0.03,0.00,0.03,10.82,0.00,1.01,0.000,0.087,336177.5,8105.2,2,0,2.57,1.01,1.02,0.8091,12.26
960000,2,126,9.02,0.29,0.00,0.00,8.73,0.00,1.11,0.000,0.212,69586.8,3014.6,3,0,1.87,1.05,1.17,0.2997,4.39
960000,0,4,9.75,0.00,0.00,0.00,9.75,0.00,1.00,0.000,0.000,748.0,120.8,3,4,2.75,1.00,1.00,0.0153,113.85
970000,8,607,11.05,0.08,0.00,0.00,10.97,0.00,1.03,0.000,0.087,336488.5,8056.7,2,0,2.51,1.01,1.05,0.8044,11.02
970000,2,128,8.78,0.12,0.02,0.00,8.65,0.00,1.04,0.000,0.207,71350.0,3395.2,3,1,1.98,1.02,1.08,0.3372,4.81
970000,0,9,9.89,0.00,0.00,0.00,9.89,0.00,1.00,0.000,0.001,803.8,127.8,3,9,2.56,1.00,1.00,0.0163,116.01
980000,8,625,10.34,0.01,0.00,0.04,10.28,0.00,1.00,0.000,0.084,336884.0,8159.9,2,0,2.46,1.00,1.01,0.8142,11.41
980000,2,138,8.83,0.12,0.00,0.00,8.72,0.00,1.03,0.000,0.224,71139.1,3765.6,2,0,1.87,1.01,1.04,0.3738,1.98
980000,0,6,7.33,0.00,0.00,0.00,7.33,0.00,1.00,0.000,0.000,860.7,167.7,3,6,2.50,1.00,1.00,0.0209,115.18
990000,8,628,10.62,0.03,0.01,0.00,10.58,0.00,1.01,0.000,0.088,336229.8,8108.5,2,0,2.39,1.00,1.02,0.8090,9.85
990000,2,134,8.70,0.00,0.00,0.00,8.70,0.00,1.00,0.000,0.215,72977.0,4225.0,3,3,2.07,1.00,1.00,0.4194,2.70
990000,0,9,8.78,0.00,0.00,0.00,8.78,0.00,1.00,0.000,0.001,898.1,185.3,3,9,1.78,1.00,1.00,0.0224,106.89
1000000,8,633,10.76,0.05,0.01,0.00,10.70,0.00,1.02,0.000,0.089,335157.3,8020.5,2,0,2.47,1.02,1.03,0.8013,13.37
1000000,2,123,9.51,0.03,0.00,0.00,9.48,0.00,1.02,0.000,0.218,72981.7,4493.6,3,1,2.04,1.02,1.02,0.4466,3.94
1000000,0,3,7.33,0.00,0.00,0.00,7.33,0.00,1.00,0.000,0.000,911.1,163.6,2,3,2.33,1.00,1.00,0.0201,104.79
