step,pop,mean_energy,mean_res,mean_genes,births,deaths_energy,deaths_age,deaths_broken,deaths_body,cells_broken,plant_intake,meat_intake,stay,n,s,e,w,steps_per_sec,mass_mean,mass_std,hard_mean,hard_std,muscle_mean,muscle_std,sensor_mean,sensor_std,digestive_mean,digestive_std,bite_mean,bite_std,speed_mean,speed_std,distinct_bodies,top_body_share,diet_plants,diet_mixed,diet_meat,diet_none,births_with_neighbor,sexual_births,lineages,top_lineage_share,no_lineage_share,sensor_agents_share,sense_decisions,sense_used,res_std,res_above_half,regrowth,develops,prey_age_mean,meat_per_cell,kills_young_share,meat_majority,contacts,shell_mean,open_mean,full_share,damaged_share,biters_share,mass_p10,mass_p50,mass_p90,mass_max,occupied_cells,crowd_max,wasted,intake_per_gut
10000,2196,1.469,0.035,8.39,336781,328331,94,91,7575,71069,1752306.6,5233.5,0.897,0.024,0.027,0.025,0.027,556,16.48,11.48,0.39,2.31,0.46,2.61,0.75,2.45,14.88,10.43,0.01,0.17,0.021,0.107,822,0.042,0.447,0.005,0.000,0.548,333893,325657,4,0.272,0.268,0.190,4330374,0.069,0.306,0.002,161.69,130206,166,0.074,0.473,0.000,2931216,1.11,12.47,0.006,0.048,0.002,6,13,34,64,420,26,1.81,0.0054
20000,2188,1.486,0.046,7.13,468155,453871,222,51,14019,19048,1636776.2,1431.9,0.975,0.006,0.007,0.006,0.006,433,16.99,12.47,0.77,3.23,0.50,2.44,0.54,3.36,15.19,11.38,0.04,0.39,0.027,0.118,761,0.051,0.477,0.011,0.001,0.511,467784,466283,1,0.445,0.555,0.078,1743801,0.025,0.387,0.003,163.07,169649,126,0.075,0.569,0.001,1011521,1.22,12.75,0.007,0.075,0.014,5,13,36,64,440,26,0.43,0.0049
30000,2096,1.533,0.045,6.84,475770,461200,174,143,14345,23270,1622218.6,2065.4,0.981,0.006,0.006,0.003,0.004,466,18.07,12.72,1.21,4.56,0.53,3.53,0.76,3.64,15.57,10.95,0.02,0.29,0.018,0.096,788,0.035,0.472,0.010,0.001,0.516,475285,474282,3,0.262,0.444,0.092,1509245,0.020,0.365,0.002,163.10,168473,242,0.089,0.441,0.001,889711,1.39,12.59,0.008,0.036,0.008,6,14,36,64,454,24,0.40,0.0050
40000,2121,1.499,0.036,7.24,478880,459788,288,82,18697,16151,1628850.5,1258.9,0.983,0.006,0.004,0.003,0.004,460,17.75,12.05,0.59,2.84,0.52,3.38,0.46,2.64,16.18,10.84,0.00,0.10,0.017,0.098,735,0.041,0.472,0.004,0.000,0.524,478407,476915,3,0.490,0.003,0.049,1280267,0.021,0.312,0.001,163.31,172575,432,0.078,0.512,0.000,877234,1.17,13.24,0.003,0.015,0.002,6,14,36,64,449,31,0.19,0.0047
50000,2273,1.411,0.053,7.53,490543,470747,352,5,19287,6205,1633966.5,435.0,0.984,0.006,0.005,0.002,0.004,455,15.32,10.17,0.47,2.77,0.54,2.97,0.24,1.86,14.07,9.22,0.01,0.15,0.025,0.113,735,0.051,0.465,0.005,0.000,0.530,490119,488970,3,0.462,0.002,0.036,806788,0.024,0.441,0.003,163.20,168345,265,0.070,0.400,0.000,582321,1.15,12.96,0.001,0.014,0.003,6,13,27,64,437,24,0.31,0.0051
60000,2268,1.420,0.071,7.36,505212,486614,333,14,18256,3874,1630266.5,287.0,0.990,0.003,0.003,0.002,0.002,459,16.18,10.39,0.37,2.04,0.51,3.15,0.81,3.72,14.49,8.80,0.01,0.16,0.020,0.102,716,0.036,0.433,0.007,0.000,0.560,504704,503953,4,0.540,0.000,0.098,806490,0.018,0.493,0.004,163.21,172230,42,0.074,0.786,0.000,355695,1.13,12.36,0.004,0.004,0.002,6,14,29,64,423,31,0.30,0.0050
70000,2389,1.383,0.083,7.97,504779,490227,349,2,14080,2282,1620087.5,109.6,0.991,0.003,0.003,0.002,0.002,412,14.00,8.28,0.30,2.11,0.60,2.84,0.08,1.00,13.02,7.89,0.03,0.39,0.029,0.123,563,0.064,0.446,0.001,0.000,0.553,504323,503147,2,0.532,0.000,0.008,576891,0.022,0.525,0.005,163.07,175687,146,0.048,0.500,0.000,391023,1.12,13.53,0.003,0.006,0.008,6,12,24,64,417,26,0.43,0.0052
80000,2342,1.397,0.057,7.46,479675,467910,330,19,11463,9947,1621627.2,642.9,0.988,0.003,0.003,0.003,0.003,493,15.02,9.43,0.90,3.54,0.82,3.08,0.17,1.27,13.13,8.15,0.01,0.24,0.041,0.139,606,0.097,0.458,0.009,0.000,0.532,479096,477913,2,0.533,0.223,0.026,231298,0.032,0.435,0.003,163.01,151561,87,0.065,0.684,0.000,638574,1.26,12.19,0.001,0.014,0.005,6,14,26,64,415,29,0.50,0.0053
90000,2338,1.390,0.076,8.12,505940,491240,340,33,14331,7743,1637256.0,604.0,0.992,0.001,0.002,0.002,0.002,447,15.27,8.93,0.06,0.74,0.40,2.40,0.05,0.81,14.75,8.46,0.00,0.11,0.019,0.098,556,0.049,0.435,0.000,0.000,0.565,505456,504525,3,0.288,0.462,0.006,215976,0.025,0.493,0.004,163.08,163677,211,0.078,0.515,0.000,483159,1.02,11.80,0.002,0.020,0.001,5,14,26,64,432,30,0.42,0.0047
100000,2547,1.331,0.054,7.50,500017,485755,307,220,13526,17416,1628705.1,1843.2,0.989,0.002,0.003,0.003,0.004,455,12.73,8.43,0.32,2.18,0.58,2.90,0.05,0.78,11.79,7.18,0.01,0.22,0.027,0.112,561,0.076,0.473,0.001,0.000,0.525,499467,498329,1,0.246,0.754,0.006,259837,0.032,0.416,0.003,163.09,157718,495,0.106,0.359,0.000,625764,1.09,13.61,0.002,0.015,0.005,5,11,24,64,430,30,0.42,0.0054
110000,2266,1.454,0.039,7.38,495236,481527,176,4,13810,6325,1638687.0,570.3,0.982,0.004,0.005,0.005,0.004,458,15.69,9.62,0.64,3.13,0.14,1.38,0.73,2.31,14.18,9.20,0.01,0.20,0.007,0.061,559,0.059,0.467,0.002,0.000,0.531,494641,493112,3,0.451,0.261,0.126,1256858,0.018,0.320,0.002,163.15,154254,42,0.090,0.750,0.000,879589,1.19,11.08,0.002,0.006,0.003,6,14,28,64,440,24,0.35,0.0051
120000,2344,1.403,0.048,6.65,505706,488256,304,10,17058,4685,1624276.9,448.9,0.980,0.005,0.005,0.006,0.005,463,15.23,10.90,0.36,2.28,0.39,2.60,0.12,1.44,14.35,10.20,0.00,0.10,0.018,0.095,592,0.102,0.452,0.002,0.002,0.545,505166,503289,3,0.722,0.093,0.015,859130,0.018,0.374,0.002,163.27,156322,228,0.096,0.600,0.002,1114811,1.09,11.63,0.004,0.007,0.001,4,12,29,64,435,27,0.24,0.0048
130000,2428,1.353,0.043,6.62,509726,495188,332,5,14117,3174,1632606.8,203.5,0.987,0.004,0.003,0.004,0.002,519,13.47,9.10,0.25,2.07,0.09,1.11,0.21,2.14,12.92,8.64,0.00,0.12,0.006,0.064,564,0.060,0.439,0.001,0.000,0.560,509236,508381,2,0.767,0.000,0.019,325711,0.030,0.359,0.002,163.21,148845,54,0.064,0.800,0.000,1039008,1.08,12.02,0.002,0.007,0.001,5,12,24,64,401,27,0.29,0.0052
140000,2392,1.418,0.058,6.36,515926,498515,210,27,17210,7914,1637528.8,683.5,0.987,0.004,0.004,0.004,0.001,580,14.45,10.96,0.12,1.19,0.12,1.16,0.80,3.08,13.42,10.21,0.00,0.00,0.005,0.047,548,0.056,0.476,0.002,0.000,0.523,515430,514566,1,1.000,0.000,0.096,880604,0.026,0.403,0.002,163.30,144176,226,0.086,0.556,0.000,890086,1.04,12.03,0.008,0.020,0.000,4,11,29,64,447,23,0.20,0.0051
150000,2382,1.405,0.054,6.06,475545,460853,226,1,14475,3675,1642872.1,253.2,0.986,0.004,0.003,0.004,0.003,570,14.19,9.90,0.31,2.20,0.11,1.03,0.34,2.38,13.43,9.27,0.00,0.10,0.007,0.064,544,0.102,0.464,0.003,0.000,0.533,474870,473990,1,0.950,0.050,0.060,2247565,0.020,0.393,0.003,162.94,137266,62,0.069,0.000,0.000,760505,1.08,12.47,0.003,0.006,0.002,5,11,28,64,425,31,0.56,0.0051
160000,2443,1.329,0.040,6.00,510597,495721,254,20,14541,5476,1647621.9,353.6,0.985,0.003,0.004,0.005,0.003,570,13.75,8.72,0.24,1.85,0.28,2.37,0.19,1.61,13.04,7.93,0.01,0.20,0.011,0.079,549,0.105,0.448,0.005,0.000,0.547,510036,509336,2,0.752,0.002,0.027,1360417,0.022,0.321,0.001,163.22,140237,137,0.065,0.700,0.000,796868,1.07,11.87,0.002,0.013,0.002,6,11,23,64,421,29,0.28,0.0052
170000,2439,1.376,0.047,5.80,512411,497347,348,7,14713,3348,1661529.8,130.0,0.988,0.003,0.002,0.005,0.002,637,13.63,9.65,0.31,2.33,0.23,1.74,0.12,1.57,12.97,9.05,0.01,0.20,0.011,0.082,535,0.064,0.457,0.002,0.000,0.541,511872,511256,1,0.750,0.250,0.015,424197,0.024,0.359,0.002,163.34,125728,121,0.039,0.429,0.000,766039,1.09,13.04,0.004,0.011,0.003,4,11,25,64,457,26,0.17,0.0053
180000,2450,1.354,0.042,6.40,507970,492469,238,36,15216,5109,1637148.8,399.2,0.987,0.003,0.003,0.004,0.002,615,13.36,8.87,0.23,2.20,0.35,2.90,0.06,1.01,12.73,8.16,0.01,0.21,0.017,0.104,513,0.089,0.455,0.001,0.000,0.544,507427,506781,2,0.775,0.009,0.009,256710,0.039,0.311,0.002,163.36,129289,74,0.078,0.778,0.000,721320,1.07,12.15,0.002,0.018,0.001,6,11,24,64,422,37,0.15,0.0053
190000,2348,1.381,0.052,6.58,511138,496163,260,32,14785,7552,1630042.5,447.2,0.985,0.003,0.004,0.004,0.004,517,15.31,10.07,0.31,2.35,0.12,1.15,0.06,0.81,14.82,9.86,0.00,0.10,0.010,0.079,536,0.130,0.443,0.003,0.001,0.553,510603,509792,2,0.499,0.263,0.007,520791,0.027,0.395,0.003,163.32,146013,61,0.059,0.781,0.001,701444,1.11,11.03,0.004,0.029,0.001,5,12,27,64,429,26,0.18,0.0047
200000,2522,1.335,0.034,6.11,504023,489942,195,14,13698,7572,1649780.5,492.5,0.981,0.004,0.006,0.004,0.004,511,13.51,10.00,0.20,1.76,0.18,1.83,0.09,1.58,13.04,9.49,0.01,0.20,0.010,0.075,538,0.104,0.473,0.002,0.000,0.525,503511,502429,2,0.508,0.249,0.009,424071,0.034,0.285,0.001,163.36,140996,32,0.065,0.643,0.000,1072484,1.06,11.47,0.005,0.011,0.002,4,11,25,64,480,29,0.14,0.0050
210000,2363,1.389,0.055,6.57,497197,484941,311,20,12084,10020,1631962.2,821.6,0.982,0.005,0.008,0.002,0.002,504,14.42,9.72,0.20,1.72,0.51,2.81,0.17,1.74,13.54,8.82,0.02,0.31,0.025,0.107,567,0.047,0.461,0.002,0.000,0.537,496666,495865,2,0.740,0.019,0.033,473270,0.039,0.408,0.003,163.19,137731,456,0.082,0.750,0.000,999531,1.05,10.62,0.008,0.051,0.004,6,13,25,64,437,28,0.32,0.0051
220000,2360,1.369,0.047,7.30,496580,486489,294,17,9783,18128,1632520.6,1405.3,0.979,0.007,0.009,0.003,0.002,474,14.64,10.17,0.29,1.92,0.25,1.68,0.48,2.25,13.62,9.14,0.01,0.19,0.013,0.084,568,0.084,0.471,0.003,0.000,0.527,496021,494426,3,0.699,0.000,0.083,1493758,0.020,0.371,0.002,163.27,141585,65,0.078,0.706,0.000,1403419,1.07,10.65,0.007,0.019,0.007,5,12,27,64,426,31,0.24,0.0051
230000,2370,1.388,0.079,6.48,501948,491927,319,20,9672,9260,1639213.0,617.5,0.987,0.004,0.005,0.002,0.002,506,14.42,8.73,0.25,1.97,0.32,1.76,0.50,2.78,13.35,7.87,0.01,0.24,0.022,0.100,570,0.064,0.440,0.002,0.001,0.557,501461,500756,2,0.739,0.001,0.066,1430214,0.019,0.525,0.005,163.19,148015,53,0.067,0.650,0.001,788930,1.07,10.49,0.005,0.019,0.003,6,13,25,64,443,26,0.31,0.0052
240000,2569,1.322,0.063,5.58,512491,500071,258,13,11950,6331,1612212.9,458.4,0.988,0.004,0.004,0.002,0.002,561,13.09,9.07,0.09,1.09,0.38,2.83,0.26,1.83,12.36,8.01,0.00,0.06,0.015,0.100,493,0.108,0.471,0.000,0.000,0.529,512029,511342,1,0.921,0.079,0.054,919516,0.023,0.429,0.003,163.33,149575,309,0.072,0.615,0.000,875584,1.03,11.92,0.005,0.018,0.001,6,11,22,64,461,31,0.18,0.0051
250000,2364,1.339,0.054,5.90,527751,514722,296,5,12933,3904,1630415.8,204.6,0.988,0.005,0.003,0.002,0.001,513,14.29,9.20,0.23,2.03,0.28,2.58,0.07,0.75,13.71,8.51,0.01,0.18,0.011,0.076,449,0.056,0.449,0.002,0.000,0.549,527379,526759,1,0.745,0.255,0.016,830317,0.028,0.368,0.002,163.34,155508,34,0.052,0.800,0.000,1090966,1.08,11.06,0.005,0.005,0.002,7,12,25,64,386,29,0.16,0.0050
260000,2718,1.257,0.053,6.50,552398,540178,474,0,11392,5151,1609706.6,353.7,0.989,0.003,0.004,0.002,0.002,499,11.33,6.05,0.24,2.11,0.13,1.27,0.14,1.61,10.83,5.25,0.00,0.16,0.011,0.088,392,0.178,0.452,0.001,0.000,0.547,552090,551468,2,0.762,0.000,0.019,616952,0.023,0.400,0.003,163.40,154500,0,0.069,0.000,0.000,1311331,1.07,12.75,0.003,0.022,0.001,6,10,17,64,401,29,0.11,0.0055
270000,2770,1.255,0.044,6.20,561881,548736,441,16,12636,5504,1625409.5,408.6,0.990,0.003,0.003,0.002,0.002,505,10.84,5.70,0.22,1.78,0.26,2.44,0.06,0.80,10.31,4.44,0.01,0.20,0.010,0.075,356,0.100,0.460,0.000,0.000,0.539,561582,560969,1,0.779,0.221,0.008,385814,0.025,0.359,0.002,163.39,150776,625,0.074,0.500,0.000,947091,1.06,13.69,0.001,0.003,0.003,6,10,16,64,448,29,0.11,0.0057
280000,2614,1.298,0.048,7.39,562758,547566,440,9,14899,4553,1625216.0,273.3,0.991,0.003,0.003,0.002,0.002,433,11.88,6.63,0.35,2.48,0.40,2.31,0.04,0.69,11.10,5.76,0.01,0.20,0.024,0.111,469,0.064,0.474,0.002,0.000,0.524,562462,561780,2,0.497,0.272,0.008,257486,0.031,0.359,0.002,163.40,169449,339,0.060,0.778,0.000,970832,1.10,13.04,0.001,0.022,0.005,5,11,19,64,442,27,0.10,0.0056
290000,2426,1.343,0.058,6.91,533664,519795,340,0,13717,11383,1631155.0,1107.7,0.988,0.003,0.003,0.003,0.003,441,14.24,8.82,0.31,2.20,0.59,3.72,0.05,0.86,13.30,7.80,0.01,0.17,0.021,0.119,455,0.103,0.441,0.003,0.000,0.555,533266,532157,2,0.727,0.000,0.005,182430,0.039,0.425,0.003,163.31,166216,0,0.097,0.000,0.000,924584,1.09,12.05,0.002,0.031,0.005,6,12,23,64,443,23,0.20,0.0051
300000,2487,1.337,0.043,6.88,530075,513086,327,17,16584,10169,1653372.5,932.5,0.988,0.005,0.003,0.002,0.002,474,13.58,8.25,0.57,3.16,0.48,3.16,0.21,1.31,12.33,6.70,0.03,0.32,0.020,0.105,502,0.065,0.468,0.002,0.000,0.530,529652,528938,1,0.998,0.002,0.043,208665,0.032,0.362,0.002,163.38,159388,84,0.092,0.765,0.000,935810,1.17,12.88,0.003,0.042,0.009,6,11,21,64,444,32,0.13,0.0054
310000,2473,1.347,0.060,7.08,503275,489178,261,11,13839,10898,1632892.6,868.7,0.988,0.005,0.003,0.001,0.002,492,13.37,8.49,0.28,1.93,0.31,2.53,0.36,2.25,12.42,7.22,0.01,0.20,0.015,0.095,504,0.145,0.460,0.001,0.000,0.539,502793,501899,2,0.757,0.000,0.039,1232529,0.014,0.462,0.004,163.01,157904,108,0.080,0.727,0.000,798916,1.08,12.43,0.005,0.025,0.006,6,11,21,64,437,27,0.50,0.0053
320000,2424,1.361,0.068,7.84,524290,511486,302,6,12545,5516,1612833.6,395.6,0.987,0.004,0.004,0.002,0.003,455,13.87,7.58,0.05,0.51,0.49,2.84,0.18,1.42,13.15,6.92,0.00,0.09,0.027,0.127,463,0.086,0.441,0.002,0.000,0.557,523814,522710,3,0.271,0.262,0.038,761727,0.028,0.490,0.004,163.11,167668,470,0.072,0.667,0.000,743061,1.02,10.83,0.001,0.032,0.001,6,13,22,64,444,27,0.40,0.0051
330000,2287,1.423,0.086,9.35,503119,490391,304,5,12556,5592,1637495.1,514.5,0.986,0.005,0.005,0.003,0.002,372,15.89,9.66,0.07,0.81,0.57,3.06,0.28,1.84,14.97,8.47,0.00,0.13,0.020,0.097,522,0.044,0.443,0.000,0.000,0.556,502686,500713,3,0.505,0.069,0.048,760340,0.023,0.564,0.006,162.99,182553,93,0.092,0.600,0.000,1213526,1.02,10.42,0.004,0.008,0.000,6,14,26,64,423,28,0.52,0.0048
340000,2281,1.430,0.102,7.97,500693,485635,300,4,14760,2488,1626855.4,98.8,0.962,0.015,0.018,0.002,0.003,382,16.45,10.48,0.19,2.02,0.53,3.00,0.13,1.37,15.59,9.74,0.00,0.11,0.021,0.106,515,0.053,0.454,0.000,0.000,0.546,500198,497330,4,0.415,0.093,0.019,522300,0.022,0.606,0.007,163.30,182151,14,0.040,1.000,0.000,4977466,1.06,12.27,0.011,0.012,0.001,6,14,29,64,450,32,0.21,0.0046
350000,2034,1.534,0.087,7.46,483740,472715,165,8,11099,8114,1634243.4,594.6,0.979,0.006,0.008,0.004,0.003,460,19.32,10.30,0.42,2.05,0.66,3.17,0.24,2.09,18.00,9.93,0.05,0.44,0.026,0.112,670,0.047,0.426,0.008,0.001,0.565,483032,481275,3,0.511,0.000,0.027,526221,0.044,0.568,0.006,163.04,161408,54,0.073,0.625,0.001,1001970,1.12,8.48,0.003,0.033,0.015,7,19,30,64,425,28,0.47,0.0045
360000,2315,1.410,0.050,7.67,479515,466935,302,26,11971,11354,1637305.8,879.7,0.984,0.005,0.005,0.004,0.003,473,15.51,10.19,0.15,1.04,0.80,3.67,0.26,1.91,14.30,8.75,0.01,0.21,0.030,0.118,631,0.087,0.439,0.004,0.000,0.557,478842,477401,2,0.711,0.006,0.029,488210,0.038,0.404,0.003,163.00,154070,172,0.077,0.615,0.000,814263,1.05,10.76,0.003,0.010,0.003,6,13,28,64,435,27,0.50,0.0049
370000,2420,1.361,0.045,6.47,506251,493346,305,33,12462,7692,1626617.0,607.2,0.984,0.004,0.004,0.005,0.003,488,14.20,9.26,0.15,1.75,0.70,3.74,0.26,2.01,13.09,8.18,0.00,0.10,0.032,0.141,499,0.079,0.445,0.001,0.001,0.552,505731,504612,2,0.807,0.000,0.029,706269,0.030,0.380,0.002,163.18,152433,383,0.079,0.515,0.001,1074262,1.04,11.98,0.002,0.009,0.001,6,13,25,64,421,33,0.32,0.0051
380000,2363,1.376,0.058,7.21,499591,488701,308,15,10624,5654,1637973.4,396.1,0.988,0.002,0.003,0.004,0.003,547,14.54,8.76,0.24,2.10,0.62,3.25,0.25,2.07,13.43,7.90,0.01,0.22,0.030,0.123,597,0.057,0.453,0.003,0.000,0.544,499126,498085,3,0.466,0.272,0.028,573649,0.030,0.427,0.003,163.09,139518,65,0.070,0.600,0.000,846848,1.07,11.49,0.002,0.025,0.001,6,13,26,64,414,27,0.41,0.0052
390000,2661,1.331,0.070,6.50,520670,509997,291,17,10067,5621,1641426.0,486.5,0.992,0.002,0.002,0.002,0.002,514,12.20,7.92,0.58,2.28,0.65,3.49,0.10,1.13,10.87,6.64,0.01,0.18,0.037,0.144,597,0.047,0.473,0.005,0.000,0.522,520282,519585,1,0.776,0.224,0.017,510146,0.025,0.452,0.003,163.17,150709,174,0.087,0.706,0.000,741528,1.15,13.00,0.001,0.014,0.004,4,10,22,64,427,27,0.33,0.0057
400000,2466,1.347,0.065,6.21,520552,509000,394,11,11342,5371,1648092.2,374.1,0.990,0.003,0.002,0.002,0.001,517,13.44,8.51,0.20,1.74,0.47,2.86,0.10,1.58,12.67,7.43,0.01,0.26,0.021,0.109,463,0.063,0.454,0.002,0.000,0.544,520222,519649,1,0.476,0.524,0.014,1089972,0.019,0.424,0.003,163.29,145769,705,0.070,0.636,0.000,1000639,1.05,12.83,0.000,0.012,0.004,5,12,22,64,426,27,0.22,0.0053
410000,2504,1.333,0.074,6.65,526132,513915,327,8,11844,3405,1638960.1,287.8,0.989,0.004,0.002,0.003,0.002,571,13.51,10.02,0.16,1.48,0.89,4.35,0.51,3.33,11.95,7.78,0.01,0.16,0.037,0.153,517,0.079,0.472,0.001,0.000,0.528,525804,525252,2,0.484,0.270,0.038,458373,0.027,0.476,0.004,163.27,137198,41,0.085,0.750,0.000,1197506,1.06,12.96,0.004,0.014,0.004,6,11,24,64,445,32,0.24,0.0055
420000,2279,1.441,0.090,6.69,514868,502024,215,14,12840,5855,1635097.4,376.1,0.986,0.004,0.004,0.005,0.001,554,15.73,9.23,0.46,2.71,0.59,2.83,0.04,0.69,14.64,8.67,0.01,0.25,0.031,0.130,532,0.090,0.436,0.004,0.000,0.560,514491,513908,1,1.000,0.000,0.008,1117177,0.014,0.537,0.005,163.27,139602,129,0.064,0.643,0.000,1249097,1.16,11.26,0.004,0.022,0.005,6,14,28,64,434,27,0.24,0.0049
430000,2307,1.430,0.114,6.94,495677,482534,288,18,12809,9130,1634143.2,635.3,0.989,0.003,0.004,0.003,0.001,549,15.62,10.37,0.39,2.25,0.52,2.68,0.18,1.76,14.54,9.60,0.00,0.05,0.025,0.105,579,0.053,0.453,0.003,0.000,0.543,495347,494701,2,0.476,0.277,0.019,135650,0.044,0.589,0.007,163.25,139924,203,0.070,0.611,0.000,972715,1.12,10.61,0.006,0.025,0.001,6,12,30,64,431,27,0.25,0.0049
440000,2146,1.479,0.108,6.05,484124,470619,203,22,13441,8918,1635854.9,850.7,0.990,0.002,0.003,0.003,0.002,553,16.98,11.58,0.39,2.86,0.38,2.24,0.13,1.15,16.08,11.17,0.01,0.16,0.020,0.094,556,0.053,0.460,0.000,0.001,0.539,483813,482846,2,0.769,0.000,0.022,342000,0.026,0.585,0.006,163.28,138442,340,0.095,0.318,0.001,881231,1.11,10.44,0.016,0.040,0.005,5,15,30,64,452,24,0.23,0.0047
450000,2138,1.461,0.083,6.50,478728,466071,245,417,12003,54274,1619065.0,4828.6,0.988,0.004,0.003,0.004,0.002,577,16.90,12.22,0.78,3.60,0.57,2.58,0.37,2.82,15.17,11.32,0.04,0.41,0.029,0.109,715,0.071,0.488,0.022,0.000,0.490,478370,477647,2,0.490,0.311,0.036,578806,0.021,0.487,0.004,163.27,136471,268,0.089,0.388,0.003,1084666,1.24,11.48,0.008,0.105,0.014,6,12,33,64,437,28,0.24,0.0050
460000,2204,1.463,0.099,6.49,477498,466214,232,360,10626,67677,1629563.6,5724.6,0.984,0.005,0.005,0.004,0.002,567,16.92,11.96,1.01,3.92,0.54,2.52,0.48,2.74,14.89,10.80,0.01,0.17,0.032,0.104,611,0.103,0.476,0.016,0.000,0.508,477069,475744,1,0.871,0.129,0.078,1305656,0.019,0.534,0.004,163.22,135840,328,0.085,0.369,0.000,1773428,1.29,11.32,0.015,0.028,0.007,6,14,31,64,434,31,0.28,0.0050
470000,2236,1.408,0.102,5.68,493539,477520,280,8,15699,6447,1643437.4,417.9,0.990,0.002,0.003,0.003,0.002,626,15.97,9.14,0.26,2.43,0.29,2.12,0.14,1.28,15.28,8.70,0.01,0.19,0.015,0.101,430,0.096,0.436,0.001,0.000,0.563,493109,492501,2,0.998,0.000,0.017,652873,0.020,0.526,0.005,163.29,127596,29,0.065,0.875,0.000,767253,1.06,10.61,0.009,0.007,0.003,7,16,24,64,415,29,0.21,0.0048
480000,2314,1.391,0.088,6.21,497310,481417,299,16,15500,6635,1632238.8,378.3,0.985,0.003,0.004,0.004,0.003,621,15.23,9.43,0.44,2.65,0.40,2.82,0.14,1.80,14.25,9.04,0.02,0.16,0.019,0.111,453,0.071,0.453,0.001,0.000,0.545,496889,496292,1,0.728,0.272,0.013,631795,0.024,0.476,0.003,163.34,131373,102,0.057,0.562,0.000,994971,1.15,9.80,0.009,0.014,0.011,6,13,24,64,440,34,0.17,0.0049
490000,2406,1.370,0.090,6.10,496902,481422,236,15,15137,5508,1651767.1,207.1,0.984,0.004,0.005,0.004,0.003,656,14.40,9.04,0.30,2.50,0.37,2.87,0.04,0.72,13.68,8.44,0.01,0.19,0.017,0.110,448,0.140,0.432,0.002,0.000,0.566,496435,495698,1,1.000,0.000,0.005,324287,0.031,0.499,0.004,163.34,128293,69,0.038,0.800,0.000,1008193,1.09,11.20,0.003,0.022,0.003,4,13,25,64,445,26,0.16,0.0050
500000,2350,1.388,0.065,6.21,505957,490998,315,28,14672,7170,1645381.2,573.0,0.989,0.003,0.003,0.003,0.002,577,15.36,8.38,0.60,2.54,0.55,1.77,0.15,1.66,14.06,8.14,0.02,0.20,0.037,0.108,676,0.076,0.425,0.010,0.001,0.564,505542,504798,1,0.514,0.486,0.017,363422,0.031,0.370,0.002,163.37,140199,200,0.080,0.536,0.001,643118,1.19,10.07,0.002,0.050,0.012,6,15,25,64,409,27,0.14,0.0050
510000,2191,1.432,0.065,5.99,497458,484144,268,8,13197,5408,1635703.1,460.6,0.989,0.002,0.003,0.003,0.002,605,16.69,9.40,0.38,2.66,0.19,1.14,0.22,1.90,15.90,8.99,0.02,0.36,0.014,0.085,472,0.088,0.431,0.001,0.000,0.567,497015,496581,1,1.000,0.000,0.024,487799,0.031,0.401,0.003,163.33,141506,24,0.085,1.000,0.000,585593,1.11,9.86,0.005,0.019,0.005,6,15,26,64,420,22,0.18,0.0047
520000,2049,1.542,0.059,5.24,468990,454791,175,1,14165,3814,1642912.1,224.3,0.987,0.003,0.005,0.003,0.002,728,18.98,10.90,0.45,2.98,0.21,2.36,0.25,2.24,18.06,10.72,0.00,0.00,0.007,0.071,452,0.140,0.438,0.002,0.000,0.560,468424,467872,1,1.000,0.000,0.026,506400,0.031,0.410,0.003,163.33,126949,26,0.059,1.000,0.000,645310,1.15,8.16,0.007,0.003,0.000,6,18,32,64,439,24,0.17,0.0044
530000,2390,1.373,0.046,4.51,485412,468787,232,9,16043,5691,1645999.9,278.3,0.988,0.003,0.004,0.003,0.002,839,13.87,8.98,0.25,1.82,0.25,1.82,0.28,2.22,13.09,8.54,0.01,0.18,0.015,0.103,434,0.079,0.457,0.002,0.000,0.541,484935,484477,1,1.000,0.000,0.028,513821,0.030,0.346,0.002,163.27,108940,63,0.049,0.556,0.000,788093,1.07,10.90,0.001,0.014,0.003,6,11,23,64,442,27,0.24,0.0053
540000,2389,1.388,0.071,4.98,510511,494119,322,8,16063,5374,1645366.5,336.4,0.988,0.003,0.004,0.002,0.002,795,13.72,8.74,0.23,1.74,0.33,2.65,0.26,2.28,12.91,7.93,0.01,0.25,0.016,0.106,448,0.067,0.455,0.002,0.000,0.543,510113,509845,1,1.000,0.000,0.038,590274,0.030,0.495,0.004,163.15,112619,624,0.063,0.625,0.000,676255,1.07,10.48,0.002,0.003,0.002,4,12,24,64,435,31,0.35,0.0053
550000,2369,1.372,0.069,4.17,518885,501406,320,3,17176,6049,1661353.2,420.9,0.990,0.002,0.003,0.002,0.002,800,14.07,9.38,0.42,2.92,0.25,1.91,0.20,2.00,13.20,8.80,0.01,0.13,0.014,0.100,416,0.187,0.460,0.003,0.000,0.537,518537,518268,1,1.000,0.000,0.027,754034,0.031,0.445,0.003,163.24,107148,47,0.070,0.667,0.001,675964,1.11,10.18,0.005,0.023,0.003,6,11,26,64,446,26,0.27,0.0053
560000,2245,1.411,0.073,4.22,507449,490536,359,5,16673,12504,1662775.1,837.3,0.990,0.001,0.003,0.003,0.004,908,15.78,9.39,0.78,3.33,0.22,1.93,0.36,2.82,14.42,8.48,0.01,0.12,0.010,0.081,465,0.095,0.435,0.012,0.000,0.553,507115,506969,1,1.000,0.000,0.033,660719,0.044,0.475,0.004,163.23,100038,228,0.067,0.800,0.001,695997,1.20,10.62,0.004,0.025,0.002,6,14,27,64,422,23,0.27,0.0051
570000,2141,1.500,0.045,4.61,493445,475616,328,7,17598,6749,1634193.4,349.8,0.989,0.002,0.003,0.003,0.003,873,17.78,11.65,0.53,2.79,0.27,2.26,0.67,4.18,16.31,10.70,0.01,0.16,0.012,0.097,521,0.076,0.453,0.005,0.000,0.542,493015,492778,1,1.000,0.000,0.050,596235,0.042,0.367,0.002,163.22,106970,217,0.052,0.571,0.000,589749,1.14,9.50,0.008,0.010,0.004,6,15,34,64,437,27,0.28,0.0047
580000,2191,1.450,0.067,4.18,475454,459934,298,3,15169,6937,1637833.9,466.4,0.988,0.002,0.003,0.004,0.003,863,16.39,11.54,0.56,3.19,0.45,2.93,0.35,2.93,15.03,10.36,0.01,0.22,0.014,0.092,444,0.109,0.456,0.007,0.000,0.536,474973,474592,1,1.000,0.000,0.031,794258,0.036,0.458,0.003,163.19,106309,128,0.067,0.667,0.000,696036,1.17,11.03,0.006,0.021,0.004,5,13,31,64,414,26,0.31,0.0050
590000,2245,1.419,0.069,4.58,477317,460973,193,8,16089,8481,1629519.2,473.9,0.990,0.002,0.004,0.002,0.002,825,16.14,11.12,0.87,3.54,0.16,1.59,0.49,3.34,14.62,9.76,0.01,0.15,0.006,0.054,472,0.101,0.465,0.004,0.000,0.531,476904,476745,1,1.000,0.000,0.047,894793,0.028,0.399,0.002,163.18,117131,115,0.056,0.875,0.000,680342,1.23,12.06,0.006,0.014,0.005,6,13,32,64,432,31,0.33,0.0050
600000,2262,1.431,0.063,5.74,487849,467802,182,13,19835,5321,1637436.9,269.5,0.989,0.002,0.004,0.002,0.002,674,15.49,11.01,0.77,3.78,0.17,1.69,0.27,1.86,14.29,10.48,0.01,0.25,0.006,0.058,548,0.104,0.455,0.003,0.000,0.541,487502,487199,1,1.000,0.000,0.040,910254,0.031,0.408,0.003,163.30,128919,75,0.051,0.769,0.001,461807,1.26,12.96,0.004,0.018,0.004,5,13,32,64,429,27,0.20,0.0051
610000,2198,1.459,0.052,5.98,481273,461850,318,6,19163,3039,1634233.0,176.9,0.991,0.002,0.003,0.002,0.002,621,16.54,10.52,0.78,3.88,0.10,1.40,0.51,2.94,15.16,9.19,0.00,0.16,0.004,0.055,570,0.046,0.444,0.004,0.000,0.552,480922,480409,1,1.000,0.000,0.061,899607,0.024,0.353,0.002,163.25,139552,26,0.058,1.000,0.000,423065,1.22,12.65,0.004,0.007,0.001,5,15,30,64,437,22,0.25,0.0049
620000,2385,1.407,0.047,6.95,507235,486980,233,0,19835,3063,1640664.9,259.6,0.987,0.002,0.004,0.001,0.005,532,14.94,10.21,0.70,3.40,0.09,0.96,0.45,3.06,13.70,9.20,0.01,0.17,0.004,0.042,600,0.077,0.465,0.003,0.000,0.532,506893,506197,1,0.511,0.489,0.046,1149286,0.027,0.355,0.002,163.35,150243,0,0.085,0.000,0.001,403674,1.22,12.97,0.003,0.036,0.002,5,11,29,64,458,23,0.15,0.0050
630000,2567,1.316,0.042,6.80,513612,494623,437,16,18354,3789,1625046.5,256.7,0.989,0.003,0.003,0.001,0.004,486,12.44,8.36,0.58,2.72,0.22,1.71,0.66,3.44,10.99,7.08,0.01,0.19,0.009,0.067,533,0.176,0.467,0.003,0.000,0.531,513285,512606,2,0.762,0.000,0.081,1425715,0.020,0.351,0.002,163.34,159126,181,0.068,0.625,0.000,273285,1.18,14.13,0.001,0.010,0.005,5,10,23,64,433,28,0.16,0.0058
640000,2263,1.401,0.036,5.55,519443,502159,340,9,17239,7311,1625766.0,384.6,0.987,0.004,0.003,0.001,0.006,561,15.71,10.29,0.81,3.91,0.30,1.73,0.56,3.63,14.04,9.05,0.01,0.20,0.014,0.086,505,0.113,0.425,0.006,0.000,0.569,519159,518873,1,0.691,0.309,0.048,1733365,0.023,0.306,0.002,163.31,149525,154,0.053,0.667,0.000,491270,1.27,12.74,0.006,0.015,0.004,6,15,28,64,358,29,0.19,0.0051
650000,2201,1.472,0.037,5.04,498987,480837,235,7,17970,5027,1640554.0,320.6,0.987,0.004,0.003,0.001,0.005,676,16.25,10.70,1.30,5.01,0.43,2.69,0.54,3.40,13.99,8.95,0.01,0.20,0.014,0.082,429,0.079,0.453,0.005,0.000,0.543,498443,497946,1,1.000,0.000,0.044,1314336,0.026,0.289,0.001,163.38,128390,109,0.064,0.429,0.000,252265,1.44,12.08,0.010,0.005,0.005,7,13,28,64,441,30,0.13,0.0053
660000,2260,1.446,0.047,4.55,486037,467969,252,6,17751,4307,1628206.1,284.0,0.987,0.004,0.004,0.002,0.003,798,15.72,9.70,0.88,2.87,0.33,2.41,0.56,3.39,13.95,9.08,0.03,0.35,0.018,0.115,428,0.082,0.448,0.006,0.000,0.546,485450,484907,1,1.000,0.000,0.079,1057743,0.027,0.354,0.002,163.32,110349,428,0.066,0.167,0.000,217835,1.31,12.01,0.006,0.009,0.007,6,14,26,64,420,27,0.19,0.0052
670000,2097,1.507,0.051,4.93,455274,440952,260,24,14201,10553,1630494.5,850.5,0.989,0.003,0.003,0.003,0.003,835,18.35,10.68,0.94,3.18,0.36,2.15,0.64,3.65,16.41,9.99,0.03,0.33,0.014,0.075,578,0.065,0.444,0.018,0.002,0.536,454810,454476,1,1.000,0.000,0.062,1865669,0.021,0.384,0.003,163.20,108009,295,0.081,0.542,0.002,227982,1.28,11.13,0.004,0.047,0.009,7,18,32,64,431,23,0.30,0.0047
680000,2420,1.368,0.032,4.83,490060,474835,199,16,14687,11658,1609859.2,731.1,0.991,0.002,0.003,0.002,0.003,771,14.04,8.93,0.84,3.81,0.36,2.09,0.81,3.69,12.03,8.12,0.01,0.13,0.018,0.098,572,0.076,0.455,0.011,0.000,0.534,489638,489437,1,1.000,0.000,0.099,1832500,0.022,0.262,0.001,163.28,119327,260,0.063,0.375,0.001,258653,1.32,12.97,0.003,0.019,0.003,6,12,27,64,460,32,0.23,0.0055
690000,2252,1.434,0.041,5.05,485000,470697,356,10,14105,9107,1623831.1,625.3,0.989,0.003,0.003,0.002,0.003,768,15.89,8.93,1.07,3.93,0.19,1.50,0.45,2.67,14.18,7.98,0.00,0.16,0.011,0.083,575,0.110,0.434,0.014,0.000,0.552,484608,484433,1,1.000,0.000,0.059,2272705,0.020,0.326,0.002,163.33,124375,17,0.069,1.000,0.000,268605,1.35,11.25,0.003,0.014,0.001,6,14,26,64,430,24,0.18,0.0051
700000,2319,1.399,0.028,4.35,488974,472992,202,151,15562,11644,1627678.1,1009.1,0.987,0.004,0.003,0.002,0.003,748,15.13,10.74,0.72,3.30,0.16,1.46,0.77,3.72,13.48,9.71,0.01,0.19,0.010,0.086,526,0.087,0.466,0.006,0.000,0.528,488506,488133,1,1.000,0.000,0.102,2056697,0.019,0.261,0.001,163.34,123701,231,0.087,0.623,0.000,282525,1.24,12.97,0.006,0.074,0.003,5,13,28,64,428,32,0.16,0.0052
710000,2400,1.361,0.037,4.14,495144,478422,394,23,16224,14505,1620556.9,841.7,0.988,0.003,0.003,0.002,0.003,823,14.35,8.81,0.93,4.25,0.28,2.01,0.73,3.65,12.41,7.70,0.01,0.21,0.016,0.113,447,0.179,0.459,0.002,0.000,0.538,494727,494575,1,1.000,0.000,0.116,1664754,0.020,0.320,0.002,163.29,112145,230,0.058,0.522,0.000,381265,1.33,12.78,0.004,0.029,0.005,6,13,22,64,447,32,0.22,0.0054
720000,2314,1.376,0.037,4.48,492924,475953,291,9,16757,9038,1644031.9,520.1,0.987,0.003,0.003,0.003,0.004,873,15.37,10.02,0.84,3.98,0.45,2.94,0.64,3.12,13.44,8.56,0.00,0.05,0.014,0.086,451,0.126,0.464,0.006,0.000,0.530,492449,492097,1,1.000,0.000,0.150,2626120,0.018,0.294,0.001,163.32,105745,103,0.058,0.667,0.000,317774,1.30,12.91,0.005,0.018,0.001,6,13,27,64,421,26,0.18,0.0053
730000,2146,1.485,0.025,4.33,464851,450823,215,8,13973,9806,1649774.6,521.0,0.980,0.006,0.004,0.004,0.005,899,17.97,11.36,0.58,3.38,0.43,3.27,0.79,3.30,16.16,10.49,0.02,0.26,0.013,0.094,475,0.077,0.431,0.004,0.000,0.565,464238,464003,1,1.000,0.000,0.136,4615365,0.016,0.211,0.001,163.35,105997,25,0.053,0.875,0.000,445588,1.16,10.82,0.014,0.019,0.005,7,15,31,64,448,25,0.16,0.0048
740000,2140,1.513,0.030,4.78,469681,456660,270,10,12747,5595,1637870.1,359.6,0.983,0.005,0.004,0.003,0.005,833,17.45,11.20,0.63,3.45,0.23,1.86,0.41,2.72,16.18,10.32,0.01,0.15,0.009,0.067,565,0.087,0.454,0.003,0.000,0.543,469104,468685,1,1.000,0.000,0.054,2401930,0.023,0.276,0.001,163.34,112710,407,0.064,0.400,0.000,315492,1.18,10.41,0.007,0.014,0.004,6,16,30,64,434,25,0.16,0.0047
750000,2177,1.468,0.040,4.60,488794,472016,265,1,16475,3759,1631112.0,181.2,0.984,0.005,0.005,0.002,0.004,731,17.07,11.64,0.70,3.91,0.84,4.01,0.47,2.66,15.05,10.01,0.01,0.23,0.032,0.134,639,0.070,0.447,0.002,0.001,0.550,488322,487946,1,1.000,0.000,0.056,1585437,0.027,0.354,0.002,163.25,125598,445,0.048,0.000,0.001,439445,1.20,10.92,0.006,0.019,0.005,6,14,32,64,448,27,0.26,0.0050
760000,2286,1.425,0.040,4.50,504492,488511,248,13,15611,9880,1647242.9,699.4,0.988,0.003,0.003,0.003,0.003,784,15.68,11.60,0.94,3.92,0.49,3.28,0.66,3.76,13.58,9.76,0.02,0.27,0.020,0.106,542,0.093,0.450,0.016,0.001,0.533,504050,503585,1,1.000,0.000,0.067,1316536,0.021,0.325,0.002,163.16,123613,43,0.071,0.846,0.001,755323,1.25,12.20,0.013,0.038,0.005,6,12,29,64,439,26,0.34,0.0053
770000,2474,1.327,0.049,3.86,504553,485974,265,15,18111,5799,1635382.0,346.7,0.990,0.003,0.002,0.003,0.003,844,13.14,8.56,0.49,3.90,0.45,2.80,0.29,2.84,11.91,7.40,0.00,0.15,0.027,0.146,355,0.162,0.451,0.001,0.000,0.548,504125,503932,1,1.000,0.000,0.026,740219,0.034,0.390,0.003,163.24,107388,58,0.060,0.667,0.000,414817,1.17,14.15,0.004,0.019,0.001,6,12,20,64,436,34,0.27,0.0056
780000,2524,1.337,0.043,3.70,521666,501302,405,37,19872,5692,1638697.2,418.2,0.989,0.003,0.002,0.002,0.004,940,12.89,9.58,0.35,2.98,0.21,2.05,0.33,3.30,11.99,8.36,0.01,0.22,0.010,0.085,364,0.161,0.462,0.004,0.000,0.533,521222,521114,1,1.000,0.000,0.021,882154,0.033,0.348,0.002,163.35,106713,236,0.073,0.595,0.000,507891,1.10,14.62,0.006,0.011,0.002,5,11,23,64,449,28,0.15,0.0054
790000,2282,1.415,0.057,3.83,504209,485988,174,55,18234,9059,1647464.4,838.7,0.988,0.003,0.002,0.003,0.004,990,14.97,10.13,0.50,3.14,0.32,2.89,0.29,2.73,13.86,9.07,0.01,0.24,0.015,0.105,505,0.105,0.456,0.008,0.001,0.535,503826,503757,1,1.000,0.000,0.028,931932,0.031,0.432,0.003,163.18,104523,205,0.093,0.527,0.001,581117,1.16,12.51,0.007,0.028,0.004,6,12,28,64,443,23,0.33,0.0052
800000,2462,1.352,0.064,4.23,511531,495029,238,33,16051,11550,1661232.4,858.8,0.988,0.003,0.002,0.003,0.003,896,14.05,8.31,0.55,2.68,0.23,2.48,0.25,1.99,13.02,7.51,0.01,0.19,0.007,0.064,549,0.115,0.442,0.015,0.000,0.542,511157,511008,1,1.000,0.000,0.038,858980,0.035,0.457,0.004,163.25,109214,32,0.074,0.818,0.000,577177,1.17,13.73,0.002,0.027,0.002,6,12,24,64,446,31,0.25,0.0052
810000,2459,1.354,0.068,4.10,518156,502607,321,9,15222,14776,1634474.0,1161.5,0.990,0.003,0.002,0.003,0.002,880,13.83,8.10,0.78,3.44,0.15,1.30,0.51,2.73,12.39,7.66,0.00,0.10,0.007,0.063,523,0.128,0.451,0.011,0.000,0.538,517776,517672,1,1.000,0.000,0.057,862488,0.031,0.464,0.004,163.21,128920,119,0.079,0.444,0.000,541897,1.30,14.08,0.004,0.043,0.002,6,12,21,64,424,29,0.30,0.0054
820000,2230,1.422,0.085,4.74,495147,481587,213,41,13535,15510,1650586.9,1048.2,0.989,0.003,0.002,0.003,0.003,923,16.59,9.91,0.81,4.43,0.33,2.44,0.30,1.90,15.15,9.12,0.00,0.03,0.018,0.110,516,0.051,0.434,0.003,0.000,0.564,494765,494629,1,1.000,0.000,0.038,1183405,0.029,0.526,0.005,163.09,127153,445,0.068,0.415,0.000,446085,1.27,12.91,0.005,0.026,0.001,5,16,26,64,428,23,0.42,0.0049
830000,2202,1.454,0.074,4.71,478933,466916,300,9,11736,7184,1647234.2,565.2,0.987,0.004,0.003,0.002,0.004,845,16.68,9.55,0.44,2.72,0.31,2.34,0.76,2.87,15.17,8.84,0.01,0.23,0.011,0.075,488,0.098,0.437,0.002,0.000,0.560,478500,478269,1,1.000,0.000,0.117,2149279,0.018,0.481,0.004,163.13,136588,397,0.079,0.556,0.001,406780,1.15,12.31,0.006,0.011,0.004,7,15,27,64,435,27,0.37,0.0049
840000,2238,1.417,0.054,4.84,497223,482679,253,2,14253,3544,1655123.1,218.5,0.989,0.003,0.003,0.002,0.003,843,15.66,8.96,0.28,2.39,0.16,1.71,0.37,2.19,14.84,8.70,0.00,0.11,0.007,0.063,435,0.115,0.448,0.000,0.000,0.552,496764,496571,1,1.000,0.000,0.074,3068908,0.011,0.365,0.002,163.27,130164,144,0.062,0.500,0.000,413809,1.10,12.50,0.005,0.004,0.001,7,14,24,64,430,27,0.23,0.0050
850000,2345,1.375,0.055,5.31,496698,483409,328,4,12850,3864,1657141.8,236.3,0.988,0.003,0.003,0.002,0.003,713,15.20,8.34,0.21,1.90,0.44,2.59,0.62,3.38,13.94,7.35,0.01,0.16,0.016,0.079,476,0.104,0.432,0.000,0.000,0.568,496254,495994,1,0.743,0.257,0.094,1581515,0.019,0.379,0.002,163.32,135215,39,0.061,0.750,0.000,483466,1.07,12.73,0.004,0.014,0.002,7,14,22,64,434,24,0.19,0.0051
860000,2433,1.347,0.029,7.28,518376,504667,281,0,13340,3039,1637097.0,160.5,0.985,0.003,0.004,0.004,0.004,578,13.77,7.70,0.39,2.67,0.21,2.05,0.23,1.56,12.94,6.95,0.01,0.21,0.007,0.060,539,0.061,0.448,0.002,0.000,0.550,517940,517121,1,0.473,0.527,0.044,1914850,0.016,0.228,0.001,163.35,157215,0,0.053,0.000,0.000,626195,1.13,13.40,0.001,0.017,0.002,7,12,22,64,449,30,0.16,0.0052
870000,2416,1.390,0.037,6.63,511901,499844,214,4,11856,4710,1639870.8,341.4,0.982,0.004,0.004,0.005,0.005,542,14.13,7.79,0.34,2.14,0.17,1.48,0.45,2.15,13.17,6.95,0.01,0.22,0.009,0.071,549,0.058,0.447,0.002,0.000,0.550,511439,510446,3,0.501,0.257,0.117,986571,0.026,0.304,0.001,163.31,170767,8,0.072,1.000,0.000,650331,1.09,12.45,0.002,0.005,0.003,6,12,22,64,451,25,0.20,0.0052
880000,2443,1.389,0.047,6.60,501460,490270,242,0,10921,3661,1628410.9,175.5,0.988,0.003,0.003,0.003,0.003,539,13.86,8.98,0.21,1.39,0.36,2.34,0.59,3.12,12.71,8.18,0.00,0.13,0.014,0.077,616,0.077,0.461,0.003,0.000,0.536,500930,500105,2,0.736,0.000,0.078,2648488,0.018,0.386,0.003,163.36,162355,0,0.048,0.000,0.000,450849,1.06,12.55,0.002,0.014,0.002,6,13,22,64,434,29,0.15,0.0052
890000,2251,1.423,0.043,5.98,492005,482009,286,13,9889,10326,1635025.2,639.8,0.985,0.004,0.003,0.003,0.004,672,16.44,11.47,0.73,4.43,0.41,2.29,0.67,3.92,14.63,9.65,0.02,0.26,0.015,0.080,613,0.096,0.454,0.006,0.000,0.539,491459,490687,2,0.726,0.019,0.064,1662108,0.019,0.360,0.003,163.27,152038,134,0.062,0.462,0.001,532454,1.19,11.16,0.006,0.032,0.007,5,14,33,64,430,24,0.24,0.0050
900000,2090,1.465,0.029,5.65,467989,457825,154,9,10162,20250,1634294.0,1309.7,0.981,0.005,0.004,0.004,0.006,719,17.15,10.38,0.55,3.22,0.31,2.37,0.27,2.17,16.02,9.69,0.01,0.28,0.011,0.084,717,0.049,0.437,0.008,0.003,0.552,467479,466643,2,0.705,0.016,0.030,915262,0.025,0.274,0.001,163.19,144433,623,0.065,0.444,0.004,591064,1.16,10.75,0.006,0.144,0.003,6,15,30,64,365,41,0.32,0.0049
910000,2368,1.399,0.050,5.20,479051,466671,223,18,11861,22016,1630091.9,1542.1,0.981,0.004,0.004,0.006,0.005,778,14.36,9.73,0.54,3.19,0.47,3.13,0.29,1.99,13.05,8.48,0.02,0.28,0.017,0.092,648,0.049,0.467,0.005,0.000,0.528,478529,477529,2,0.772,0.000,0.038,1220237,0.035,0.406,0.003,163.12,143342,67,0.070,0.833,0.000,626885,1.16,12.49,0.003,0.033,0.007,6,12,27,64,445,23,0.38,0.0053
920000,2302,1.394,0.049,5.40,490559,477065,244,7,13309,9599,1620519.4,745.6,0.984,0.003,0.004,0.005,0.004,775,14.95,9.61,0.41,2.85,0.20,1.54,0.23,2.18,14.11,8.79,0.00,0.08,0.010,0.072,540,0.065,0.442,0.003,0.000,0.556,490058,489465,1,1.000,0.000,0.033,1156635,0.027,0.380,0.003,163.12,143444,255,0.078,0.286,0.000,561965,1.12,11.84,0.005,0.006,0.002,6,14,26,64,430,26,0.39,0.0050
930000,2303,1.402,0.057,5.96,485234,474586,296,7,10344,7174,1629308.5,480.5,0.986,0.002,0.003,0.005,0.004,759,15.48,9.84,0.29,2.42,0.38,2.57,0.27,2.13,14.53,8.92,0.01,0.17,0.021,0.119,665,0.051,0.462,0.003,0.000,0.535,484701,484186,1,0.743,0.257,0.036,1027146,0.023,0.413,0.003,163.16,147465,43,0.067,0.857,0.000,522031,1.08,11.11,0.002,0.027,0.003,6,14,25,64,442,26,0.35,0.0049
940000,2177,1.459,0.074,6.64,484500,473200,209,8,11209,4195,1631549.6,326.9,0.988,0.002,0.003,0.004,0.003,718,17.17,10.45,0.51,3.14,0.28,2.26,0.38,2.30,16.00,9.74,0.02,0.29,0.012,0.083,661,0.062,0.447,0.001,0.000,0.552,483942,483168,1,0.516,0.484,0.047,847283,0.027,0.462,0.004,163.23,154513,236,0.078,0.375,0.000,521741,1.14,10.44,0.003,0.007,0.008,6,16,28,64,436,26,0.27,0.0047
950000,2319,1.400,0.072,7.26,498068,484869,205,11,12841,3763,1623573.4,233.3,0.985,0.003,0.004,0.004,0.004,647,15.36,10.26,0.40,2.28,0.16,1.73,0.36,2.89,14.44,9.38,0.01,0.16,0.006,0.058,532,0.080,0.461,0.000,0.000,0.539,497573,496840,2,0.307,0.449,0.031,880828,0.026,0.498,0.004,163.02,164075,184,0.062,0.636,0.000,496352,1.10,12.13,0.006,0.005,0.003,6,12,26,64,444,31,0.48,0.0048
960000,2158,1.432,0.064,6.31,470630,457340,166,5,13280,1603,1625710.6,101.9,0.982,0.003,0.005,0.003,0.007,748,16.61,9.96,0.42,2.33,0.40,2.38,0.42,2.74,15.37,9.27,0.01,0.14,0.017,0.090,670,0.044,0.452,0.002,0.000,0.545,470056,469299,1,1.000,0.000,0.082,894158,0.029,0.473,0.004,162.87,154026,101,0.064,0.800,0.000,624347,1.13,11.04,0.007,0.011,0.005,7,14,27,64,437,22,0.64,0.0049
970000,2354,1.385,0.035,5.86,491765,474338,239,7,16985,3178,1634524.6,200.0,0.983,0.005,0.004,0.002,0.006,831,14.84,8.36,0.57,3.00,0.26,1.59,0.49,2.77,13.52,7.59,0.00,0.07,0.015,0.098,605,0.073,0.456,0.003,0.000,0.540,491247,490682,1,0.743,0.257,0.055,1361465,0.023,0.323,0.002,163.18,143753,212,0.063,0.286,0.000,475229,1.16,12.09,0.002,0.006,0.001,6,13,25,64,457,30,0.33,0.0051
980000,2257,1.431,0.056,5.47,485814,468530,279,23,17079,4738,1629783.8,344.7,0.987,0.003,0.003,0.003,0.004,897,15.91,9.00,0.61,2.66,0.15,1.48,0.42,2.48,14.73,8.50,0.00,0.10,0.005,0.052,498,0.070,0.425,0.007,0.000,0.568,485313,484985,2,0.714,0.000,0.063,1172033,0.030,0.416,0.003,163.26,136470,152,0.073,0.478,0.000,355951,1.16,10.65,0.004,0.010,0.002,6,15,26,64,443,26,0.24,0.0049
990000,2359,1.393,0.030,5.65,496082,480596,349,11,15024,4313,1651830.8,361.4,0.986,0.003,0.003,0.004,0.004,886,15.18,8.14,0.62,3.16,0.27,2.20,0.57,2.76,13.72,7.42,0.01,0.09,0.014,0.093,663,0.067,0.431,0.003,0.000,0.566,495619,495094,1,0.769,0.231,0.085,1467880,0.031,0.287,0.001,163.33,138836,82,0.084,0.636,0.000,486598,1.20,11.13,0.002,0.014,0.004,7,13,23,64,433,29,0.18,0.0051
1000000,2189,1.478,0.043,6.17,484059,471888,297,20,12024,4991,1627415.9,425.0,0.988,0.003,0.003,0.003,0.004,822,17.50,12.07,1.12,4.40,0.68,3.37,0.76,3.52,14.93,8.52,0.05,0.44,0.024,0.106,552,0.095,0.446,0.003,0.001,0.550,483542,483019,1,0.757,0.243,0.116,2402984,0.018,0.358,0.002,163.33,144053,160,0.085,0.500,0.001,293451,1.28,10.10,0.012,0.010,0.018,7,14,34,64,445,33,0.17,0.0050
